type,recording,context
same word twice in a row,salon-008,such were good in Instagram I realized that I had much much to learn because I saw things that I knew never k
same word twice in a row,salon-008, never knew that people could do and I was really eager eager to learn a lot because yeah I honestly discovered
sentence starts with a lowercase letter,salon-008,Me find my Instagram. Okay. Okay. Okay. Okay. ity. Just let the other members know where you're c
same word twice in a row,salon-008,mething that's been. We've been doing for several years years now we've just never had it had a way to say what
same word twice in a row,salon-008,"ement. I was not mixing.  I mean, like converting after after changing the digital effect. I'm not converting. "
same word twice in a row,salon-008,this is just me you know and something that has a deeper deeper something going on with it that has to be done th
same word twice in a row,salon-008," for promotional costs for promotion of the show. Once once there's something finalized for the dates, you kn"
same word twice in a row,salon-008,"y as far as like people have asked me, well, does Kunstmatrix Kunstmatrix accept placement of looping videos? I don't actua"
same word twice in a row,salon-009,th you know with machines and this is not an 2015 called called sensible concepts and this was a piece that I cal
same word twice in a row,salon-009,"sically, this is an ongoing project that I've had called called personal taxonomies, which is currently about 600"
a / an mismatch,salon-009,n doing and really trying to look at it almost in a illustrative design quality. But also the thing is
same word twice in a row,salon-009, matter with respect you know it's more of like a playful playful exploration not like you know not trying to be in
same word twice in a row,salon-009,nity I'm just designing a multi-level gallery and every every student gets a room that is this big to set up ho
same word twice in a row,salon-009,kes sense as far as five artists roughly five ish minutes minutes per artist and then intros and then sort of a you
same word twice in a row,salon-010, This one's called Thinking Too Much.  This piece actually actually was part of a collaboration that I've been doing 
same word twice in a row,salon-010,"re all of these other ones kind of came from. And aspire aspire beauty was kind of that, that like that point whe"
same word twice in a row,salon-010," on the platform. I wasn't aware of that, but I'm getting getting a little bit into that. So some there will be som"
same word twice in a row,salon-010,"xchange, they're giving us sort of like a premium plus plus plus package would like, you know, so that'll all"
same word twice in a row,salon-010," collab in the title or want to participate, what something something to let me know that you want to participate in th"
same word twice in a row,salon-010,tually show you what that looks like too you guys seen seen a screen yes yeah okay so let me just yeah okay l
a / an mismatch,salon-011,"iter. I'm a writer and a writer. I'm a writer and a artist and professor based in Alabama, working at "
same word twice in a row,salon-011,ose corsets and meaning what is behind. So I just quickly quickly tell it again. So there's something important in 
same word twice in a row,salon-011,"physical space that is like, you know, I actually put put a feeler out to a coder whose work that I found o"
same word twice in a row,salon-011,g and it's going to be smoother and more seamless each each go around because training wheels kind of yeah Da
same word twice in a row,salon-011,ning wheels kind of yeah Davo do you envision the each each installment being up for a month basically so if 
a / an mismatch,salon-011,"s see here. Matej is that... Well, it's here. I'm a intermediate artist in the kind of the Higgins tra"
a / an mismatch,salon-012,"ay. After the presentations, we will have kind of a introduce yourself, general discussion kind of tim"
same word twice in a row,salon-012," bringing what I see as a digital visual language into into painting. Hey Carter, I don't mean to interrupt, "
same word twice in a row,salon-012,t or maybe unplug your mic if it's external or oh zoom zoom's a zoom's a fun creature sometimes and technolog
same word twice in a row,salon-012,"ean, I know this sounds very romantic and kind of woo woo. But what the hell, man, that's where I went. I r"
same word twice in a row,salon-012," the structures are surrounded by.  You know, the plastic plastic and air in a very basic kind of way. It is, you c"
a / an mismatch,salon-012,of the building and all that stuff. And there was a utopian moment. We were going to live in plastic h
same word twice in a row,salon-012,nowhere so.  It just shows that when you're doing anything anything authentic and interesting comes up it's a threat 
sentence starts with a lowercase letter,salon-012,"f you.  And there was one last related... Oops... ities. … Seemed almost figurative. Like you could, "
same word twice in a row,salon-012,rect and when as was being shown.  Earlier with a beautiful beautiful bubble chamber. And I don't know what you what I'
same word twice in a row,salon-012,"fit data on there. So we created a 3D interactive environment environment, fully immersive, that was based around the group"
doubled punctuation,salon-012,you'll see that these are the results of the ities.. These are things that you would never see as a re
same word twice in a row,salon-013,"be this is a door that's going to open a lot more than than than just what we're seeing today.  I mean, I thi"
same word twice in a row,salon-013,", along with all the gallery visits, and many our discussions discussions and even arguments lead me to a whole new underst"
same word twice in a row,salon-013, it's all different thing or I was hearing to our dialogue dialogue with Ross who I think she helped me a lot to feel
a / an mismatch,salon-013,"a part of a bigger picture and start to exist. As a independent, beautiful existence themselves when y"
same word twice in a row,salon-013,"se you can get them on Amazon. That online place, Ali Ali. Ali express or Alibaba. That's it. Yes. So I've "
same word twice in a row,salon-013,"use I'm literally like on my devices all the time thinking thinking and talking about this stuff.  And, you know, it'"
same word twice in a row,salon-013,nto a corporation but the fact that you have that experience experience and a lot of us have talked about how we work in 
same word twice in a row,salon-014,Fun all right welcome welcome to our what's this 14 13th 14th I think it's is i
same word twice in a row,salon-014,the schedule so stay tuned for that yeah and what welcome welcome and thanks for being here I think I'm going to no
a / an mismatch,salon-014, 10 15 ish or so minutes have a little bit of a q a after that and then following that we're going to 
a / an mismatch,salon-014,a lot of years of photography I had a business as a analog photographer I used black and white and inf
same word twice in a row,salon-014," was able to do that. Like Sherry, I'm pretty low tech tech, so I don't... This was done on word processing a"
same word twice in a row,salon-014,n c which is a very you know kind of like a cross-platform platform so to speak for nfts that indexes all the differe
same word twice in a row,salon-014,hat want to participate so yeah I'm keeping track great great that sounds good yeah I don't think any of us who
same word twice in a row,salon-014,e and be in you know and be able to chat about it next next time we have I believe it's so we have Andrea Bon
same word twice in a row,salon-014,in an auction in hong kong but I believe the drop happened happened on nifty gateway is pretty remarkable shocking ac
same word twice in a row,salon-014,ause right now what's happening is you have these curated curated platforms well rare rareables not really curated 
same word twice in a row,salon-014, initial gas fee thanks to sue buyer she actually let let let us know about that you know so I jumped on an
same word twice in a row,salon-014, it's the wallet that's used to for the contracts rarible rarible does the same same thing I have two minutes on ra
same word twice in a row,salon-014,sed to for the contracts rarible rarible does the same same thing I have two minutes on rareable and like 13 
same word twice in a row,salon-014,so like you know I think that's also a big reason why why nft people are gravitating towards twitter and al
same word twice in a row,salon-014,e sort of like a disclaimer.  Yeah. It's like the Wild Wild West right now. It really is. And I think you kno
same word twice in a row,salon-014,g time so it's nothing new it's nothing native to digital digital art you know what I mean it might be the dealer y
same word twice in a row,salon-014,ing curated platforms and verification procedures yep yep yep I agree that a lot of the controversial issue
same word twice in a row,salon-014,istributed whatever percentage to the gallery and whatever whatever percentage to the artist without any hassle whats
a / an mismatch,salon-014, I mean it's not a new story it is literally just a another way to market like that is that is a marke
a / an mismatch,salon-014,ebrity would even take one like I think there was a issue that happened with like chris brown a couple
doubled punctuation,salon-014,"ey're, they're getting ready to do a public option,, option.  And they, and I guess as a result of the"
same word twice in a row,salon-015, out of each strand of wool and the point of this hundred hundred minute work is that none of these moments repeat 
same word twice in a row,salon-015,is ideas this one's four hours long again there's every every moment is unique through the whole work and that'
same word twice in a row,salon-015,ill be on the itunes app store a little bit retro making making that work artwork app in a sense but it's an exci
same word twice in a row,salon-015,came very ordered and now we've all got access to incredibly incredibly precise time and with digital clocks and watches 
same word twice in a row,salon-015,"I walk up and say, so what do you think?  But the word word mesmerizing comes up, you know, the idea of being"
same word twice in a row,salon-015, paper putting that on a permanent substrate yeah sure sure sure sure sure now speaking of patrick yeah I kno
same word twice in a row,salon-015,ting that on a permanent substrate yeah sure sure sure sure sure now speaking of patrick yeah I know now we'r
same word twice in a row,salon-015,he stuff that I was doing with machine drawing in during during graduate school so I think what's interesting is 
same word twice in a row,salon-015,"nd, you know, he's been doing some stuff with the wilted wilted wilted also have a interview coming up because I "
a / an mismatch,salon-015,ome stuff with the wilted wilted wilted also have a interview coming up because I actually did an inte
space before punctuation,salon-016,"building sometime this summer. And this is Quaft.  . Oh, this is Fame. Sorry. Wrong one. Let me stop t"
same word twice in a row,salon-016," Kodak lumen. Can you see I'm trying to see if my camera camera has my thing. Anyway, but this Kodak Luma 350 and"
same word twice in a row,salon-016,and to really expand your expression.  It's has a looks looks great. Yeah. It's a lot of potential coming acros
doubled punctuation,salon-016,r story. And her interaction with other characters.. And I think it's a really good one.  And I think 
same word twice in a row,salon-016,"Next up is Gary Mike Mike All right, I guess Do the share screen All right,"
same word twice in a row,salon-016,ks Or you go in and manipulate the photograph and paint paint and the colors and the richness that you want and
same word twice in a row,salon-016,I couldn't tell but I assumed that you had either beveled beveled some of your layers or added some shadows in ther
a / an mismatch,salon-016,for me and it's like you know it's not as much of a away from the room thing as it is it's not as much
doubled punctuation,salon-016,"ing. And that, it seems like it's a constant fight.. To get it one way or the other. This one is, Sham"
same word twice in a row,salon-016,"you know, synergy of visibility, kind of like the NFT NFT show being during freeze, you know. So in other w"
same word twice in a row,salon-016,"s kind of different. So what happened is, is that last last edition we had we had, you know, we had what we c"
a / an mismatch,salon-016,"tle bit, folks.  This is a CD I did in 1995. It's a animated piece called ""'The World's Greatest Bar C"
a / an mismatch,salon-016,do is he's trying to build a he's trying to build a artist's social media platform.  And that in the e
a / an mismatch,salon-016,d and the world.  I just did. I'm just coming off a almost ending two week writers conference here in 
doubled punctuation,salon-016,"to put out there that, you know, like Patrick just,, did his first interview with Greg Little, who is "
a / an mismatch,salon-017,"y, but most of it is fairly basic math. It's just an part of the problem could be that my coding style "
same word twice in a row,salon-017,", Ethereum is so cost and effective for people to start start throwing their hat in the ring for getting into p"
same word twice in a row,salon-017,set my site up. It's a WordPress based site. So I use use WooCommerce as an e-commerce platform. And it's j
doubled punctuation,salon-017,"ers real name was Leonard Sly. See, he wasn't real.. And I know he had an interesting interaction with"
doubled punctuation,salon-017,acking? I didn't quite catch that. Nonfungible.com..com. Okay. Fabulous. Yeah. Yeah. They do every... 
same word twice in a row,salon-018,"onding to you. So you feel, you feel confused and disoriented disoriented in between those things.  And like at the end, ar"
same word twice in a row,salon-018,"versity digital storytelling lab is like a really amazing amazing place. If you guys never got in touch with them, "
same word twice in a row,salon-018,eces thank you so much for this actually a really lovely lovely question so I'm going to use it in the second sta
same word twice in a row,salon-018,yone is interested in presenting or oh we do have lee lee musgrove wanted to present also next time so yeah
same word twice in a row,salon-019,erent and here is a quick oops what did I just do here here's a very quick video of that presupích So that gi
a / an mismatch,salon-019, piece was over 13 14 minutes so that's a kind of a image of the wall in my studio the kind of ideatio
same word twice in a row,salon-019,you know hopefully maybe you know this is just an amazing amazing opportunity for all of us I think you're gonna ha
a / an mismatch,salon-019,here's ones written almost from a you know almost a alliterative you know perspective and I think the 
a / an mismatch,salon-020,"cilitate that, please raise your hand if you have a audio question that you want to ask. And then I'll"
same word twice in a row,salon-020,"sual music or, you know, it's an, a known unknown form form idiom. It has its own history. A lot of amazing w"
same word twice in a row,salon-020,"r those of us who have been sort of been involved near Near the beginnings of these things, the limitations.."
same word twice in a row,salon-020,ment that actually is a cosmic happening you know every every second is it is we're in the inside this you know
same word twice in a row,salon-020,ofessional photographers here and there thank you sure sure all right thank you for your question michael and
a / an mismatch,salon-020,"mple of that. This is that same scene rendered in a illustrator-like application called Artworks, whic"
a / an mismatch,salon-020,er I'm doing is kind of like just a little bit of a almost like a haiku or a poem as a subset of that 
same word twice in a row,salon-020,built in Manhattan like for playground structures Tommy Tommy that's you we're asking you Tom I'm sorry I'm sor
same word twice in a row,salon-020,se I've been familiar with your work for you know since since early 90s and that sort of thing so it's really g
same word twice in a row,salon-020,I think one of the things that I find like really paradoxical paradoxical about it is it's literally just circles. It's lik
same word twice in a row,salon-021,n't scared because I was like three feet from the boat boat if I'd been really far away.  But I was really cl
same word twice in a row,salon-021,media has become so rapid and fluid that you know things things like this community have you know have re-engaged
same word twice in a row,salon-021, I go to japan every year of course I've lived in france france is not a different not different I mean it's like
same word twice in a row,salon-021,etimes you know there's this feeling of maybe not being being seen you know by the what I'd say the larger cont
same word twice in a row,salon-021,ve the floor thank you I just something quick for renata renata I'm bowled over by your work absolutely fantastic
a / an mismatch,salon-021,"a Disney cruise. They mean like bunk beds, almost a almost a submarine sardine situation, not somethin"
same word twice in a row,salon-022, our world. We see that this democracy of art can reach reach many audiences. This is a segment of a piece call
same word twice in a row,salon-022," in, in making games, is there a reason why. You. Let let the characters like walk through the geometry. It"
a / an mismatch,salon-022," you. Thank you for your question, Colin. We have a another question from. I'm not sure if I guess tha"
doubled punctuation,salon-022,"reen with a huge music system. That's our favorite.. And I do think that again, probably quite a bit o"
same word twice in a row,salon-022,ust as a side note you know to see people younger people people like yourself and Davo who sort of like you know 
same word twice in a row,salon-022,lse that you wanted to add or not really you know awesome awesome salon and definitely like you know like I said in
same word twice in a row,salon-023,be able to buy a print at least Some artists have actually Actually gotten the habit of actually selling an Oculus lo
same word twice in a row,salon-023,s this time and again inserted these textures the tree tree talk and on the gold at the golden hour can sprin
same word twice in a row,salon-024,s again digital collage on that I have used these small small colors these are seven colors actually that I hav
same word twice in a row,salon-024, inside my house so if you see it's almost like a small small rectangular house concepts and I have woven this 
same word twice in a row,salon-024,is was one of the theme for one exhibition called shakti shakti means power so we have one goddess is called durg
same word twice in a row,salon-024,ng this I have given pixelating relations because slowly slowly after some time it became like now what to do eve
same word twice in a row,salon-024,"ay used to get over when night and sometime I was sleeping sleeping at 6 o'clock morning, getting up at 2 p.m. Change"
a / an mismatch,salon-024, have showed is my previous work just to give you an background about what I was doing earlier till 200
a / an mismatch,salon-024, only that I have created the coconut like a like a earth so I'm cutting that and everything is bursti
same word twice in a row,salon-024,ity and there's happens to be right a block maybe three three blocks from my house is this is a statue of an an
same word twice in a row,salon-024,d then I found the rogue pano group and so and on facebook facebook and I'm like there's a rogue pano group which act
same word twice in a row,salon-024, get the movement to include little piece areas?  Another another aspect of this that some of the older rugpano peo
same word twice in a row,salon-024,se gloss or semi-gloss and then on clear metal or white white I definitely use the white and I like semi-gloss 
same word twice in a row,salon-024, gloss I always go for like mid or semi yeah semi mid mid glass semi glass is definitely the way to get tom
same word twice in a row,salon-024,mes from renata who is asking have you ever tried using using flash on like a super cloudy day early cloudy day
same word twice in a row,salon-024,"ve the flash on so I'm like oh oh there's a flash good good morning, you know, and, but I haven't figured a w"
same word twice in a row,salon-024,"t idea. I'm going to try somehow.  That's, that's also Also, thing we're good at, making suggestions or givin"
same word twice in a row,salon-024,don't know if you can see this yeah but like this line line never ends and I either put black on one side or 
same word twice in a row,salon-024, it I was like okay now I have like I have like a thick thick body of these and I now I'm gonna be able to blow
same word twice in a row,salon-024,ry in Toronto like government sanctioned and like high high end A-list artists and I didn't know any of the a
same word twice in a row,salon-024,e a friend who came to the show with me who was a bit bit of a mucky muck and she was like do you know who'
a / an mismatch,salon-024,"Olympus C 50 50 or something like that, which was a each. Each building is actually like 16 feet wide."
a / an mismatch,salon-024,res of people in their buildings because I'm such a urban voyeur here but I love imagining what people
same word twice in a row,salon-025,e easy to just send my email of my artwork.  It's generally generally the easiest thing you don't have to pay for a shi
same word twice in a row,salon-025,have already decided they want to pick up so yeah six six four five great project Davo thank you very deep 
a / an mismatch,salon-025, that I was working on or have been working on is a artist book slash book of short poems slash short 
same word twice in a row,salon-025,e have oh TinTin23x yes I'm sorry tintin wants to share share their work so are you are you there tintin no yes
same word twice in a row,salon-025,r a shot making collages on color xeroxes this is early early 90s and at the time I was oh I was really happy w
doubled punctuation,salon-026, connect with each other and produce great artwork.. In a virtual context.  So that gave rise to this 
doubled punctuation,salon-026,"s one, but I can tell my one, my, I have given the,, though vibration word I added because, as I said,"
doubled punctuation,salon-026,"blooming sky and, the other one, I'm sorry. I just,, blue eyes. And it's also the, they take it, dance"
doubled punctuation,salon-026,"that's the reason that's the last work we did. And,, and these are the photographs I have taken. I mea"
same word twice in a row,salon-026,yeah the person in the moon person yeah to me the whatever whatever the gender may be of this person they almost look
same word twice in a row,salon-027,trospective and all that good stuff and then fast forward forward between that time because I was 2014 when I gradu
same word twice in a row,salon-027,acom tablet my first drawing tablet because I had always always always want to create like actually be able to sk
same word twice in a row,salon-027, there was this moment during the pandemic. I was unemployed unemployed at that point because I lost my job. I was workin
same word twice in a row,salon-027,his is where I need to be like this is a style or something something close to this style is something where I want to 
same word twice in a row,salon-027,not even all be in the same style but it's almost always always always representative of the same idea of the wor
same word twice in a row,salon-027," not I think he's Ethiopian I'm not sure. Abraham Elsa Elsa hot Elsa Lahi. And a lot of your work. See, just "
same word twice in a row,salon-027,want to jump I want excuse me I want to I want to jump jump in it's like I have always been so taken by the i
same word twice in a row,salon-028," place. Yeah. Yeah. Oh, makes tier because it's a local local and that allows people understand kind of what th"
a / an mismatch,salon-028,ting virtual reality here but I feel like there's a interesting set of ideas that you know we're sort 
same word twice in a row,salon-028,This is the first time in a minute that we've had almost almost a full hour left over. So I'm at a bit of a loss 
same word twice in a row,salon-028,hinking that same thing like what if this went to once once a month you know I don't know like I feel like I 
a / an mismatch,salon-028, kind of like you know we were meeting sort of as a advisory board which would be sort of like you kno
same word twice in a row,salon-029,ces before sharing accessibility features such as presuprisk presuprisk at Bowling Green State University in Ohio. Over a
a / an mismatch,salon-029,"at. I think Nina had mentioned that she had a had a engagement.  So, I think we could lead off with he"
same word twice in a row,salon-029,g I'm very involved with now still currently on a global global warming. So I've been working with the so here in
same word twice in a row,salon-029,e smoke that's filling your lungs whether you can see see it or not. Just reminding that treating subjects 
space before punctuation,salon-029,as just kind of a speculative abstract piece and.  . So my connection to technology goes back to my ph
same word twice in a row,salon-029,s I was kind of thinking about where the movement might might be going in the near future. I was just kind of a
same word twice in a row,salon-029,is space. I've been in commercial art all my life since since school. But it was the artistic practice came aft
same word twice in a row,salon-030,"rms introduced to the max. It's like I'm making a sculpture sculpture. And then. I'm putting it inside a nice, I don't "
same word twice in a row,salon-031, Yike. That is also a thing that does happen here sometimes sometimes the Wi Fi does not behave and technical difficult
a / an mismatch,salon-031," speaking a little bit later about that. And then a exhibition led by Giovanna, who's going to be talk"
sentence starts with a lowercase letter,salon-031,"ow. Just like trying to, trying to keep it chill. also if you guys have never heard of this bartholom"
same word twice in a row,salon-031, fan favorite big Ursula fan so I like octopus or octopi octopi I think octopi okay octopi so and the thing that'
same word twice in a row,salon-031,"d on it. I don't know if you can play it or not.  Womp womp. Ah, there we go. So I usually find like just wei"
same word twice in a row,salon-031, in the morning I hope that answers your question totally totally absolutely thank you so much oh we have a questio
same word twice in a row,salon-031,ay do you want to do some art event and I said oh wow wow that's good so I don't really just ask people do 
a / an mismatch,salon-031,"f the things that you've heard me talk about from a utility standpoint, we're really focused on this l"
a / an mismatch,salon-031,run interior design company in Taiwan. And I have a interior design for an ironic business and design 
a / an mismatch,salon-031, but somehow I just put in my own way. So this is a exhibition and shows I done in the past. I was rea
a / an mismatch,salon-031, what is a trans and a lot of people know what is a utopia but my trans utopia is it like I'm more spe
missing space after a period or comma,salon-032,"rious about the movement, you can also just visit www.Techspressionism.com and check us out. Or follow us "
same word twice in a row,salon-032,"ct patterns. The essence of it, it really is live experience experience. So, cause when we're creating, the content, the "
same word twice in a row,salon-032,p with talking a little bit about NFTs.  And I am represented represented by Postmasters Gallery now. They're like a bit bl
same word twice in a row,salon-032,e I'm finally there with these combining the live video video.  These figures. And right now I'm focusing again
same word twice in a row,salon-032,"this? Yeah, I can't tell. I'm sorry. Tell us Pure someone someone's asking for pure data software. Raise my hand. Y"
same word twice in a row,salon-032,"ou really just run, you know, you have to say all circuits circuits and then power into them and patch them in differ"
same word twice in a row,salon-032,te that term and kind of keeping that you know an open open definition yeah how long ago what was that how lo
a / an mismatch,salon-032,"orking as really like a performance like a video, a audio visual performance. And I like this is our w"
doubled punctuation,salon-032,"ually maybe I'm going to go back to that later. So,, and the work that we have, would, would EAI is al"
doubled punctuation,salon-032,"ng it. So throughout the years, we've always, done,, various prints and other objects that again are k"
same word twice in a row,salon-033, he had the idea of putting lights in and this is doing doing some construction work on it in his shop this is 
same word twice in a row,salon-033," else has any questions, they'll come back to you after after the other presentations. Maybe they're saving it."
same word twice in a row,salon-033,en everything is ready so it's time to let go and time time to kind of you know be present so this is what th
same word twice in a row,salon-033,t and they're both very different so I think it's quite quite literal what their meanings are it's just you kno
same word twice in a row,salon-033, their meanings are it's just you know being free being being and also being released from any pain so I do hav
same word twice in a row,salon-033, the description box but I'm sort of the themes I love love the desert I lived in Morocco for a long time and
same word twice in a row,salon-033,eir element. So I have my processes all about the concept concept and then bringing everything together. Technicall
same word twice in a row,salon-033,o at the same time yeah that's yeah you'd have to keep keep flipping between built-in and headphone and micro
same word twice in a row,salon-033, was an excerpt from the brain art book edited by Nigel Nigel Nigel Anton Nigel I'm sorry I'm sorry Anton I kno
same word twice in a row,salon-033, time so but if anyone is willing to stick around after after give our little outro and talk with nina or ask h
same word twice in a row,salon-033,ary the third fourth third somewhere around there fourth fourth fourth yep all right anyway again happy holidays 
doubled punctuation,salon-033,op and I could just get it off of there. But... Oh.. There it is. There it is. It's playing. All right
same word twice in a row,salon-034,o the gallery. Somebody called animal control and shut shut shut the show down and Jeannie Moss from CNN did 
same word twice in a row,salon-034,"and cools. It's done, but it but it happened at a specific specific time. And sort of an aesthetic that I had knowing"
same word twice in a row,salon-034,es down to each individual collector what they're looking looking for and then it's also the case that like for som
same word twice in a row,salon-034, that allow you to be able to book a meeting with someone someone like a celebrity and that's cooked into the nft a
same word twice in a row,salon-034,"because it's like, OK, maybe it maybe NFTs go the way way of the dodo, like what they just stop being a thi"
same word twice in a row,salon-034,"a that was. Established with NFTs.  Like, I mean, take take take what we've done with barcodes. Barcodes have"
same word twice in a row,salon-034, I'd say and I said this last year it's still the wild wild west with nfts right now there's just so much goi
same word twice in a row,salon-034,lize on or you couldn't authenticate or make what walter walter benjamin would refer to as the uniqueness of the 
same word twice in a row,salon-034,n to be in fluctuates so it's yeah well that's an interesting interesting property of nfts is the authentication it's an au
same word twice in a row,salon-034, or would I like to have the sculpture here? That might might be a way to differentiate some of the buyers here
same word twice in a row,salon-034,d that's why my home studio my monitor is set for digital digital prints because exactly of that backlit illuminati
same word twice in a row,salon-034,a serious collector they'd probably be willing to go go that way no infinite objects is like a solution e
same word twice in a row,salon-034,are of the what happens you'll get it's much like becoming becoming a clearinghouse for nfts building display systems
same word twice in a row,salon-034,"if you try to press them about that idea, you get short short circuits because they don't actually really know "
same word twice in a row,salon-034,p I think we totally have space we can make space anyway anyway anyway it would be easier to set up a real engine
same word twice in a row,salon-034,efinitely interesting okay conversation today for sure sure no visuals that was no yeah I think almost a firs
same word twice in a row,salon-034,d of mine she just found these a very interesting AI AI audio app this actually can you can create all ty
a / an mismatch,salon-034,"ey'd have their presentation, then there'd be a Q&A after presentation, and then the next presenter wo"
same word twice in a row,salon-035,t pop up museum in Taiwan. So I was able to win a many many bigger war. So I realized that you can actually l
same word twice in a row,salon-035,ling in the role. I find a lot of thing I was not able able to transport during traveling. So I decided to sa
same word twice in a row,salon-035, in tune with each other and then the next one is paris paris 1889 and I'll read that one okay paris 1889 there
same word twice in a row,salon-035,"t for the community. But he shared a photo of his great great-grandmother, I believe, in Oklahoma during the Du"
a / an mismatch,salon-035, with this Frank Marx kind of art. It became like a animal and the landscaping.  And also during that 
same word twice in a row,salon-036, up all right and with that I think dalton you're up up.
doubled punctuation,salon-036,"e live. Oh, fire out. Don't think that way. He's a,, I turned off, I turned off the video. It's actual"
same word twice in a row,salon-036,bled across this little bird carcass and that got included included in a lot of my digital work.  Dead birds in there
same word twice in a row,salon-036," that sold within 24 hours. And now this is the,, self self-portrait series that I put up there. So I'm waiti"
same word twice in a row,salon-036,"ine. Let me find what I didn't find. Here are the wilted wilted wilted, this is an example of, I like this, the t"
same word twice in a row,salon-036,"that's a really good thing. It's an open source,, AR AR toolkit and that sort of thing. So yeah. So anywa"
doubled punctuation,salon-036,"you some, physical paintings I did. And I had this,, this fat, I was looking for, a subject to focus o"
doubled punctuation,salon-036," sculpture into it. Yeah. And then I started doing,, painting on wood with gravel with digital paintin"
doubled punctuation,salon-036,"ece that sold within 24 hours. And now this is the,, self self-portrait series that I put up there. So"
doubled punctuation,salon-036," example of, I like this, the techniques to relate,, or my, my style to come through, no matter what m"
doubled punctuation,salon-036,"nt mediums with which to express these things. And,, yeah, it just keeps it interesting. Yeah. Right. "
doubled punctuation,salon-036,"nk that's a really good thing. It's an open source,, AR AR toolkit and that sort of thing. So yeah. So"
doubled punctuation,salon-036,"? Bill's got to get paid, dude. So I hear you, but,, you know, always appreciated and, and definitely "
same word twice in a row,salon-037,some of the adobe products but adobe arrow that's new new for me yeah I try I try anything new that they pu
same word twice in a row,salon-037,uld I show some of my nft screens experience does anybody anybody interested sure sure sure yeah I went quickly yea
same word twice in a row,salon-037,creens experience does anybody anybody interested sure sure sure yeah I went quickly yeah I was yeah and if y
same word twice in a row,salon-037,"f thing is that, you know, Chuck Close and I both used used that and there are a couple other ones that are a"
same word twice in a row,salon-037,"at's that but it's like, it's like, I'll just say here here's later tard here's Clifford still here's he's ki"
doubled punctuation,salon-037,"lter's hands. And there's another one going to the,, Computer Arts Society, collection in, in, in Lond"
same word twice in a row,salon-038,ate the story of the wires and the fact that this human human energy starts inside the body with this expressio
same word twice in a row,salon-038, don't you come off mute? I know you have a voice unless unless you're voice shy these days.  Hi. Hi. Is it OK to
same word twice in a row,salon-038,n group. They'd all love you. And they'd probably include include you in their next book.  For sure. I'll definitel
same word twice in a row,salon-038, I see it and the and my iPhone sees it. How this little little brain in there sees it in the in the square ones.
same word twice in a row,salon-038," scheme of things because of just I don't know it since since the development of suburban areas, it has literal"
same word twice in a row,salon-038,"uniform and together, but it seems like it's also pushed pushed away the idea of people actually being together. "
same word twice in a row,salon-039,"e is a digital artist. She does web work and that type type of work, but fine art. And this is an issue that "
same word twice in a row,salon-039, for video games.  It's a very interesting useful tool tool. That's also how some people have been able to do
a / an mismatch,salon-039,t's a piece of software that mimics or copies how a another piece of software supposed function so lik
same word twice in a row,salon-039,See see the other part about this group is that as much a
same word twice in a row,salon-039,nd when other people are talking because I'm sure many Many of us are having stream of all kinds of thoughts 
same word twice in a row,salon-040,ng in digital distinct and different in this time than than other forms of art. And we'll also talk about Tec
same word twice in a row,salon-040,"ing away from keyboard. In other words, you know, making making work and also a lot of I'm doing a continuing a l"
doubled punctuation,salon-040,"And I think lastly,, there's a series that was done in Cyprus for the "
doubled punctuation,salon-040,"al perspective. This is the, another scan from the,, from the old city, to, to Limassol. I think the s"
same word twice in a row,salon-040," right over here where I'm pointing in the bottom left left, I knew it would be folded.  So I incorporated th"
same word twice in a row,salon-040," on the chat that we're talking about, presenting anyone anyone else like to go now? I think, well, I'm going to "
same word twice in a row,salon-040,ing right in there as far as I was concerned like early early 2000s trip trance yeah
same word twice in a row,salon-040,Yeah definitely definitely techno music is usually what I'm listening to whe
same word twice in a row,salon-040,f these figures leaning into leaning into it in a way way back when and that's it that's all I really wante
same word twice in a row,salon-040,"he video, brave crashed and I queued up all these videos videos on there, so they would have."
doubled punctuation,salon-040,'s before you change the time. It was our 1030 p.m..
same word twice in a row,salon-040,"would accommodate this, the one thing is, is that unless unless you're talking about like Cynthia wanting to have"
same word twice in a row,salon-040,"now, I'm open to having them do it and very often people people can answer questions with a little bit of help in"
same word twice in a row,salon-040,". So I don't know. That's interesting to me. It's something something kind of it makes me feel like, you know, people c"
same word twice in a row,salon-040,I definitely definitely definitely.
doubled punctuation,salon-041,"me cases, politically, the sooner, the better. But,, anyway, so I did it. I, what I found on doing the"
same word twice in a row,salon-041,go river changed directions and everybody's going wow wow that's interesting yeah
same word twice in a row,salon-041,l with that would deal with the hurricane katrina before before I was where I pasted stuff onto the canvas you kn
same word twice in a row,salon-041,"logize to everybody in advance because especially after After that beautiful film that we just watched, the ser"
same word twice in a row,salon-041,e changes Climate changes Climate changes Climate changes Changes in the weather Changes Changes Climate Changes Cl
same word twice in a row,salon-041,te changes Climate changes Changes in the weather Changes Changes Climate Changes Climate Changes Clim-...ate Ch-ch
same word twice in a row,salon-041,Changes Climate changes Climate changes Climate changes Changes Chances Climate
same word twice in a row,salon-041,Changes Changes
same word twice in a row,salon-041,Changes Changes Changes Changes Changes We think that's changing 
same word twice in a row,salon-041,Changes Changes Changes Changes Changes We think that's changing the weather Chan
same word twice in a row,salon-041,k that's changing the weather Changes the weather Changes Changes Changes Changes The rain is still heavy But I thi
same word twice in a row,salon-041,g the weather Changes the weather Changes Changes Changes Changes The rain is still heavy But I think the clouds ar
same word twice in a row,salon-041,Okay Hi Hi I'm going to try to Screen share Which always mak
same word twice in a row,salon-041,nd Changing Events That are going on Although our weather Weather pattern here is Still a bit Holding up In The Wil
same word twice in a row,salon-041, affecting Me now In terms of Climate And war And pandemic pandemic and politics. So I reworked it with that feeling 
same word twice in a row,salon-042,mpton Village Thank you guys very much and have a great great too.  I'm going to jump on as I hit my next oblig
same word twice in a row,salon-042," Most of all, thank you. And I just want to say a little little thing. I can'tout. I can't. I can't. I can't. I c"
doubled punctuation,salon-042,". Digital monoprint on aluminum from Ukraine, 2021.."
same word twice in a row,salon-042,"ich is an NFT. He's based, I believe in France or originally originally from France, maybe in Spain right now. But he is "
doubled punctuation,salon-042,"Thanks, Colin. I'm moving along to,, so many great works. 10, 10, 23 X. The title is w"
doubled punctuation,salon-042,"eo. So this is a video, not a still image. I think,, I probably, I forgot to attach in a trial, but I "
doubled punctuation,salon-042,"an Museum of art. So if you look closely from your,, if you have a web version, you, you, you can, jus"
doubled punctuation,salon-042,"oman. She's a queen. She's, she's on the top.  And,, there was a, like a king on the top. So somehow I"
same word twice in a row,salon-042," the original 3D object, which gives it a kind of space space on a two dimensional picture plane."
doubled punctuation,salon-042,ic presentation of work. I'll save it by. See that..  .!
same word twice in a row,salon-042,Morning slash afternoon wherever wherever you might be all
same word twice in a row,salon-043,ut there. As something to talk about when we have discussion discussion time. I'm watching the clock. I want to thank all
same word twice in a row,salon-043,ow what happened that women in attack. He even he make make fun of me that in front of a lot of investor and 
same word twice in a row,salon-043,"r case project. And the very funny because, like, last last year it was a January he just say oh you know lik"
same word twice in a row,salon-043,this company we all broke we don't have a farming Baba Baba actually he built all the customer with his new e
same word twice in a row,salon-043,"irst commission so I create my energy, and I keep selling selling selling. And now I even coach other NFT marketpla"
a / an mismatch,salon-043,"equal opportunities, right. So, and it was a like a international women's month and I was I this, this"
same word twice in a row,salon-043,k on sac talk at the Southampton Arts Center with three three other colleagues and I'll be talking at length ab
doubled punctuation,salon-044,"been unsung sheroes, unsung sheroes in science and,, unsung sheroes in all walks of life. And I chose "
a / an mismatch,salon-044,"Paris, which is my segue into John Zieman, who is a early worker and experienced artist. And he's a ve"
a / an mismatch,salon-045,oad your own image. So the image will generate is a artificial intelligence. AI. I think the most impo
doubled punctuation,salon-045,"ot finished here, but I can share in the chart. So,, yeah, Colin, can you open this?  I put in the cha"
same word twice in a row,salon-045,me. And really how technology is the. The way we. Form form our understanding our conceptualization of. You k
a / an mismatch,salon-045,ttle bit of a discussion of Walter Benjamin. Such a interesting moment to just read and reconsider Val
same word twice in a row,salon-045,cause I know Michael wanted to. Maybe mention the seminar seminar that is going on tomorrow. And if you wanted to j
same word twice in a row,salon-045,"sky was saying no it's in the artist's use of the technology technology is where the there is there and so for me, I see "
same word twice in a row,salon-045,and that's it but tommy's software is amazing and last last last thing my girlfriend is really smart phd in c
same word twice in a row,salon-045,orative software development for creative uses is pretty pretty awesome it just takes that whole collab concept i
same word twice in a row,salon-045,"bably maybe talk about eat maybe as yeah and then also Also, there were the people in Zagreb, you know, the n"
same word twice in a row,salon-045,a real interesting one with the mccoys definitely casey casey reis today was like pretty incredible to see and 
same word twice in a row,salon-046, does anybody have before we start going into any raised raised hands does anybody have any questions or you know
same word twice in a row,salon-046,gn so because not only do we have artists we have scholars scholars studying you know the society of media but we als
doubled punctuation,salon-046,"Sure. Sure. Sure. Sure. Is that,, let's see here. Let's, let's open the, let's open"
same word twice in a row,salon-046,scious of looking at the set of works that we had through through an equity lens and the matter is that we did as w
same word twice in a row,salon-046,ow at astronomy scott kildall's piece exotopia is basically basically a VR guide to the known exoplanets and that sort 
same word twice in a row,salon-046,"and up or not? OK, well, how about you know what? Victor Victor is in the show. One moment. OK, great."
same word twice in a row,salon-046,s you know what you brought in it. You brought an entire entire family together over art and there was like Davin
same word twice in a row,salon-046,"m very happy to be with you and for my work being displayed displayed in 2022 Weird Media Exhibition. I am, can you pro"
same word twice in a row,salon-046,hen basically they're doing projections and sound throughout throughout the space. So we're dedicating entire room to thi
same word twice in a row,salon-046,", but really, the one thing that I really want to thank thank everybody for is that I want to thank everybody f"
same word twice in a row,salon-046, so much for your time and I as and as always I'm deeply deeply grateful to my wife and partner of all thing in a
same word twice in a row,salon-046,l thing in all things Nagin Etisabian for all her amazing amazing help in this project and everything everything el
same word twice in a row,salon-046, all her amazing amazing help in this project and everything everything else doesn't need to be said so thank you thank y
doubled punctuation,salon-047," because it's been, it's been a long time with the,, with the with the weird show we've been working r"
doubled punctuation,salon-047,", and what, what am I working on currently is that,, say for example, I, I don't have the, images up t"
doubled punctuation,salon-047,"actually I'll make this a little cleaner.  Is that,, I think that I've probably shown the fact that I'"
doubled punctuation,salon-047,"right at the moment, I've been messing around with,, mid journey, you know, because before, and, and C"
same word twice in a row,salon-047, get the weird show up I could see why wanting to let let out a little bit of creativity here that's a good
same word twice in a row,salon-047,greener universe and that's it that's that little series series. Kind of materiality or not materiality or someth
same word twice in a row,salon-047, happening.  Just gives it that quality cool yeah thanks thanks for asking you thanks
same word twice in a row,salon-047,periment to some degree you know like in terms of using using the plotter it definitely like some types of comp
same word twice in a row,salon-047,xtaposition of a very complex form with like more geometric geometric forms like the discs where it's sort of like you 
same word twice in a row,salon-047,cept the question itself in other words it's like why why is I mean we can maybe say that you know okay it 
same word twice in a row,salon-047,al question you know it's like why is it you know why why is it in a in a day and age you know that we have
same word twice in a row,salon-047, maybe let us do almost whatever we want you know why why do we why do we constrain ourselves to you know t
same word twice in a row,salon-047,nse of the physicality of my youth and growing up pre pre-digital world and everything I think there's a fo
same word twice in a row,salon-047,l up and I really thank tommy mince for getting a massive massive massive mind shift when working with his work bec
same word twice in a row,salon-047,Use a stylus I never use a styler just my finger finger
same word twice in a row,salon-047,s an amazing sensation of you know over and above touch touch is amazing and there's also this you know element
same word twice in a row,salon-047,we have sensory understanding of our bodies we're still still playing what are we doing right now when of the w
same word twice in a row,salon-047,s kind of fascinating too well I'm looking at the time time here and it looks like we're getting close close 
same word twice in a row,salon-047,he time time here and it looks like we're getting close close to finishing so does anybody have any final thing
same word twice in a row,salon-047,ing I have one piece left in terms of materiality here here is here is the exhibit catalog for the expression
same word twice in a row,salon-048,omes cinema and it becomes animated. So and then. Another another way that the work adapts to a different medium or
same word twice in a row,salon-048,.  So then I took this basic composition based on rectangles rectangles and came up with a slightly more elaborate versio
doubled punctuation,salon-048,..
same word twice in a row,salon-048,'s two variations of love.  Crazy and psycho. And throwing throwing like doing something sort of modernist. With the 
same word twice in a row,salon-048,re out there and I definitely find using that and almost almost like an iterative process of creating something f
a / an mismatch,salon-048,", for the 50th anniversary of art form, there was a article by Claire Bishop called the digital divide"
same word twice in a row,salon-048,situation and adapt to it as you know you're in a highly highly and I use this word kind of provocatively a highl
same word twice in a row,salon-048,r sharing today and we'll continue the discussion off off camera as it is and thanks everybody thank you fo
same word twice in a row,salon-049,ason people respond to that hashtag expressionism fire fire fire but like using that as a comment on other pe
same word twice in a row,salon-049, nodes which are these international subgroups to come come in and sort of talk about what they've been doing
same word twice in a row,salon-049,"l collective called emerging art Long Island with another another artist, this is a while ago, but, and I was out i"
same word twice in a row,salon-049,"u know we're during this show across Long Island, blah blah blah. And she's like all, you know, oh like, I ha"
same word twice in a row,salon-049,"e, where most of the shows in that space had been topic topic base, but drawing off of a regional base of artis"
same word twice in a row,salon-049," been. I would have never gotten as far as I have without without collective power, really, to tell you the truth i"
same word twice in a row,salon-049,"now, collective in my opinion has been much more. Powerful powerful than the individual but however the collective ca"
same word twice in a row,salon-049,"nything that uses the word should be on the press list list as far as I'm concerned, because what, you know, "
a / an mismatch,salon-049,"nt. And I feel like one area, and this is sort of an that happens to be here or viewing this in recordi"
same word twice in a row,salon-049,"ge across, then that's going to be more effective than than than bouncing them out, you know, because really,"
same word twice in a row,salon-049,ed to address. And the gentleman I'm working with found found a product which was a music to a digital music tu
same word twice in a row,salon-049,o say I was actually in a crib yesterday with the Jewish Jewish art salon and in fact Dina Eber was one of the pr
same word twice in a row,salon-049,Okay different ways of fabrication fabrication
same word twice in a row,salon-049,close with Susan just because we're just over the hour hour and a half mark
same word twice in a row,salon-050,about choice of materials process whatever what's relevant relevant what the person presents is what I had what I had
same word twice in a row,salon-050,rth vr and seeing each other's countries you know through through through vr and the thing is down in the lower rig
same word twice in a row,salon-050,ag areas on the american piece which is up on the upper upper upper left now like that the flag it's now all in
a / an mismatch,salon-050,leap after being on my knees after 9-11 came into a influenced by iconography and major layering and s
same word twice in a row,salon-050, that sounds good. So next is Reese. Are you here Reese Reese just stepped away for a minute. We'll come back t
a / an mismatch,salon-050,"utput, I consider the whether or not I'm going to a artwork is going to hang on the wall or whether or"
a / an mismatch,salon-050,minated with a glass. It's a polyvinyl butyrol or a urethane layer of adhesive on each side of a Fuji 
same word twice in a row,salon-050,rs are all animated and moving. So it's kind of a hybrid hybrid work. And then I'm working on another virtual rea
same word twice in a row,salon-050,graphed assets from all these different areas and coming coming together in the VR world.
same word twice in a row,salon-050,"e, what was then a very new department at Harvard called called Visual and Environmental Studies from 1980.  And "
a / an mismatch,salon-050,aid1.com and what you get is this material that's a emulsion that you brush onto anything and you prin
same word twice in a row,salon-050,me out of today. Was this interplay of commercial materials materials that are developed for commercial purposes and th
doubled punctuation,salon-051,So I'll start sharing my screen. Let's see.. Can you all see my screen?
same word twice in a row,salon-051," just, not just mid journey. I've been working in generative generative and algorithmic art and that sort of thing since "
same word twice in a row,salon-051,at I can work with different you know there was a core core practice that still stayed there and I think that
same word twice in a row,salon-051,That's an interesting interesting element but no oh but cynthia I saw your post on 
same word twice in a row,salon-052," Cynthia D Donato, M.D.: The first is the Italian painter painter jato who infused space into our and redefine the "
same word twice in a row,salon-052,will be released this fall 2022 with a forward by Neil Neil deGrasse Tyson. He posts daily on Instagram at st
same word twice in a row,salon-052,what Steve was talking about with the experiments happening happening at CERN and being able to understand what the Hig
same word twice in a row,salon-052,ries. You're dealing with all kinds of ideas that take Take time. And that you have to build upon in order to
same word twice in a row,salon-052,"ularly enjoyed hearing Michael talk about getting people people's become aware of physics, even as lay people, be"
same word twice in a row,salon-053, years ago. It was camera was developed by Joseph Nyssephour Nyssephour.  I hope I'm pronouncing that correctly. And he's
a / an mismatch,salon-053,"otography now that it's digital, now that there's a added to it? And Earth Fisher, his work is about s"
a / an mismatch,salon-053, all the participants and you as an organizers as a expression thank you
same word twice in a row,salon-053,he wall they're starting to market this year it's easy easy to look up and that's probably an example of it t
same word twice in a row,salon-053, they had the very dark black person and the very white white person. And they skewed everything in favor of th
same word twice in a row,salon-053,". And they skewed everything in favor of the very white white person. You know, that persisted until 1990. And "
same word twice in a row,salon-054,g the way I wanted to let me see another hands up anybody anybody at all or I could start picking people up because
same word twice in a row,salon-054,"Yes, I'm going to keep keep on playing. See what happens."
same word twice in a row,salon-054,"e are others there. But here where, you know, the human human element is so high. You're there together experie"
same word twice in a row,salon-054, experiencing it at the same time is beautiful so both both those mediums as far as being immersive they real
same word twice in a row,salon-054,Each each one of those organizations that you've contracted
same word twice in a row,salon-055,y maintaining some sense of integrity in the work without without going to you know some are better than others but
same word twice in a row,salon-055,e helix the ketamine structure of the molecule as artwork artwork I tried coming up with different ideas like oh wh
same word twice in a row,salon-055,ng that was all just like grandiose or going into La La Land of psychedelics this is an important factor 
same word twice in a row,salon-055,ne of those things like the Internet as a tool in itself itself. A lot of potential for good. Some people will us
same word twice in a row,salon-055,Hi hey hey hi so I'm just gonna I had some thoughts to share
same word twice in a row,salon-055,tarted talking about nfts and he created a course through through his through the online platform so I did the cour
a / an mismatch,salon-055,"ng because I mean, let's see here. I think I take a almost like an inverse bell curve on this sort of,"
a / an mismatch,salon-055,he assembly and I just play with it. They do have a original song that is a rock and they have a new m
same word twice in a row,salon-055,say no fud no fear uncertainty and doubt it's the exact exact opposite is you should lean into that and try to 
a / an mismatch,salon-055,and taking using the ability for art to help fund a impact medicine fund to take unmonopolizable thera
same word twice in a row,salon-056,"ance, from the Mediterranean area. My mom and dad divorced divorced when I was about two years old. So back then, it "
same word twice in a row,salon-056,"% clear glasses that's not tinted there's a light tinting tinting component. But this will be lit, and you'd be abl"
same word twice in a row,salon-056,e sort of convene that way. You know I definitely wanted wanted you to be able to present this idea to everyone. 
a / an mismatch,salon-056,ople interested in shipping in. And creating like a expressionism wall somewhere in this space. So tha
same word twice in a row,salon-057, something hidden and it's that hidden thing that both both attracts me and repels me at the same time. It's 
same word twice in a row,salon-057,Magritte used fairly frequently to depict average man man in the gray suit. And you also see the feet of an
same word twice in a row,salon-057,ed. So I'm gonna share my screen.  Here we go. ¶¶ Sistah Sistah Melo Thank you. Thank you. It's incredible. The m
same word twice in a row,salon-057,"I created during the pandemic, like in 2020, that revolved revolved around. My biking and wearing a mask. And so I we"
same word twice in a row,salon-057," like constantly looking around the vehicles like actually actually fearing for my life. And, yeah, that shook me. I "
same word twice in a row,salon-057,"the absurd, and I have a very rich dream life and sometimes sometimes numeric, but I always try to filter it through ki"
same word twice in a row,salon-057, billows of clouds and smoke and ashes and people running running and screaming and hollering and knowing that deat
same word twice in a row,salon-057," turned on the news and there was the world chaos dream dream looking right at me, you know, as people terrifie"
same word twice in a row,salon-058,ause I don't know how many people know about text expression expression we're working on that well maybe I can help yeah 
space before punctuation,salon-058,window that you are showing that presentation in.  . You probably have to stop the screen share and th
sentence starts with a lowercase letter,salon-058,aybe new share I can show. Are you seeing? Yep... ity..!. Principal. … Means open google or sorry you
same word twice in a row,salon-058,Thank you. Thanks for being here. All right. Next up up Colin. Did you want to wait till like the end to 
a / an mismatch,salon-058, few more digital projects.  Linguistics River is a online art project. This is user can enter their n
doubled punctuation,salon-058,e new share I can show. Are you seeing? Yep... ity..!. Principal. … Means open google or sorry youtube
same word twice in a row,salon-058, gone back to exploring the Kinect device. It's a camera camera device this is a Kinect. It's a has a RGB camera 
same word twice in a row,salon-058,"to be doing a piece. More exploring a dream state dream dream dream like quality, using, using this device, and"
same word twice in a row,salon-058, an emulator so I figured out that if you went to every every link and explored it you not that anybody would b
a / an mismatch,salon-058,ot of programs that you can that you can generate a online installation with those oh yeah I have all 
same word twice in a row,salon-059," the text translation engine.  And, you know, the latent latent space, you know, I mean the, I mean of the, of th"
same word twice in a row,salon-059, points except for the fact that I don't think he knows knows knows enough about Hagel. Oh god. I don't think a
same word twice in a row,salon-059,"t if you're kind of, you know, throwing all of us into into one big pot here. That has nothing to do with it."
same word twice in a row,salon-059, beautiful images. And Patrick and I both started Ann Ann and a bunch of people started with Playform back 
same word twice in a row,salon-059, we have dealt with this in the past. Photography radically radically changed painting and so did physics. If we think 
same word twice in a row,salon-059," that even from some of the things that Gavin was saying saying earlier, part of what's going on here seems very "
same word twice in a row,salon-059,hotography right you know painters you know right painting painting the nature of painting shifted because of photogr
same word twice in a row,salon-059,one made the claim it's like it's almost like the wild wild west the nft space was very much like the wild wi
same word twice in a row,salon-059,ld wild west the nft space was very much like the wild wild west so we have a lot of new things that ethics a
same word twice in a row,salon-059,d like I want to say that it's also the case like even even if you do sign a tos in terms of service and peop
same word twice in a row,salon-059,t is better timing to just show it's a little bit long long too I just wanted to add more comment from Jennif
same word twice in a row,salon-060,"hey delete it. But in this case, I have just very few few lights. But this is the kind of work that I norma"
same word twice in a row,salon-060,w few lights. But this is the kind of work that I normally normally produce. And these are pretty much.  Available to
same word twice in a row,salon-060, This they don't like it. This is related to the. Immigration immigration thing. Who is this? I work in a federal building.
same word twice in a row,salon-060,fety features and I don't remember the details of vr vr chat and I didn't even know that there was a I di
same word twice in a row,salon-060,n place for that and for myself as far as sort of getting getting used to it I mean it was a bit of a journey I mea
same word twice in a row,salon-060,s not vr chat and I ended up kind of I don't know selecting selecting this avatar that was totally like a spacey woman 
same word twice in a row,salon-060,ow and then suddenly you're in vr and everybody's dressed dressed weird or that first time I was dressed weird and 
same word twice in a row,salon-060,at's part of the thing yeah I that there's always getting getting used to the navigation it does take a bit of prac
same word twice in a row,salon-060,k or I've used the carousel in instagram when you post post several things and ask people to select one piece
same word twice in a row,salon-060," get people to follow that hashtag of you, that's another another thing that you can do. Stories and reels are impo"
a / an mismatch,salon-060,"inute. John. Nice to see you. Yeah.  But that was an shout out. You know, you do shows and you think th"
same word twice in a row,salon-061,lly it is if it is two-sided I am using a acrylic glass glass box so that they can see both the side but becaus
same word twice in a row,salon-061, work and then drill holes in it and hope that so each each stripe has three holes drilled in it one for the 
a / an mismatch,salon-061,you generally it is if it is two-sided I am using a acrylic glass glass box so that they can see both 
same word twice in a row,salon-062, screen. There you go. Do I do optimize video for video video clip as well no I would skip that one okay all ri
same word twice in a row,salon-062," not going to do this. You know, unity, you know, being being with a larger group.  And I like that, too. I lik"
same word twice in a row,salon-062,"court. My own feeling is a photograph to a wooden sculpture sculpture is transformation of that image. You know, yes, i"
a / an mismatch,salon-062,"ntifier. So when you see that those digits inside a artwork, then you can easily trace it back to the "
a / an mismatch,salon-063,e this sort of element here. This was an image of a image that I created in Photoshop. I'm not sure wh
doubled punctuation,salon-063,"go to share. And I'll keep my fingers crossed here..  ..!!!!.. Wilted the breaks and ruptures, product"
doubled punctuation,salon-063,"o share. And I'll keep my fingers crossed here..  ..!!!!.. Wilted the breaks and ruptures, products of"
doubled punctuation,salon-063,"e. And I'll keep my fingers crossed here..  ..!!!!.. Wilted the breaks and ruptures, products of momen"
same word twice in a row,salon-063,ways felt in my work that I like the feeling of a piece piece being contained.  So I'll go to another one. This
same word twice in a row,salon-065,d the floral headdresses and the folk dancing and singing singing mostly and so I'm remembering that when I think a
same word twice in a row,salon-065,government's emergency response plans. Despicable acts Acts of terror. Acts of terror.  Spoken to the ages in
same word twice in a row,salon-065,"translation work for you? Of taking the photo and working working over them? Well, I think for me, it's somewhat ca"
same word twice in a row,salon-065,"nting at the absurdity of the one drop rule about being being black in this country, and how that whole notion "
same word twice in a row,salon-065,ncerned yeah that's like actually you should have two two race groups to belong to instead of you thinking 
a / an mismatch,salon-065, because of my appearance. It's interesting being a exceptionally fair skinned Black person in this co
a / an mismatch,salon-065, this was just a little joke the swirl is kind of a euphemism for what happens when what you call blac
doubled punctuation,salon-065," called the blue. This was, actually excerpts from,, Joe Biden's inaugural speech.  And then to contra"
same word twice in a row,salon-066, person that I've been thinking about because the blah blah blah anyway but I see michael kind of nodding his
same word twice in a row,salon-067," so do you do you feel like you'd like to kind of kick kick the discussion off or not. Colin Goldberg, M.D.: "
same word twice in a row,salon-067,"hini, I don't want to put up just a straight text image image, so I feel like that's some. Renata Karraschini, "
same word twice in a row,salon-067,"t Lee was citing. Colin Goldberg, M.D.: You know, put put a percentage out there, so I think the thing is r"
doubled punctuation,salon-067,We're in a quagmire because.. We live in. A society that. Is so monetarily base
sentence starts with a lowercase letter,salon-067,"I can stop share here. So, as butterfly dreams... ity.  Thank you for sharing that. Hey, you were say"
same word twice in a row,salon-067,rerun it and change your prompt a little bit yeah tell tell the machine to say no you didn't get this right I
a / an mismatch,salon-067,"were to develop a theme and explore it and create a online gallery from it, you know, based on the ima"
same word twice in a row,salon-067,ike that by feeding it the whole library of every single single Star Wars film ever created. And then it can make
same word twice in a row,salon-067,ou know on lips and boobs and tiny waist and legs stop stop no one gets old on the internet right like oh my 
same word twice in a row,salon-067,ld on the internet right like oh my god it's like another another one but yeah I mean I'm part of the culture so it
same word twice in a row,salon-067,"cept of fertility spills out in your in your work also Also, the concept of what?  Of fertility, actually. An"
doubled punctuation,salon-067,"g something recently about, you know, AI generated,, spaces like in the metaverse, you know, where it "
doubled punctuation,salon-067,"remember where, but they were using AI to generate,, 3d printed buildings.  So it's, it's already star"
same word twice in a row,salon-067,rensic. Split of all the different paintings that night night cafe mixed together. And I don't even remember be
same word twice in a row,salon-068,here's some things that I've added like if you do dash dash ar it's aspect ratio so you could say like dash d
same word twice in a row,salon-068,h dash ar it's aspect ratio so you could say like dash dash ar 16 colon 9 and a lot that'll give you like a 1
same word twice in a row,salon-068,t and then I tried to take some of the highlights apart apart although I did post the link to it in both Instag
same word twice in a row,salon-068,"w last night on Facebook and a little story of an Indian Indian comedian. And I was like, oh, I'm going to be abl"
same word twice in a row,salon-068,it to Vince you on this even though he wasn't the original original but it's good enough. And is that discussion on t
same word twice in a row,salon-068," know, ever achieving any of that because this is actually actually corporations who are hellbent on doing this and y"
same word twice in a row,salon-068,from Islam much of what we take today as like the concept concept of zero came from elsewhere.  And in the Middle A
same word twice in a row,salon-068,ou know that might be something cool and I'm sure patrick Patrick has a bunch of stuff.  I have a couple things fro
same word twice in a row,salon-069, you can pull out of it yeah what's monochromatic nice nice merging of science and art I love it yeah and the
space before punctuation,salon-069,to try to do full screen. I'll see if this works.  . Discover Houston recommend vector transfer. Compu
same word twice in a row,salon-069,"hing up some stuff for Isaiah. And my Nagin sends her her best. So network conditions and time, of course, "
same word twice in a row,salon-069,c you know to me I thought it was much more muted than than this so that's kind of the thing I'm not going to
doubled punctuation,salon-069,"id, mid, mid-century vernacular and, you know, and,, and kind of like New Yorker style, illustration a"
doubled punctuation,salon-069,"unway ML to start doing some video work soon.  And,, because I'm almost feel like I'm kind of, kind of"
doubled punctuation,salon-069,"ike another friend of mine, Joseph DeLapp, who has,, red, orange,, color blindness, you know, he's, yo"
doubled punctuation,salon-069,"iend of mine, Joseph DeLapp, who has,, red, orange,, color blindness, you know, he's, you know, he wea"
doubled punctuation,salon-069,"rious fakery going on. But as you know, I did with,, Claudia Hart and, Rachel Clark, a few years ago. "
same word twice in a row,salon-070," how we even know things.  And that's a kind of a philosophical philosophical thing but I was like well, a lot of our work migh"
same word twice in a row,salon-070,"ow that for my personal experiences, working with tech tech technologies in the arts. Often.  There's a learn"
same word twice in a row,salon-070," a 49 minute film. It's kind of long, but it goes through through okay those 90 days I may have skipped a few but a"
a / an mismatch,salon-070,and I really liked that film that film I had made a earlier vision a version of and I again tried to d
doubled punctuation,salon-070,"idn't mean to do that. Okay.  So I decided I would,, I have a, I have a playlist called art in, in a p"
doubled punctuation,salon-070," I wanted to share were that lately. I, again, was,, motivated here. I'm going to, I'm going to do thi"
doubled punctuation,salon-070,", I'm going to do this one.  This isn't filmed. Mm.. So I want to take me to So that film, I'm happy t"
same word twice in a row,salon-070, I'd like to have that versatility and I need the pixel pixel power there to do it so it might be 7200 pixels s
same word twice in a row,salon-071,esent maybe such themes through the art so Renata suggested suggested that I approach the group as a social sculpture. 
same word twice in a row,salon-071,pired by things like this surrealist manifesto by Breton Breton I guess not sure exactly the best way to pronounc
same word twice in a row,salon-071,hich is something that was invented by the artist German German artist Joseph boys is also one of the founders of
doubled punctuation,salon-072,"ngoing a series of work on calling, raging, raging,, maps and climate change.  And there is, I did sho"
same word twice in a row,salon-073, images speak to me. This was also an alleyway. I loved loved the windows on this building how they reflected o
same word twice in a row,salon-073,". That's kind of the balance I'm going for is off balance balance. Thank you. As always, Karen, your work is stunni"
same word twice in a row,salon-073, initial stages of the pandemic when this kind of took took root two years ago or so now and where we might w
same word twice in a row,salon-073,"artist, and Vera Molnar, who's the trailblazer of generative generative art, and she's certainly a computer art pioneer. "
same word twice in a row,salon-073, so that is my final comment we're at 125 michael yep yep do we want to end the recording and begin the aft
a / an mismatch,salon-073,"is point. I mean, we're going to send out sort of a announcement, a more formal announcement, hopefull"
same word twice in a row,salon-074,led essential. This is. Coding animation. This is life life and brain rendering piece. That is really inspire
a / an mismatch,salon-074," the Techspressionist group, we're planning to do a initiative on X regarding life on Mars. Is there a"
same word twice in a row,salon-075,e similarities. But stylistically. I've made some major major changes here. And for me. Once again. This is a w
same word twice in a row,salon-075,ison of the Polycast recently. And Patrick Lichty sort sort of came up with this idea of Techspressionism bei
same word twice in a row,salon-075,omes a bit more solid but yet I like that sort of dry dry brush look where you can see see through the trun
same word twice in a row,salon-075,ike that sort of dry dry brush look where you can see see through the trunk and the branches so it's sort o
same word twice in a row,salon-075,so more internal like as in blood but so you know ambiguous ambiguous in different ways and not so completely represent
same word twice in a row,salon-075,thank you it's on YouTube yeah okay Tommy are you ready ready to share your news today oops you there Tommy you
same word twice in a row,salon-075,move the conversation forward and tommy is really great great to see him on the subway you know it's a real a r
same word twice in a row,salon-076,it seems to have come down from this and I didn't encompasses encompasses glitch art. I don't know. There was also had been
same word twice in a row,salon-076,ally 82.  82 okay yeah I was working on C64 games while while at Coleco so yeah nice nice what games were you w
same word twice in a row,salon-076,orking on C64 games while while at Coleco so yeah nice nice what games were you working on at that time oh go
same word twice in a row,salon-076,depending on the titles so yeah it's been a while awesome awesome well it's cool to have you know an actual develop
same word twice in a row,salon-076, group it's a lot of history behind that yeah now thanks thanks Colin for showing that the next thing that we wer
same word twice in a row,salon-076,ng that the next thing that we were talking about before before the salon started was we were mentioning the data
same word twice in a row,salon-076,ddit subreddit so that might be the way to direct people people are interested in playing with these softwares or
a / an mismatch,salon-076, What I call Tommy software.  But I know it's the a automated that did you use the digital class? Yeah
same word twice in a row,salon-076,c time frames for updates but I don't want to get too too deep on that and you know tommy you want to addre
same word twice in a row,salon-076,"s be to another hub space and so is the hub space part part of your space, this town square space, or is it p"
same word twice in a row,salon-076,ean that's the point is that the two people would talk talk to each other and they would share and in some wa
same word twice in a row,salon-076,d tell me it's really cool the idea of like every two two months or every six weeks or every three whenever
a / an mismatch,salon-076,aunches are you still going with december 1st for a opening or is that fairly fluid at this point I th
a / an mismatch,salon-076,ll-time job maintaining things and it's by having a either monthly or every couple months day where we
same word twice in a row,salon-077," idea is you could change the image every day. So each each one has been still screened, so you can imagine i"
a / an mismatch,salon-077,usly we learn from Duchamp with a bottle rack and a urinal and a snow shovel that you know sculpture c
a / an mismatch,salon-077,"o do a solo show at the Everson Museum, which was a opportunity for me to upscale everything, because "
same word twice in a row,salon-077,"Well, thank thank you for asking. And this technology is used in sc"
same word twice in a row,salon-077,"I think the title Synthetic Synthetic Ecology is also fascinating the idea, and Steve r"
same word twice in a row,salon-077,"Wow, Suzanne, brilliant, totally totally awesome presentation. I'm fascinated with the way"
same word twice in a row,salon-077,ayons down and use the liquid colored wax. That's great great. I think we have another question here with veran
same word twice in a row,salon-077,fferent perspectives are. So it's showing us on a micro micro level what we should know.  The ticks and other a
a / an mismatch,salon-077,thralled. So I just want to say that Siberiana is a example of the Techspressionism community in cyber
same word twice in a row,salon-077," kind of clicks on so again that's formatted in a portrait portrait orientation. Now. In regards to your question, Sa"
same word twice in a row,salon-077,or somebody to go to your space and then get back into into the town square.  Does that make that make sense.
same word twice in a row,salon-077,"g is going to the menu on the right, where it has image image image image. And then there's a video option. And"
same word twice in a row,salon-077,"o the menu on the right, where it has image image image image. And then there's a video option. And I'm choosin"
a / an mismatch,salon-077,"pointing out some of the challenges of working in a interface. So do we? Th, this is. This is a this i"
same word twice in a row,salon-077,"all, and I'll show you.  You see how it's. Yes, I see see back right. I'm gonna try to get close in here to"
same word twice in a row,salon-077,"ow your gallery?  And that's where these numbers. Especially especially if you know you like, where your walls are. You n"
a / an mismatch,salon-077,"ample again, so I'll walk through in Hu, you know a after I save the at the end of the save process. I"
same word twice in a row,salon-077," incorporated into the art. It can be part of the narrative narrative of the art, or something. No, like Karen did some"
same word twice in a row,salon-078,"hank you for the Intro Michael, because this is a huge huge topic. They can go in a million different directi"
a / an mismatch,salon-078,"ly. Okay, so I'm gonna start my presentation with a opening paragraphs to my thesis just to sort of se"
same word twice in a row,salon-078,"age flip here and there, but the overall story is being being driven by sequence, and the illustrated book has "
same word twice in a row,salon-078, And you can see here that II was basically doing research research within the artwork and the installations themselv
same word twice in a row,salon-078,"t just to jump on the Nfc. Bandwagon, but also to play play with the idea of the written word within a book, "
same word twice in a row,salon-078, sometimes a Of mental and physical contortion to deliver deliver your work in a in a way that lands true to this w
same word twice in a row,salon-078,"ally impossible to have your text be legible. And most most of the time II don't want to do that, but in this"
same word twice in a row,salon-078,f it's a question so much. But I really liked the Karen Karen's sound use in her piece. This is this child like
same word twice in a row,salon-078,"ople use all, all of you, I think, have different little little apps that you've discovered that make your work s"
same word twice in a row,salon-078,"Okay, yeah, that's a great great suggestion. Great request."
same word twice in a row,salon-078, something in the schools that kids actually like around around Texas poetry. And if they can be my hat for anyth
same word twice in a row,salon-078, why I haven't done it yet. I think it's a little bit bit of a bigger grab than the Latin languages. But I 
same word twice in a row,salon-078, mandarin and English and that group. So that's a good good reminder. She's going through what she has to do 
a / an mismatch,salon-078,", out in, I think it was lack my because they had an video contract or support. So I put together propo"
same word twice in a row,salon-078,Oh. Well. Think we should wrap wrap things up and do the after party afterward.
same word twice in a row,salon-079," to generate them. Saw the world in different way than than we do. It we tend to be able to. Yeah, it's like "
same word twice in a row,salon-079,"et into the, the actual neighborhoods throughout. Throughout throughout Tokyo. So again, it's sort of the larger experien"
a / an mismatch,salon-079," photographers is how to, you know, maybe present a object in a flat surface. So here's a new Solution"
a / an mismatch,salon-079,"ght about this.  Really, I first thought of it as a interactive artwork. But then, as I was considerin"
same word twice in a row,salon-079,iting crib notes. Making a wave with the camera.  Even even looking up at the at the treetops and spinning ro
same word twice in a row,salon-079,"rtical really comes, turns into these shapes. And speaking speaking of stars The next body of work that I've been wor"
same word twice in a row,salon-079," to buy all of them before anybody gets them. I'm kidding kidding. Please buy an old one, and I'll help you with th"
a / an mismatch,salon-079,"Yeah, I was really curious about a couple a aspects of inspiration from you all the. The adage"
same word twice in a row,salon-079,nto which kind of takes you into like some of the photo photo grametry sort of work that artists like Carla Gan
same word twice in a row,salon-080,reg regular jobs for a number of years during the day day jobs. Most of them were part time. Occasionally t
a / an mismatch,salon-080,he jobs that I've done over my lifetime career as a artist.  Once I decided to stop doing almost full 
a / an mismatch,salon-080,"Which I was happy about a also, when, in the beginning of my career. I was"
same word twice in a row,salon-080,"transparency film off.  It actually transfers the pigment pigment from the film to the substrate, so it essentially"
same word twice in a row,salon-080,"company that made this film, and primer is called Das das ss, which is like digital art supply something or"
same word twice in a row,salon-080," company called Ink Aid, that I believe they make similar similar products, and they make a primer that I use quite"
same word twice in a row,salon-080,"Meet at 2 25 a pound. That's something something notable. Thank you very much, Colin. Yeah. Now, I"
a / an mismatch,salon-080,rally giving the artists money for their token as a indication that you support them and their lifesty
a / an mismatch,salon-080,"ashion. So fashion is, and physical's are kind of a interesting area to explore. There's also the conc"
same word twice in a row,salon-080,"you know. Time and wasting time, or you know. And money money talks. That was the other thing that's a big piec"
same word twice in a row,salon-080,Sure sure and I just want to say that they cover really qui
same word twice in a row,salon-080,"e time, and it's right in the heart there. Lot of urban urban is always been a big influence. Saxophone player "
same word twice in a row,salon-080,"nto the chat.  So that's all I wanna say, I wanna thank thank everyone in this group. Thank you for your observ"
same word twice in a row,salon-081,"ying to really push and ecow, and. You know. Just make make something that I'm sort of happy with. So I've go"
a / an mismatch,salon-081,A actually is there any chance? I can go at the end 
same word twice in a row,salon-081,Gotcha gotcha! No worries. Could you? Just share a little bit o
same word twice in a row,salon-081,"Gotcha gotcha awesome. Well, sounds like a really interesting e"
same word twice in a row,salon-081,on work that I printed out. These are collages of theater Theater photographs. Employee really see how many screens
same word twice in a row,salon-081,"e. Thank you. Hi, everybody. My name is Lucy Boyd-Wilson Wilson. I'm here in San Diego. I create animated works, "
a / an mismatch,salon-081," Their gallery in Carlsbad, in San Diego, opening a april fourteenth will be on for 2 months, and the "
a / an mismatch,salon-081,"y and or Carrie, and just to give a little bit of a introduction to the collaborative exhibition that "
same word twice in a row,salon-082,"alking around, and that infuriated him, he became super super angry, even more angry than he already was. Get t"
same word twice in a row,salon-082,f. I can't see you guys are gonna kill me. He was super super angry about the light. In a more innocent time Ga
a / an mismatch,salon-082,"o's commissioning me I own 0. He's a champion for a education in Georgia, and has affected so many peo"
same word twice in a row,salon-082,"nk with water pipe pump and a broken broom handle wedged wedged between cabinet handles.  I shiver. Don't worry, "
same word twice in a row,salon-082,ative that ends up being from all that detail. So thanks thanks for sharing the story. Thanks for sharing your ar
same word twice in a row,salon-082,ith that. Mostly. I'm manipulating the background around around the faces.  And I did a series of animations for 
same word twice in a row,salon-082,ou can see some of it is AI generated. And then I put put my own work over top of that. I show you this one
same word twice in a row,salon-082, of view. And as for 3D. You know I'm doing these flat flat pieces with thousands of images in them that I do
same word twice in a row,salon-082,standing because of Hansel and Gretel aspect. But both both of your stories felt very. Dreamlike in some rega
a / an mismatch,salon-082," do when I write is, I think of it as my brain as a organic highway to information. If that makes sens"
same word twice in a row,salon-082, untruth that is out in the world right now. So I thank thank all of you for sharing that. I don't know what ot
a / an mismatch,salon-082,"rd with one painting, or it's a series of or it's a animation with spoken story like I showed in the p"
same word twice in a row,salon-082,"ight over all these all the time, and this is the first first time all semester. I've actually had time to be h"
a / an mismatch,salon-083," the world of art and identified as an artist, as a identified myself as an artist when I was a photog"
same word twice in a row,salon-083,"Right on. Well, you know, every every name or word has its own individual personal conn"
a / an mismatch,salon-083,t and whatnot. And it has since branched off into a online store where class members and other members
same word twice in a row,salon-083,". I was surprised, you know, to find out how many pathways pathways had delved into that area. And I think it was bec"
a / an mismatch,salon-083, is specifically branded for the reunion. This is a image that I'm very fond of. At Bryn Mawr we had t
same word twice in a row,salon-083," I was muted. Can everybody see my screen of John Berger Berger? I think it is well, I'm gonna go back in time a "
a / an mismatch,salon-083,"ed about. I don't remember if we had 88 colors on a amiga, or quite what computer I had at this point."
same word twice in a row,salon-083,Okay. Gotcha gotcha. Yeah. She had a very interesting interview. That
same word twice in a row,salon-083,"ists relate to what he did. He had a pretty large volume volume, volume of you know, pre digital work as well. Tr"
same word twice in a row,salon-084,"ss of the work is that it has a universality that everyone everyone can feel in their hearts somewhere. Okay, with th"
same word twice in a row,salon-084,"f let's see. Sorry The idea of A picture.  There! Having having a particular like, almost like a stage. And I'm r"
same word twice in a row,salon-084,"sement, whatever it is, you know what I mean. And having having gelled those 2 things together, kind of allows me"
same word twice in a row,salon-084,Gotcha gotcha. So yeah. And our divide is also something that i
a / an mismatch,salon-084,"hank you, Stephanie. It's great. She's been quite a incredible woman in the world of film as a profess"
same word twice in a row,salon-084,"way from the group and think, oh, I think I might enter enter Integrate that into my work. So I feel an interde"
same word twice in a row,salon-084,"Point point of view, or you know, you can come up with a bett"
same word twice in a row,salon-084,ery interested in it because of the Byzantine and non non Western kinds of work. And anyway.  I'll see you 
same word twice in a row,salon-085,"ll these people. Robert Green, worker associates, big big time players in this show, also working at the Wo"
same word twice in a row,salon-085,"rs, and live near as well, and things just looked up up. I mean, you know what could go wrong. Well, you "
a / an mismatch,salon-085,"ctive of reverence and containment and worship of a icon that was already thousands of years old, that"
same word twice in a row,salon-085,"red and then blended, but offset the blend. So to give give, so that causes interaction between the colors an"
same word twice in a row,salon-085,s by 3 curators. And they each say very different things things that I wouldn't necessarily have thought about my
a / an mismatch,salon-086,ofs and Cynthia Di Nonato's works here which have a interesting dialogue going on and then we also hav
same word twice in a row,salon-086,"e nucleus of the central characters, and as is in quantum quantum mechanics, electrons obey the Heisenberg uncertai"
same word twice in a row,salon-086,s in a third place. And that's where Google Earth VR VR is. Sort of like now become just a metaphor for t
a / an mismatch,salon-087,"click the next, and here we are.  So this site is a elegant and intimate way of experiencing the art w"
same word twice in a row,salon-087,hank you. Maybe I was. Sorry. Yeah. Thank you. DA QUESTION QUESTION admin Did you want to speak to your work? Yeah. T
same word twice in a row,salon-087,k you for including me in this show thank you Lee wonderful wonderful like a fine wine it takes time Burgum by Malavika
same word twice in a row,salon-087,e Burgum by Malavika Manjulandru is Malavika yeah hi hi thank you Mona for organizing the beautiful exhib
same word twice in a row,salon-087,der and lightning storms and the sprites are like red red lines that come down or something I guess they're
same word twice in a row,salon-087,cutting work so let's move over here to our other cynthia Cynthia Beth Rubin who cannot join us today happy rosh ha
doubled punctuation,salon-087,k you many thanks great asking How did that happen..
same word twice in a row,salon-087,stunning light work happening here thank you yeah bernada bernada bernada bernada bernada yes thank you bernada ber
same word twice in a row,salon-087,ork happening here thank you yeah bernada bernada bernada bernada bernada yes thank you bernada bernada bernada tel
same word twice in a row,salon-087,ada bernada bernada bernada bernada yes thank you bernada bernada bernada tell us about your work bernada well firs
same word twice in a row,salon-087,an nft don't know how to do it he said no you can still still participate so I'm delighted to so I keep I work 
a / an mismatch,salon-087, Observing a layering process that is technically a innate tool of the phone itself.  Not making it in
same word twice in a row,salon-087,"e we go we have chapter three bye Galina, shvenko hi hi I'm here well I'm so thankful to be included in t"
same word twice in a row,salon-088,"f the images no, the woman she's looking out with her her hands. But maybe it was the 1st image where she's"
same word twice in a row,salon-088, That English isn't English now the lingua franca only only because of British colonization. Is that true? Do
same word twice in a row,salon-088,"ages.  And there's a small prompt box, because in viscom viscom can render without prompt. And at the left I just"
a / an mismatch,salon-088,"And then that could be taken, and a actually 3D. Printed so you could go to From a lin"
same word twice in a row,salon-088,"done from okay, I guess I'm revealing age getting older older and better in some ways. But this is 1973. It's m"
a / an mismatch,salon-089,"d interrupt from the computer signaling, which is an signal. Interrupt is a signal that requires the op"
same word twice in a row,salon-090,h became part of my custom 24-bit S100 bus custom computer computer. I also bought a 3D printer and a 3D printer grap
same word twice in a row,salon-090,I laid it on a carpet to photograph I always left clear clear areas in each one of the flexi pieces and I was r
same word twice in a row,salon-091,book Magic Mirror of M.C. Escher and this book on Polyhedra Polyhedra Visual Approach by Anthony Pugh is a brilliant bo
same word twice in a row,salon-091, Fuller community. These are two other books that perception perception and mysticism separate reality. The Carl's Castan
a / an mismatch,salon-091,e had David and we had Rebecca Allen. So that was a exciting moment. And it just began the 1990s. They
same word twice in a row,salon-091,", they're free. We're an artist run organization, everything everything that happens here is volunteer based. So yeah, th"
same word twice in a row,salon-092,. So the artists presenting today are Ariel Baron-Robbins Robbins System.  Michael Pierre Price and Randi Matushevi
same word twice in a row,salon-092,"one of them. And our 1st presenter is Ariel Baron-Robbins Robbins, who is an interdisciplinary artist and academic "
same word twice in a row,salon-092,And it's very. It's nice to see that there's some people people capable of pulling off a deep fake that are on ou
a / an mismatch,salon-092, been a practicer of indigenous spirituality. And a amateur neuroscientist in terms of learning things
same word twice in a row,salon-092,eepy like. They just made this dude come in there into into the into the scene. And now he's just kind of lik
same word twice in a row,salon-092,he intention for printing. And so there's a whole set set of steps that I have to go through.  And it's rea
same word twice in a row,salon-092,isi. So yeah. So now in Moscow. Don't know. Maybe until until summer or longer. Not sure yet.
same word twice in a row,salon-092,"em was saying, that it's about the ethical use of AI AI, cause it's here. It's here. It's here in our lan"
same word twice in a row,salon-092,of stuff. And you know your work definitely makes me me think about all that kind of you know. Those sort
same word twice in a row,salon-093,l as contemporary musical incorporate versions of contemporary contemporary subjects like documentaries as well as took place
same word twice in a row,salon-093,wireframe series based on this body of work I was awarded awarded a full scholarship to the MFA computer art progra
sentence starts with a lowercase letter,salon-093,Thank you. genetics buena tan adalah Summit Management Toolkit
same word twice in a row,salon-093,trailer the first slide is a still from one of my pieces pieces of animation for the final work and I move betwee
doubled punctuation,salon-093, sketches here to embed within my 150 media stream.. This is a very important piece. And the reason th
a / an mismatch,salon-093,and beauty and fashion and fashion and fashion on an virtual basis. When it comes to sport and emotiona
same word twice in a row,salon-094,"work are part of our collection and we are slowly building building up a really kind of a comprehensive, comprehensiv"
same word twice in a row,salon-094,meet and greet at the lobby. So I guess maybe the next next thing is the artists in each individual artist wi
a / an mismatch,salon-094,"And we, we have the our playback system has a has a ability to not only showcase linear pre rendered c"
same word twice in a row,salon-094,usand six hundred. So it's like the equivalent of four four K screens lined up together.  So I'm just going t
a / an mismatch,salon-095,"who I worked for as a studio assistant when I was a undergraduate and Patrick Lifty, who I met in grad"
same word twice in a row,salon-095,faculty member yet? Or no we need this she wasn't exactly exactly into horlingen because did your mommy stop eating
same word twice in a row,salon-095, moment where whether people are you know in this group group or not they are kind of connecting to these thing
a / an mismatch,salon-095, difference between you know maybe a futurist and a expressions but I just think that kind of dialing 
same word twice in a row,salon-096,"ossibilities can come from. It's not static, it's always always creating.  And now we change perspective. Here we"
same word twice in a row,salon-096,t things that you might not seemingly ever expect together together. It's an endless form of fascination for me. I'm 
same word twice in a row,salon-096," building. Here's some stuff I've been doing with AI AI has come along at exactly the right moment, where"
a / an mismatch,salon-096,Yeah. Good question. It's definitely been a iteration in my thought process of Illustrating th
same word twice in a row,salon-096,"Gotcha gotcha. Yeah, I really enjoyed the fact that a lot of th"
same word twice in a row,salon-097, like my apartment which is sort of my art studio art art art gallery and at my son who's a mathematician i
sentence starts with a lowercase letter,salon-097,here was also These Variente artists Right there. customers from riding fast cars at mountain ranges 
same word twice in a row,salon-097,e too have you have you looked at the artists who used used you know painting in their you know in their proc
same word twice in a row,salon-097,ople other artists that use sort of like a sponge type type brush where it goes in and soaks it up and then t
doubled punctuation,salon-097,"hink it's really cool. And a lot of artists do use,, and this kind of, frameworks and yeah, but for me"
same word twice in a row,salon-098,really professional and lucy who's here Lucy Boyd-Wilson wilson the two of them have been working so hard on doin
same word twice in a row,salon-098,to keep everything normal if there be those folks please please share those changes those updates before ber Tag 
same word twice in a row,salon-098,"east a subject, you know, so it was just a really fun fun thing.  And I took all of their images very selec"
same word twice in a row,salon-098,"ind. So, you know, it's impossible.  So the whole digital digital going physical and back is it's an exciting thing"
doubled punctuation,salon-098,"k with if you're interested in learning more about,, that kind of, that kind of process where it'd be "
doubled punctuation,salon-098,"questions for any of the artists that presented or,, if anyone else would like to present, maybe we co"
a / an mismatch,salon-098,"e. Thanks, Anne.  Okay. So I saw that Erin Ko has a announcement about an open call she wanted to shar"
same word twice in a row,salon-100,t where urgench is which I've circled here within uzbekistan uzbekistan is really a desert country so there's a little ba
same word twice in a row,salon-100,h I'm about to show you. And it should start now. Clip clip clip clip clip clip Thank you. Thank you. And gre
same word twice in a row,salon-100,t to show you. And it should start now. Clip clip clip clip clip clip Thank you. Thank you. And great
same word twice in a row,salon-100,you. And it should start now. Clip clip clip clip clip clip Thank you. Thank you. And great
same word twice in a row,salon-100,"in. So he curated Japanese artists and he curated Italian Italian artists and then said to me, well, you could have"
same word twice in a row,salon-100,"in who exhibited and who were Uzbek.  And I found Kukla Kukla car. Sorry, I'm saying her name wrong. And I, I a"
same word twice in a row,salon-101,hoose the polygon it's upper left you can see the poly poly count okay you can see the count so you can choos
same word twice in a row,salon-101,low polygon poly Panda okay fast super smart fast smooth smooth struggling smoothaden smooth çek alternatives sof
same word twice in a row,salon-102,d bodies that then participate in action with one another another. Intraaction understands agency as not an inheren
same word twice in a row,salon-102,"ber of the Explorers Club, and works with Kristen Tierney Tierney Gallery here in New York. Well, I'm not in New Yo"
same word twice in a row,salon-103,tist out of phoenix arizona I want to welcome you today today is february the 5th 2026 and this is Techspressio
same word twice in a row,salon-103,sis in neuro dessemetics and cycles of modules of neural neural blurring and spatial��� at Yale University of Mar
same word twice in a row,salon-103,"radle bloom And arms reached Cleveland, we're now presumed presumed To close with this is not an epic tale Instead we"
a / an mismatch,salon-103,"e graphics, some of them are not AI. Like this is a installation shot from the exhibition in Chelsea t"
doubled punctuation,salon-103,"te it a little bit afterwards.  So fast forward to,, like when, I don't know, the last year or so I, I"
doubled punctuation,salon-103,"hed piece, of the one that was, in the video of me,, running through my printer. And that gives you a "
doubled punctuation,salon-103,.. Thank you. Thank you. Thank you. Thank you. Thank
same word twice in a row,salon-105,"More and more people.  And, I wanted to make it a global global… and I still do, and it started in 2000… and gett"
a / an mismatch,salon-105,"ating that. Outside. And journeyed back again. In an cyclical way. And, and your sculptures are… coming"
same word twice in a row,salon-106,th about making their own space and their own art through through that platform. Roz has a question. Thank you.
a / an mismatch,salon-106,Thing foreboding in the end. And yet there's such a idealism and beauty in the work. And I know in my 
a / an mismatch,salon-106,osite. Or not you're energy and computer. It just a energy is everywhere. And we can see now we exchan
same word twice in a row,salon-106,"n I do painting, I have a change. I exchange with painting painting tell me something I said okay but I prefer this b"
same word twice in a row,salon-106,nt bells and whistles or have you focused down to certain certain peripherals certain devices that you use that you
same word twice in a row,salon-107,Tuning Book Club pollution assessment engineering assessment assessment democracy MAEC Tuningnik Tuningnik Tuningnik Tuni
same word twice in a row,salon-107, engineering assessment assessment democracy MAEC Tuningnik Tuningnik Tuningnik Tuningnikwed It was a machine hell and 
doubled punctuation,salon-107,at love is the most powerful force in the universe.. Love is what I want to communicate as an artist. 
doubled punctuation,salon-107,alities to be effective in a hyper saturated world.. I see myself as an art scientist.. Early on while
doubled punctuation,salon-107,saturated world.. I see myself as an art scientist.. Early on while studying illustration and painting
doubled punctuation,salon-107,ty soon though I was making flying logos on my own..  Still I knew there was much more that could be d
doubled punctuation,salon-107,"e next thing, you know, when you're mentioning the,, the, the professionals that you're working with t"
a / an mismatch,salon-107," like you update a phone, or you know, you update a operating system, and all of a sudden, this, you k"
same word twice in a row,salon-108,"ia, thank you so much for allowing us to use your beautiful beautiful artwork for."
doubled punctuation,salon-108,a good idea. Okay.  So this has. Some nice sort of.. A bit just… and sh. Lots of more of the pieces. M
same word twice in a row,salon-108,"Ambient Ocean. Okay, I have a trailer video where each each of the collaboration projects shows just 20 secon"
same word twice in a row,salon-108,"ant to warn you that the title. The title screens go go past very quickly, and only 2 seconds. So read fa"
a / an mismatch,salon-108,"inating. To see how Randy's work got expressed in a augmented reality, and also in a worlding, as they"
same word twice in a row,salon-109,nes scroll dog patterns letters Villani mountains hacker hacker hacker hunter survived battles mystery evolutiona
a / an mismatch,salon-109,"uld say, called primordial morphologies. And it's a expedition report of an archaeological team, numbe"
a / an mismatch,salon-109," way I was really able to explore it kind of with a almost a naive approach, you know, and just in a f"
same word twice in a row,salon-109,nt college Russia until half one times could seem far far away from beautiful Amazon freehouse until ever s
same word twice in a row,salon-109,tonin that's the color of my room where it's time blue blue all right very different thanks for sharing that 
a / an mismatch,salon-109,"boy, glitchy presentation like ever. Boy, is that a expressionism classic, right? So we glitched it up"
same word twice in a row,salon-109,"commercial enterprises, advertising material, not fine fine art. They like the term Techspressionist because "
doubled punctuation,salon-109,"those of us who in the past, it's great. It's like,, I think it was, who said it? Oh, Faulkner. He sai"
same word twice in a row,salon-110,"t bother me.  But yeah, so my name is Ariel Baron-Robbins Robbins. I'm an artist. I am a professor. And that's supp"
same word twice in a row,salon-110,alk a little bit about maybe about the design and communication communication like I want to mention too that cha he was like a
same word twice in a row,salon-110," like nonstop.  And also it's like a, it's like a way way of meet again all the like the former loopers loo"
same word twice in a row,salon-110,k so how you're on right I thought I saw you yeah hi hi hi everyone so I'm sahar I'm oh I'm sahar hi I'm 
same word twice in a row,salon-110,"features of the verse, we learn how to upload and incorporate incorporate texts, images and emojis as well as how to use th"
same word twice in a row,salon-110,"as how to use the pen tool.  We also learn how to navigate navigate the verse, including how to move, explore and fly"
same word twice in a row,salon-110," awful during the residency, and see and I missed many many stuff but now this is my verse here I'm gonna fly"
missing space after a period or comma,salon-110,"ust see that it is the MUD Foundation. It is the Mud.Foundation.  So it's a nonprofit. And it is, it is c"
same word twice in a row,salon-110,"enata created. So hold your questions until after Renata Renata, are you able to share a screen and talk about th"
a / an mismatch,salon-110," that when anybody mentions anything that is like a article, or a YouTube video or a new program or so"
same word twice in a row,interview-001,"think, was an influence on my painting style. The works works behind me are a couple paintings in progress righ"
same word twice in a row,interview-001,yeah I would say like you know the influences are fairly fairly diverse you know and certainly at you know the di
same word twice in a row,interview-001,"e idea of a gesture that is, I'll make a gestural mark mark on the tablet and then rotate it in 3D space or e"
same word twice in a row,interview-002,Yeah that makes a lot of sense you know definitely definitely so do you have any specific influences as far as 
same word twice in a row,interview-002,Can you hear me now? Testing testing.
same word twice in a row,interview-002,"very strange. You know, it's kind of like Pokemon type type collecting, but like evolved into some strange cr"
same word twice in a row,interview-005,hat I think it's over there but yeah there's only three three all-male colleges mainstream colleges left yeah t
same word twice in a row,interview-005,oup of like me Patrick Steve Oz and Helen that we met met up and sort of started kicking ideas around so th
same word twice in a row,interview-005,virtual canvas so to speak because I it took me a minute minute to realize that what was going on though as I was
same word twice in a row,interview-005,se days but like just the being able to play with lighting lighting and shadows color theory general composition theo
same word twice in a row,interview-005, just moving my stylus across the canvas and like whatever whatever develops is going to develop. I was I didn't have
same word twice in a row,interview-005,ly me and so I made a conscious effort I was like while while I'm working on this while I'm doing this stuff I 
same word twice in a row,interview-005,Yeah cool cool right on yeah I mean I know you mentioned Basquia
same word twice in a row,interview-005,"it's not that. And just because, because I didn't necessarily necessarily follow or fit into the boxes of, okay, this is ki"
same word twice in a row,interview-005,t on an online dating site you know years ago and her her nephew was like oh when are you gonna message tha
same word twice in a row,interview-005,be a part of this yeah like wow this is something worth worth you know moving forward with you know and as time
same word twice in a row,interview-005, just use whatever tools are around for millennia since since you know start with like rocks rocks were availab
same word twice in a row,interview-005,or millennia since since you know start with like rocks rocks were available you know so to me it's like you kn
same word twice in a row,interview-005,t in the Shell. Yeah. Katsuhiro otomo yeah I mean amazing amazing work and then ghost in the shell the first time I
same word twice in a row,interview-005,But it's funny funny how things change and develop yeah no absolutely 
same word twice in a row,interview-005,funny funny how things change and develop yeah no absolutely absolutely and how you know like I mean anime and manga and 
same word twice in a row,interview-005, I kind of have a not necessarily strained but my family family does at times feel like it's like the status of m
same word twice in a row,interview-005,"Yes. This one is. I use the mirroring mirroring technique, and this is actually the same brushes "
same word twice in a row,interview-005,Me running running my mouth off as I am want to do these days
same word twice in a row,interview-006,ology is part of my voice so I'd say that kind of lays lays the lays the groundwork of how I resonate with yo
same word twice in a row,interview-006, we're looking we're looking at them as supremely political political positions and right the thing is that going from 
same word twice in a row,interview-006,en also on the other hand is that then how we see technology technology as an as a man as a matter of agent in order to d
same word twice in a row,interview-006, of technology and the one thing that I'm kind of begging begging the argument of is saying is that I'm just don't 
same word twice in a row,interview-006," out there someone said oh you mean you pressed a button button and the computer did it for you.  Sorry, we're no"
same word twice in a row,interview-006,"ur work as, you know, like digital computer-based technology technology start coming into your work as a medium or as you"
same word twice in a row,interview-006,"kind of, you know, kind of almost like, you know, Zen Zen data, good tie, you know, in the, you know, like "
doubled punctuation,interview-006,"rtist work.  And then I started working with these,, autonomous rovers starting in about early two tho"
same word twice in a row,interview-006,tty much defined it best and saying that you know art art that's a pros art that is the result of the socia
same word twice in a row,interview-006, I mean I've done about three four hundred pieces using using do you
same word twice in a row,interview-006, how I this is how I how I do this in other words each each of each of my executions you know of maybe this c
same word twice in a row,interview-006,look at the patterns of my consciousness you know through through creativity
same word twice in a row,interview-006,Yep yep yep and then the other the other thing and that I
same word twice in a row,interview-006,working with the sketch to painting things in the play play form project and you know this is also something 
same word twice in a row,interview-006,id from AI style transfers from photographs of my old old institution in abu dhabi inside university and so
same word twice in a row,interview-007, which room it was at that time this was like the mid mid 60s probably about 66 or so I was captivated ther
same word twice in a row,interview-007,Where our lives I thought you said said light our lives lives it's nature it's where natu
same word twice in a row,interview-007,Where our lives I thought you said said light our lives lives it's nature it's where nature exists because
a / an mismatch,interview-007,"m getting around to it. So in 2018, I applied for a artist call for a show that was called The Art of "
same word twice in a row,interview-007,"story unfolds. So if you start making smaller and smaller smaller, how do you view the work that way? What does it "
same word twice in a row,interview-008, grid is drawn using like a squeeze bottle. I had done done the grid by pencil and then I went over the grid 
doubled punctuation,interview-008,"It also was a little like a Chinese sort of,, landscape in it somewhere."
doubled punctuation,interview-008,"And this is just, this is a book that,, Al Gore, won the Nobel prize for, and I, I photog"
same word twice in a row,interview-008,", I think that can be made through the space that gets gets beyond the body in a way. So it's, it's, it's cur"
same word twice in a row,interview-009," the robot. So, you know, maybe if you could just tell tell us a little bit more about that, you know, that p"
same word twice in a row,interview-009,"ans are paid on Spotify something like zero point zero zero zero five cents, five dollars per stream.  Like u"
same word twice in a row,interview-009,"asons why blockchain and blockchain based economy should should exist, you know. And I think that.  That's, you k"
same word twice in a row,interview-010,the laser just kept cutting through the vinyl the vellum vellum vellum until it fell out and it creates this real
doubled punctuation,interview-010,"from the drone and taking them into again, digital,, coding language and actually pulling out the pixe"
same word twice in a row,interview-010,"an art movement. But it's this idea that there is even even though there's always a digital artifact, there i"
same word twice in a row,interview-010," friend and know like, you know, like this person might might be interested or appreciate this and then just ge"
same word twice in a row,interview-011," that, but it had all kinds of pieces in it, like Doobie Doobie Doo and Caduceus. And sorry, I forget. I'm forget"
same word twice in a row,interview-011," inside of the, the lamp over here. There was the doobie doobie doo back there in the corner. And those are the m"
same word twice in a row,interview-011,"up, you know, kind of mini computer, you know, or mini mini mainframe or whatever you want to call it. So but"
same word twice in a row,interview-011, into place and keeps it keeps it set and it just once once you have the 3d model that 3d model is translatab
same word twice in a row,interview-011, situation or through various tool paths in a cab cam cam standing for computer aided manufacturer kind of 
same word twice in a row,interview-011,"Yeah, this is you know, this is my most most recent body of work. And it is. Wait, somehow I'm"
same word twice in a row,interview-012,"ly did as much to popularize, you know, the, the, creative creative notions of VR as anybody, don't you think?"
same word twice in a row,interview-012,was that had our bite chin which was kind of like child child worker but with the with the german flag colors t
same word twice in a row,interview-012,rds what is it in what mccluhan was talking about hot hot and bold media in other words you get you're gett
same word twice in a row,interview-013,concept in my mind calls for is what I'm going to go go to create with. So now I work at the Jesse Norman
same word twice in a row,interview-013,as the program that I started using you know as a young young art wannabe artist wannabe so I want to be you ju
same word twice in a row,interview-013,at was where my concerns were and I got away from art art like the art for art's sake says this kind of stu
same word twice in a row,interview-013,he fourth generation right over here nice yeah so big big big fans here too very cool back to art stuff now
same word twice in a row,interview-013,now I think that's kind of really that's really a huge huge influence for me kind of pop culture sort of thin
same word twice in a row,interview-013,ensive particularly offensive so this one offends pretty pretty regularly but what I wanted to say some of my fri
a / an mismatch,interview-013,now 15th century France it's like no I still have a interesting saleable hangable piece yeah so this w
same word twice in a row,interview-013,ded up better for some reason so my atoms kind of never never were as compelling to me for whatever reason this
same word twice in a row,interview-013, I recently just traded with colin on which I was pretty pretty excited so I think I might have a better picture 
same word twice in a row,interview-013,se kind of thing so some kind of photograms I did legos legos legos so this was a display that I did in my seni
same word twice in a row,interview-013, first real digital piece and my first real piece since since leaving college and this is more of like a person
same word twice in a row,interview-013,I've been kind of working on these sort of really heavy heavy conceptual things so this originally came from an
same word twice in a row,interview-013,about that I mean it works though it does it does whatever whatever can get you to understand that everything we're a
same word twice in a row,interview-013, you to understand that everything we're all just shapes shapes so this is my this is my skelly bot christmas car
same word twice in a row,interview-013,e to be more of a part of but kovat happened like six six months after we moved into the city or like on th
same word twice in a row,interview-013, can't be in the galleries because right well but soon soon I got the vaccine shot number one down so good jo
same word twice in a row,interview-013,you know maybe put out a book have a book signing whatever whatever happens you know I'm a very kind of go with the f
same word twice in a row,interview-013,I think we can go ahead and start wrapping wrapping this up we our interview has gone over a little o
same word twice in a row,interview-013,We made it so you have any parting parting thoughts party insights before we wrap things up 
same word twice in a row,interview-013,"you so much for having me and thank you thank you Colin Colin and everybody else, of course, for having me as p"
a / an mismatch,interview-014, the present for the women's United States and is an forever running center of power. She's also an art
doubled punctuation,interview-014,"l LeWitt and the idea of iteration and process and,, other procedural drawing, things like that. So in"
a / an mismatch,interview-015,"Everything at these scales is an this scale. However, I've decided to make editions"
doubled punctuation,interview-015,Right. The multi..
doubled punctuation,interview-015,"Over here, you can see some flowers that were. And.. So I really like the idea of not trying to make i"
same word twice in a row,interview-015,"Or it may not be recognized until until someone finds the capsule, you know, out there in"
same word twice in a row,interview-015,y might not understand it but there's no sentient being being who wouldn't recognize the quality of something l
same word twice in a row,interview-016,now what I find most interesting is like you know hearing hearing what artists think about this idea from a first p
same word twice in a row,interview-016,"hat each person that sort of hears this phrase or word word or whatever you want to call it, comes at it from"
same word twice in a row,interview-017,There's a warning sign. There's clouds clouds that are billowing from actually a chimney. This 
a / an mismatch,interview-018, they're so odd and different and unusual there's a eerie beauty to these that it's just and I like th
same word twice in a row,interview-018,m gonna stop a few more questions and we're gonna sure sure just ask them I'll talk about the collector since
same word twice in a row,interview-018,t's a very moving piece because our artists would never never stop developing digital vegetables only once per 
a / an mismatch,interview-018,"at you're doing or I'm doing that's coming out of a artist process. You know, it's a little more enter"
same word twice in a row,interview-019,Yeah so we used to have a small small room but in we in our college we have a system fr
same word twice in a row,interview-019, seeing and picking it's still your eye. You know seeing seeing what you want to see.
same word twice in a row,interview-019,"xtreme on the right side, the down bottom is on a leisure leisure and gravy try to understand continuously I'm usin"
same word twice in a row,interview-019,"itra, In my mixed media world, so when I am using text text person is as when I'm working as a tech specialis"
same word twice in a row,interview-019,"tographs are maximum either from. Srimoyee Mitra, Bombay Bombay I will not say Bombay it was it is a little far f"
a / an mismatch,interview-019," not for this he given me the chance, so there is a emotional touch, though it is a digital world, but"
same word twice in a row,interview-020,"Very much so. I think the Mediterranean, even even, you know, as you go further north in France, I t"
same word twice in a row,interview-020,end up but I do know that nine of them are in the art art substitute pavilion oh oh oh! Neat so except for 
same word twice in a row,interview-020,a lot of just you know people wanting to think of fearless fearless bravery eternal youth a mystic who heard voices t
a / an mismatch,interview-020,s that mystical quality about her and I put I put a initial r on her chest again with a modern that's 
same word twice in a row,interview-020, an issue that I ran into with my exhibit as well since since the ar that I had in that exhibit that just ended
same word twice in a row,interview-020,aking part in exhibitions continuing to meet with people people either one-on-one like on Zoom or going to the sa
same word twice in a row,interview-021,he background there okay that's cool yeah so it's fascinating fascinating synchronicities and I think I meant it was fascin
same word twice in a row,interview-021,"ose, that same group of people, Pollock, and that whole whole set of people. Ippolito came from Italy, I believ"
same word twice in a row,interview-021," of, of more abstract forms. They were out in the pop pop culture. So, but I was digging on, you know, liki"
a / an mismatch,interview-021,th some images sure okay cool I have sort of like a okay sort of like a slideshow here that I'm just s
same word twice in a row,interview-021,"zoom in more. So yeah, there's all these symmetry patterns patterns that Escher, he made zoomorphic patterns for all,"
same word twice in a row,interview-021,ere's an example of sort of an expressive drawing using using using using these polyhedral ideas. And you can s
same word twice in a row,interview-021,mple of sort of an expressive drawing using using using using these polyhedral ideas. And you can see these clu
same word twice in a row,interview-021,"ow, in that way. And maybe that's what, you know, makes makes art different from design, you know, in a sense, "
same word twice in a row,interview-021," like just some kind of like crazy version of it. Same same elements, but just kind of."
same word twice in a row,interview-021,"a really interesting, you know, how the treatment references references technology, you know, in the way that the images "
same word twice in a row,interview-021,ssed graphically you know as we as we can do with graphics graphics are when I say graphics I just as a general categ
same word twice in a row,interview-021, is all of this kind of chaotic jumble but if you look look again you'll see that the jumble is created by yo
same word twice in a row,interview-021,ts time she worked at soft image it was really an awesome awesome piece so I met I think I met roz during that time
same word twice in a row,interview-021,ionists because they were bringing in abstraction non non-objective form as they used to say and then there
same word twice in a row,interview-021,hat's an interesting portmanteau and the way that expressionism expressionism it just sort of flows phonetically but part of it
same word twice in a row,interview-021,d yeah all right victor until next time yeah it's great great to see you colin likewise
same word twice in a row,interview-022,a time in the hospital and then I would have this amazing amazing freedom when I came home at the at the ocean so t
same word twice in a row,interview-022,large some of them they ran between 20 inches and three three and a half feet and we sold this all the time peo
same word twice in a row,interview-023,e view works of art and that includes art made by technology technology well
same word twice in a row,interview-023,"also the consideration that. Once you've decided. Excuse excuse me, once you've decided that you want to use this"
a / an mismatch,interview-024,"assical position here. Began in 80, 81 when I was a artist in residence at the Art Institute in San Fr"
same word twice in a row,interview-026,f my present influences she is giving talks about young young art and alchemy and the alchemical imagination an
same word twice in a row,interview-026,e major impact of the Batman in themitation is me BAMF BAMF BAMF
same word twice in a row,interview-026, city to see shows and go to the museums together sixth sixth grade and he said that I was an artist he liked m
same word twice in a row,interview-027," book. All the different, you know, grade levels, elementary elementary through middle school. And yeah, really, there's "
same word twice in a row,interview-027,"n touch with the land, and Cycles and seasons and Weather weather's like really important. In my cultural. Lineage "
same word twice in a row,interview-027,and then bringing ritual back into practice.  And food Food's been a very important influential part of my fa
a / an mismatch,interview-027,e floor. There's a whiteboard. There's the we did a exquisite corpse with the audience together.  And 
same word twice in a row,interview-027,"nd because of the pandemic we were like building, building building, and then the pandemic hit, and this all kind of "
a / an mismatch,interview-027,enerative Artist making A dance that was built on a experimental score.  So it's always different ever
same word twice in a row,interview-027," we live in, you know. And. You know I was. I was talking talking about this to someone recently. How. Expressionis"
same word twice in a row,interview-027,"uratively. Or you know, there's this sort of very wide wide range of styles. And it would be a mistake, I thi"
same word twice in a row,interview-027," interesting to you know, really get some insight into into what the work is about, you know, and I think tha"
same word twice in a row,interview-027,"ut whatever it took to get people's attention, it showed showed people that.  You know, this is not A fringe situ"
same word twice in a row,interview-028,"man voice. In a digital age.  A co-founder of the verse verse, and a graduate of Harvard and Oxford. She has se"
same word twice in a row,interview-028,Absolutely absolutely so. Would you mind telling us a little bit about 
same word twice in a row,interview-028,n table. You know it was maybe a little different than than you know. Some of my friends households in that w
same word twice in a row,interview-028,"t's interesting. Yeah, I could definitely I could see see where you're coming from with that. I noticed in "
same word twice in a row,interview-028,"ke little kind of Jupiter notebooks, and you know various various sort of kind of beginner level code poems and thi"
same word twice in a row,interview-028,ctually be used to take one's own work and create new new things out of it. I think that's something that I
same word twice in a row,interview-028,"creating. You know, it opens the door to creating new new ideas and interesting things. So."
same word twice in a row,interview-028,now. Can you? Can you talk a little bit about the verse verse and what that's all about.
same word twice in a row,interview-029," or emerging from this early dolls work, which we're re-staging, with the original dancer, who's a good f"
same word twice in a row,roundtable-001,"Okay, I hope that came came across all right. So I am going to open up the co"
same word twice in a row,roundtable-001,hat is or is not expressing emotional experience. Most Most artists tend to be deeply involved into their wor
same word twice in a row,roundtable-001,"Oh, absolutely absolutely not so this is precisely what I do not mean you k"
doubled punctuation,roundtable-002,.. I wanted to talk a little bit about my animations
same word twice in a row,roundtable-002,"state two.  Touch, digit, finger, heart touch. My little little diagram up there. You're starting to touch the wo"
same word twice in a row,roundtable-002,"ng more confident. You know, I learned how to say bleep bleep. I guess we're on Techspressionism. We know that "
a / an mismatch,roundtable-003,"t I included. This work, however, was not part of a artist-scientist collaboration per se. Rather, I w"
same word twice in a row,roundtable-003,"ere's so much of it. And I wanted to add silicone silica silica, because I, because I like to do too much. This i"
same word twice in a row,roundtable-003,"t kind of curious as an artist, what that meshing between between not just science, but a particular area of expert"
same word twice in a row,roundtable-004,"er, they pull apart, and you've just had two dead white white blood cells at the moment. So I was looking insid"
same word twice in a row,roundtable-004,things and the computer being one of them so that icbm icbm missile mapping system was like wow you know it's
same word twice in a row,roundtable-004, just as way vanitas changed still life so it was clear clear that technology was going to offer the opportunit
same word twice in a row,roundtable-004,I appreciate both both of your perspectives and answers. I know from my 
same word twice in a row,roundtable-004,"ivity patterns like many things we always have to specialize specialize always specialize. But in the end, I think like k"
same word twice in a row,roundtable-005," of. And so, you know, Davo kind of really got me over over any trepidation I might have had for joining some"
same word twice in a row,roundtable-005,"rt of formal training? Was that important to you, either either in school or education wise? Or did you get a cha"
same word twice in a row,roundtable-005,"here was no defined explanation, and that kind of freed Freed me from. You know it allowed me to open up to abs"
same word twice in a row,roundtable-005,"as very useful, too. This very tight academic. We research research group with like happenings. And I just like, you "
same word twice in a row,roundtable-005,"nding that, like I can do something with this. It looks looks like I can play with this. And it's really intere"
same word twice in a row,roundtable-005,"hen taking it back into like pro everything I do, even even with video work. It's like I process, I process. "
same word twice in a row,roundtable-005,ad a chance to address yet that you're hoping for whatever whatever sort of forward looking answer you want to sort o
same word twice in a row,roundtable-006,"ng herself as an artist who uses a camera to make her her statements, her pictures, not a photographer. And"
a / an mismatch,presentation-001, First let's see if anyone in the maker space has a answer to that and then I would love to hear from 
a / an mismatch,presentation-002,this group. We have virtual co-working and we had a exhibition at the museum of contemporary art in Ur
missing space after a period or comma,presentation-003, are parts and pieces that we're assembling right now.So you can see that the arrows spin in 3D space. Whe
doubled punctuation,presentation-003,". Barry Sterman's neuropsychology lab in Sepulveda,, California. And he said, well, you can use my PDP"
missing space after a period or comma,presentation-003," did. These are the scientists that I was working with.Susanne Menden-Deuer is the head of the lab, the pri"
doubled punctuation,presentation-003, know whether that answers your question.  So well.. Would the people get excited kind of seeing simul
same word twice in a row,presentation-003,"Wonder somewhat how these scientists see see the work that you all have created. I mean Karen,"
same word twice in a row,presentation-003,eir work? Not only lectures but research journals etc etc Yeah they're very excited.  The scientists that I
missing space after a period or comma,presentation-003,there's still some inequities in publicity and in funding.So I think there's a lot there's a lot to do and the
missing space after a period or comma,presentation-004,"ch kind of moved around on the canvas and dropped lines.Another artist, another painter, who started working"
same word twice in a row,presentation-004,desktop could be told to dream fascinated me.  So here here's an example of some of his pseudo code. The idea
same word twice in a row,presentation-004,"crylic painting called Sky People, which was also done done in high school. We got our first family computer "
doubled punctuation,presentation-004,"so an open- source alternative called Inkscape. So,, those of you in the maker space, you might want t"
doubled punctuation,presentation-004, in raster it's a line of numbers in memory. Right.. And I think Yeah. I think it's interesting becaus
same word twice in a row,presentation-004,ut that wouldn't make them digital artists. Every almost almost every serious photographer on the planet is using
same word twice in a row,presentation-005,"encing as Visual Expression. My name is Lucy Boyd-Wilson Wilson. I'm an artist, a technologist, and a former anim"
same word twice in a row,presentation-005,to calculate a new pixel position and the program takes takes the pixel at the new position from the to calcula
space before punctuation,presentation-006,tually see? So maybe this is what they're seeing.  .
same word twice in a row,presentation-006,"scans are a usually handheld device that combines laser laser beams to position models, 3D objects and photogra"
same word twice in a row,presentation-006,ally aligned with the point cloud. So this is the laser laser beam that is produced by the laser. So here you s
sentence starts with a lowercase letter,presentation-006,"ng. This interaction of lines and forms, and the! stems from my early career creating Finnish fetish "
same word twice in a row,presentation-006,"Dorothea Lange, where the reason those images are such such powerful as they captured that moment. And the pe"
same word twice in a row,presentation-006, The place imposes a different something onto the individual individual. So I think that's what you're trying to do.
a / an mismatch,presentation-006,"t's not like you're trying to say, like, it's not an varioy. Something interesting, I mean it's kept, l"
a / an mismatch,presentation-007,", of water. And from this Goethe asked that he do a atlas of clouds for him being that Goethe was a su"
missing space after a period or comma,presentation-007,"ternet at Loop Art Critique which you can find at loop.Onland.io. I'm in a couple of museum collections, th"
missing space after a period or comma,presentation-008," way down to the ground, which makes it even more immersive.Many planetariums, these dome screen hovers above yo"
doubled punctuation,presentation-008,"? So, whoever wants to go for it, go for it.  Well,, for myself, I,, want to be,, creating environment"
doubled punctuation,presentation-008,"nts to go for it, go for it.  Well,, for myself, I,, want to be,, creating environments that entirely "
doubled punctuation,presentation-008," it, go for it.  Well,, for myself, I,, want to be,, creating environments that entirely surround the "
doubled punctuation,presentation-008,"center is closing in 10 minutes over in Qarshi. So,, it may I don't know if the noise outside is going"
doubled punctuation,presentation-008,"e noise outside is going to be really too loud. So,, but yeah, I mean, I think that 3D definitely chan"
same word twice in a row,presentation-008,"ss ourselves and to be inspired by each other. So many many thanks to all of you, and Cynthia, many thanks to"
doubled punctuation,presentation-008," you to summarize.  Well, it's been, I have to say,, as not only a moderator, but a participating arti"
doubled punctuation,presentation-008,"t only a moderator, but a participating artist and,, a viewer of many of the presentations that have b"
same word twice in a row,presentation-009,. It's just fun.  And also it really gives you an idea idea of the process rather than the end product you kn
same word twice in a row,presentation-009,"intings become more colorful, bright colors, like her her death that this would become a museum and a study"
same word twice in a row,presentation-009," technology for this talk today, we're not really including including video art and movies and things of that nature. W"
same word twice in a row,presentation-009," Warhol and of course he did many celebrities and things things that were very popular at the time, like the famo"
same word twice in a row,presentation-009,"ter, and he was the head of the art department at South South. And I grew up in Southampton College where my fa"
same word twice in a row,presentation-009,"awn digitally in Adobe Illustrator, using sort of wireframe wireframe tools.  And then projected and then I executed it"
same word twice in a row,presentation-009,o's a co-founder of the tech expression group was another another MFA computer arts student in that program with me
same word twice in a row,presentation-009,"e think of something.  So, so there's a series of pieces pieces that I have. Let me see if I can pull up a browse"
same word twice in a row,presentation-009," what made you take that image of that particular street street corner or something like that. So anyway, that's "
same word twice in a row,presentation-009,"So where is Renata Renata,"
