session,candidate_name,matched_text,similarity,context,cue_start
salon-008,Malavika Mandal Andrew,malavika i'm an,0.7,t it okay so i'll try one more time thank you so my name is malavika i'm an artist and my main education is in textile designing i did ,3.99
salon-008,Emily B. Schilling,emily bruton-schilling,0.8,is in here emily would you like to present hi everybody i'm emily bruton-schilling and i'm here from new york city and very excited to be here,3.99
salon-008,Anne Spalter,an alter,0.8,ke collaboratively that if there's a space that you know if an alter an alternate space other than coons matrix for all of the f,3.99
salon-009,Brandon S Gellis,brandon gallis,0.87, thank you gregory all right moving down the list we've got brandon gallis hi yes thank you and thanks for not butchering my last name,3.67
salon-009,Roman Verostko,roman vorosco,0.81, that really split is that when i started working with what roman vorosco an artist inven in minneapolis would call algorithm in othe,3.67
salon-009,Anne Spalter,and spalter,0.87,nter and one of the board members said you know this person and spalter have you heard of her and i hadn't at the time and she said,3.67
salon-010,Anne Morgan Spalter,and michael spalter,0.68,utiful work and the traditional art world really hated them and michael spalter who is a did an art history major at brown said wow this is,4.23
salon-011,Randi Matushevitz,randy matashevitz,0.88,s randy so hold on good to see you still there randy hi i'm randy matashevitz i'm very new to the group but this is my second meeting i c,3.11
salon-011,Matej Vakula,mate bakula,0.87,old on all right there we go i hope it works now my name is mate bakula i'm an artist and also i i'm finishing now my phd at rensse,3.11
salon-012,Verneda Lights,vernetta lights,0.9, they surrounded in plastic for protection i think that was vernetta lights right and so the real world correlate i can you can you be ,6.95
salon-013,Michael Pierre Price,michael pierce,0.82, of you younger ones coming in here now it's something that michael pierce and i talked about pierre price have talked about as well b,4.23
salon-013,Michael Pointer,michael pierce,0.83, of you younger ones coming in here now it's something that michael pierce and i talked about pierre price have talked about as well b,4.23
salon-013,Leila Pinto,lead into,0.8,se you'd call it and the aesthetics from a few pieces would lead into each other so yeah it does in a way yeah but okay i was jus,4.23
salon-013,Giovanna Sun,giovanna,0.8,u have different periods of work yeah i see a question from giovanna and that's a good question too about she said i have an nft,4.23
salon-014,Deann S Hasinoff,Deann Stein Hasinoff,0.89,ity today we have presenting susan detroi Sherry Karver and Deann Stein Hasinoff hall hassan off i think i said that correctly i hope i did ,3.35
salon-014,Sue Beyer,sue buyer,0.89,hundred pieces after you paid the initial gas fee thanks to sue buyer she actually let let us know about that you know so i jumpe,3.35
salon-014,Andrea Bonaceto,andrea bonaccito,0.9,t about it next next time we have i believe it's so we have andrea bonaccito yeah yeah so lineup andrea actually if you guys hadn't hear,3.35
salon-015,Brandon S Gellis,brandon gillis,0.87,oing to be passing the torch of the exhibition installer to brandon gillis for that that particular installation of the this project h,3.19
salon-015,Michael Strevens,michael reese,0.83,k so within the next couple of days i'm going to be posting michael reese the interview that i did with him last week which is a real,3.19
salon-015,Anne Spalter,ann svalter,0.87,recently talking with people a little bit i remember asking ann svalter about this with working with ai and and recently listening ,3.19
salon-016,Colman Jones,column one,0.82, know i think that's i think it's perfectly fine one of the column one of the i was watching a a youtube video the other day it wa,3.43
salon-016,Gregory Little,greg little,0.88,hat you know like patrick just did his first interview with greg little who is our graduate advisor and you know i would encourage ,3.43
salon-017,Tommy Mintz,tommy mintz's,0.92,timonial about the the value of this is recently like i saw tommy mintz's work that he showed with his photography and the what he cr,4.95
salon-018,Patrick Lichty,patrick lichthe,0.9,ages for a couple other shows my colleague from grad school patrick lichthe and i are curating a show that's going to be an online exhi,8.07
salon-018,Gregory Little,greg little,0.88,st for the next salon which is going to be on june 8th it's greg little who was at bowling green state university he's in in the zo,8.07
salon-020,Cynthia Beth Rubin,cynthia rubin,0.84,where cynthia came from i guess because i was talking about cynthia rubin a second ago wait i kind of love it because you got the las,4.31
salon-020,Michael Pointer,michael another,0.8,ten thousand women thank you oh and we have a question from michael another question like had one chat but he also has something to say,4.31
salon-020,Gregory Little,greg little,0.88, in those giant installations but no one can do it nice and greg little wants to know is are your animations looping they're loopin,4.31
salon-021,Clayton Campbell,colin campbell,0.8,nfluenced by norman mclaren who is a canadian filmmaker was colin campbell who was a canadian video artist and jan swinburne and clive,3.43
salon-023,Cynthia Beth Rubin,cynthia rubin,0.84,chat from earlier which we've kind of already answered from cynthia rubin but she wants to know do you need a gaming interface to use,5.51
salon-023,Rebecca Tombaugh,rebecca tombo,0.83,rtists including two that are presenting today it should be rebecca tombo and cynthia oh god i don't want to butcher your last name d,5.51
salon-024,John Zieman,john lean,0.8,ll the way back to the iphone 4 and and there's a filmmaker john lean and there's a couple of photographers everybody's got their,6.07
salon-025,Brandon S Gellis,brandon gallus,0.8,alavika and ryan henderson and then we have a negin and and brandon gallus or jealous ellis i think ellis yep and then darcy who just ,6.07
salon-025,Carolina Ramonde,caro ramonde,0.86,nother pairing and then michael pointer is also paired with caro ramonde so there's six pairs all together and each pairing produced,6.07
salon-025,David Mew,david m,0.88,re active in the 1980s in digital art which includes myself david m koko khan and michael wright and in in a context of a organ,6.07
salon-025,Mac Premo,mac problem,0.8,s i won't be first okay all right that's that's fine it's a mac problem or a mac security issue i'm i'm ready to i'm cute yeah you ,6.07
salon-026,Carolina Ramonde,carol ramonde,0.9,lose to my middle name because my real name is ramon but so carol ramonde yeah and michael so what do you who wants to speak first go,6.23
salon-026,Andrew Reach,and preach,0.82,hich christ tells his disciples to go ye into all the world and preach the gospel okay to spread the message and the good news of ,6.23
salon-028,Ben Red,be ruled,0.8,ant to do different things i just break out i don't like to be ruled too much by too many strict rules but i do start out with t,5.91
salon-029,Oz Van Rosen,osvan rosen,0.87,ideas in addition to myself steve miller helen harrison and osvan rosen the first salon included artist and theorist patrick lichty,5.43
salon-029,Andy Wauman,and human,0.8,ow an mk15 and and tools are beautiful and brilliant things and human beings are are pretty brilliant too but where it's all abou,5.43
salon-029,Ben Red,be read,0.86,her that in the original biblical text it's not intended to be read either because it uses mycography little writing so that's ,5.43
salon-029,Sean Mick,sean mc,0.88,guess wants to go if you want to pull his his work up maybe sean mc correct yep all right that's the one the ones that has anim,5.43
salon-029,Gregory Little,greg little,0.88,ned our mfa degrees in computer art together studying under greg little whose work is also included in this exhibition which patric,5.43
salon-029,Alan Kinnard,alan kennard,0.92,ue because i i forgot that we had two so sorry all right so alan kennard i'm here thanks davo all right this piece is part of a seri,5.43
salon-030,RnD Team,red team,0.88,is painting and then it was actually a very like orange and red team based artwork and then last minute i added color correction,5.43
salon-030,Giovanna Sun,giovanna,0.8,ght not be seeing the chat this is true quick quick rundown giovanna has a showcase for specialism at the williamsburg hotel in ,5.43
salon-031,Cynthia Beth Rubin,cynthia rubin,0.84,lly absolutely thank you so much oh we have a question from cynthia rubin you know so i just wanted to jump on that what i wrote in t,5.83
salon-031,Giovanna Sun,giovanna stuff,0.85,lly only have 30 minutes left and i know we need to get the giovanna stuff but i'll try to get through these really quick try to highl,5.83
salon-032,Ben Red,be fired,0.8,gital the guns often want to be in check they don't want to be fired i feel when i'm doing them there's some sort of wrestling m,5.59
salon-033,LINDSAY KOKOSKA,lindsay,0.64,s colin who coined the term to expressionism nina david and lindsay are presenters for today and our wonderful audience of othe,5.91
salon-033,Lee Day,lee okay,0.8,we have that i think Lee Schnaiberg is one of the or no not lee okay he's shaking his eye but yes there are a couple of people t,5.91
salon-034,Michael Farmer,michael earlier,0.83,ations today has been about nfts and our nfts in art i know michael earlier you had you said you had something that you were potentiall,6.07
salon-034,Giovanna Sun,giovanna's son,0.85,bout the how did you find out about the salon i am i follow giovanna's son on clubhouse and we've been in a few rooms together and i s,6.07
salon-034,Michael Roller,michael earlier,0.83,ations today has been about nfts and our nfts in art i know michael earlier you had you said you had something that you were potentiall,6.07
salon-035,Prïnce Magnølïa,prince magnolia,0.8,rst artist and then we have a pair of collaborating artists prince magnolia and st rivera and then rounding out our salon today is Mich,7.11
salon-036,Lee Day,like day,0.8,he canvas and later i took a photo and scanning the digital like day of digital data and then i like randomly like program like ,5.75
salon-037,PATRICK LICHTY,patrick,0.67,ts well my cake is pretty baked okay thanks great all right patrick i know we're at 705 so we're a couple of minutes over over ,5.91
salon-037,Diana de Avila,diana diavila,0.89, to go all right do you have the floor thank you my name is diana diavila can you see this first of all give me a yep okay great i'm ,5.91
salon-037,Ben Red,been re,0.86, actually created in the midst of an insomnia bout and it's been re it's a fractal recreated manipulated and recreated again wi,5.91
salon-040,Andy Thomas,andy thomas's,0.92,just went up and the russian artist muth and this is one of andy thomas's nfts at the top there's nagin's piece which was selected by,7.19
salon-040,Susan Huang,susan any,0.8,out five years of working so okay [Music] awesome thank you susan any okay i think we'll probably hold questions until everyone's,7.19
salon-040,Michael Farmer,michael came,0.85,lly develop it as far as they can like the way that roz and michael came up with this handshake concept or whatever else and you kno,7.19
salon-043,Michael Strevens,Michael ree's,0.83, to me as well about some information about specific pieces Michael ree's sculptures they wanted to know like some information about ,8.23
salon-043,Karen LaFleur,Karen lefur,0.83, great to see you Cynthia Beth rubben all right Vern lights Karen lefur r janusa Darcy garbage nein estaban Neen I should know that,8.23
salon-043,Patrick Lichty,Patrick licky,0.89, maybe book design with that but after I married my husband Patrick licky the technology around us around me was different so suddenl,8.23
salon-043,Darcy Gerbarg,Darcy garbar,0.88,o say your name after all these years really Darcy that I'm Darcy garbar an artist who straddles to I don't think you're seeing this,8.23
salon-043,Anne Spalter,an spalter,0.91, excited about this so without further Ado let's start with an spalter who's going to share her screen thank you so much and I'm g,8.23
salon-043,Giovanna Sun,giovana son,0.87,ge nein estaban Neen I should know that giovana Alias dubom giovana son whose beautiful piece we have to at least acknowledge that ,8.23
salon-043,Gregory Little,Greg Little,0.88,e a painting that I did that was shown in New York in 85 85 Greg Little was there but he's not on now and I showed some digital wor,8.23
salon-043,Verneda Lights,Vern lights,0.88,have an soel great to see you Cynthia Beth rubben all right Vern lights Karen lefur r janusa Darcy garbage nein estaban Neen I shou,8.23
salon-044,Christine Sciulli,christine shulie,0.85,ld you tell us a little more about it please sure my name's christine shulie i'm i'm going to share my screen it's sort of a demanding p,6.95
salon-044,Dan Welden,dan weldon,0.9,owing you the the current piece which this is played for at dan weldon studio and it's called a solar plate so it's a solar plate ,6.95
salon-045,Michael Strevens,michael reese,0.83, you know it's it's really pretty unbelievable so and i see michael reese is here i might do a brief intermission because i i know mi,7.03
salon-045,Giovanna Sun,giovanna,0.8, okay okay yeah that's my presentation today okay thank you giovanna and if there is a link that you could share in the chat too,7.03
salon-046,Andy Thomas,and stomas,0.86,ot nine piece work and it also has incisions and sutures as and stomas as he has he is currently recovering from throat cancer and,2.55
salon-046,Margaret Dolinsky,margaret dewinsky,0.88,nists who isn't very often here very often is participating margaret dewinsky she's here we'll talk about her her work and she's going to,2.55
salon-046,Christine Sciulli,christine shuli,0.88,self patrick steve miller Joseph Nechvatal felix rothschild christine shuli and anne spalter so very pleased with the you know the publ,2.55
salon-046,Giovanna Sun,giovanna,0.8,ets really interesting so that's it so i don't know whether giovanna is a robot or not but you know hope not let's see here let',2.55
salon-047,Susan Huang,susan has,0.8,oo after this so thank you for your presentation looks like susan has her hand raised so Susan Detroy i have at it thank you okay,6.79
salon-047,Roman Verostko,roman vrosko's,0.86,l and she's 90 92 98. 98 you know bravo you know and so and roman vrosko's 93 and you know and so i guess what i'm saying is is that t,6.79
salon-048,Patrick Lichty,patrick litke,0.81, know you victor when you had your discussion with pat with patrick litke patrick was talking about the generative adversarial networ,7.03
salon-049,Michael Rees,michael reese's,0.89,d of like in in in her you know where she's going and maybe michael reese's piece you know in other words these things that you know th,5.51
salon-049,Giovanna Sun,giovanna,0.8,ou have the energy looking into sun gen lee are you here is giovanna here she also knows about this anyway so if it could happen,5.51
salon-050,Giovanna Sun,giovanna,0.8,ated in there was a panel hamptons tech week that tommy and giovanna and paul miller participated in as artists and it was moder,6.07
salon-050,Gregory Little,greg little,0.88,lab and ever since it's gone to something else and actually greg little curated a show that i was in in those days of photographing,6.07
salon-051,Frédéric Pons,frederick pons,0.81,uced to mid journey by my friend and fellow tech specialist frederick pons and since a lot of my digital work revolves around visions ,5.67
salon-051,Michael Pointer,michael one,0.85,th here and then these are the very final ones so thank you michael one one thing that i'm always really impressed by is how much y,5.67
salon-051,Anne Spalter,ann spalter's,0.88,f valid usages for it and and i did you know take notice of ann spalter's recent collection of ai spaceships which you know i thought,5.67
salon-052,Lee Day,live day,0.8,is work and his art that the the world in which we normally live day to day and the world in which we still talk about today is ,5.67
salon-054,Andy Wauman,and human,0.8,so that in the end there's sort of a balance of both nature and human invention rather than human invention taking over okay cool,5.87
salon-055,Andrea Bonaceto,Andrea bonaccato,0.9,t was really one of the artists who started coming early on Andrea bonaccato who you know he was the person who sort of he was minting s,6.05
salon-055,Michael Rees,Michael Price's,0.81,aughter] all right the next up we have Corey I think that's Michael Price's friend correct yeah yep yeah so I was hanging out at of cou,6.05
salon-055,Mich Palmer,much calmer,0.82,ted access to the General Public so the discussion level is much calmer much cooler than it was when action painting and pop art ca,6.05
salon-055,Giovanna Sun,Giovanna,0.8,e like based off of it I'm just going to reverse order what Giovanna was talking about imagine with art or with music if you did,6.05
salon-056,Marlow Shami,Marlow,0.67,resting variety of work there that you shared and let's see Marlow is up next hi everyone I have a very short keynote I'm goin,6.05
salon-057,Patrick Lichty,Patrick,0.67,s definitely going through some stuff at that time I'm sure Patrick can attest to that he was he was right right there with me ,5.21
salon-057,Richard E,Richards,0.82, day and that was really crazy and then also was it Michael Richards who was in the residency he didn't get out he just did not ,5.21
salon-059,Patrick Lichty,Patrick,0.67,al in some regards but there's been no so you know I I hear Patrick and and my my concerns you know I think so far everybody's ,5.63
salon-060,Michael Strevens,Michael Reese,0.83, it's not in at all no it's actually a bigger shot with the Michael Reese am I saying the same correctly you know the sculptural righ,5.03
salon-060,Giovanna Sun,Giovanna,0.8,ll a couple people together and do a physical show you know Giovanna did that with the Brooklyn show and that happened really qu,5.03
salon-060,Gregory Little,Greg Little,0.88,on VR I know Patrick is is fairly involved with VR stuff to Greg Little but I think it would be really interesting to organize like,5.03
salon-061,Michael Farmer,Michael Warner,0.86,xt artist up is Michael that's me yeah Michael or the other Michael Warner oh okay well I'm zooming in from Bayshore Long Island I'm a,9.29
salon-062,Richard E,Richard,0.88,ed the rasta paintings and this artist Patrick carryou sued Richard he won the first round he lost the second round but I've be,5.39
salon-063,Susan Huang,Susan shutan,0.87,ho you're around is really important another friend of mine Susan shutan makes shaped they're not the one on the right it's not actu,5.51
salon-063,Michael Farmer,Michael after,0.81,n Colin Goldberg are there any people who'd like to present Michael after Colin thank you and I guess that will probably take us an h,5.51
salon-063,Michael Rees,Michael peer,0.83, [Music] program and just the other day I was speaking with Michael peer price and he mentioned how the word nft has in a way become,5.51
salon-063,Carla Gannis,Carla ganis's,0.88, will be and to obtain all the information you simply go to Carla ganis's Instagram page and she came to a couple of our meetings she,5.51
salon-064,Chalda Maloff,chalda,0.63,e whole layer idea so thank you yeah thank you awesome okay chalda is next I'm in Austin Texas and like some of these others I,7.43
salon-065,Robert A. Ripps,Robert trips,0.81,nd to remind the people on social media I think his name is Robert trips and he always ends his comments with you know peace in Ukra,5.63
salon-066,Sherry Karver,Sherry,0.63,k you have a great day enjoy your watch thank you all right Sherry hi everybody I wasn't even planning and sharing but in hear,5.63
salon-066,Anne Spalter,and spalter,0.87,e sold entire collections yes I want to say what's her name and spalter yes and Jesus Christ and is making probably several killing,5.63
salon-066,Giovanna Sun,Giovanna,0.8,ago I kind of came into nfts and that's how I met Colin and Giovanna and a few people on this you know on on this zoom and what ,5.63
salon-067,Andy Thomas,Andy that,0.8,t celebrate they said oh that's wonderful we agree with you Andy that looks great but Disney on the other hand attacked every sin,5.63
salon-068,Giovanna Sun,Giovanna,0.8,yone else have any anything to bring up about appropriation Giovanna I I just killed Ridge because I I heard like several times ,3.17
salon-069,Chalda Maloff,called Major,0.64,ipulated it in procreate this other one has a spatial theme called Major Tom to Ground Control this is a photograph of a shingle on ,6.29
salon-071,Eva Davidova,Eva David,0.86,n New York both of them have like liked expressionist stuff Eva David zwerner which I was very surprised about and pleased with s,5.99
salon-071,Anne Spalter,and spaulter,0.83,ordon Patrick lichty DJ Spooky Steve Miller Joseph mcvittal and spaulter and Sasha Stiles and if anyone else in here has any books t,5.99
salon-072,Stephen Paré,Stephen Pare,0.92,u don't have to share it all you could just join so Stephen Stephen Pare is that right am I yeah it's paray thank you all right I ap,2.15
salon-073,Lee Schnaiberg,Lee schneiberg's,0.87,ave a minute left also today we're going to experiment with Lee schneiberg's suggestion that at the end of each presentation you can unm,7.01
salon-073,Michael Pointer,Michael one,0.85,t's a Thursday at 12 noon Eastern Time thank you Renata and Michael one other thing I wanted to mention is art on the internet AOL ,7.01
salon-074,Anton MCHX,Anton,0.67,st I'd like to introduce myself a little bit I'm my name is Anton I'm a digital artist I was born in Kazakhstan I was living ,7.67
salon-074,M.Romeo - Night Shining,Mike Romeo Knight shining,0.83, work that I'm planning on asking to be on the show this is Mike Romeo Knight shining eat a sculpture I'd like to have some physical pieces I kno,7.67
salon-074,Michael Rees,Michael Lee,0.87,ve you the names of the five topics they'll be explained by Michael Lee after I finish so the first would be tutorials the second O,7.67
salon-074,Seungjin Lee,sanjin Lee,0.82,ry nice walls really so I'm working with sung Jin here I am sanjin Lee who runs the digiana studio oh here's an elevated view in L,7.67
salon-074,Giovanna Sun,Giovanna son,0.92,2024 show in the summer that I'm working with sudden gently Giovanna son co-curating already wow wow I like the idea like that one o,7.67
salon-075,Patrick Lichty,Patrick licky,0.89,erview with Helen Harrison of the pollic house recently and Patrick licky sort of came up with this idea of TCH expressionism being c,8.23
salon-075,Beth Giacummo,Beth gumo,0.82,e put out for her on Instagram and Facebook as well is that Beth gumo that's still the point person there so she's a really good ,8.23
salon-076,Sue Beyer,Sue buer,0.82,s that was in the the expressionism digital and Beyond show Sue buer who's from Australia when I was looking at a lot of her wor,7.11
salon-076,David Mew,did me,0.8,reaky no hands I think rata has her hand up oh hey so Apple did me a big favor when they put out iOS 17 I've been in the habit,7.11
salon-076,Patrick Lichty,Patrick liy,0.88,fairly recent because of the depth I remember some time ago Patrick liy was doing an awful lot of these and he said he was doing th,7.11
salon-076,Data_m0sh,datamash,0.82,log whereas a lot of glitch world is software you know like datamash like what's it photoos photoos is probably a popular softwa,7.11
salon-077,Colin Goldberg,Colleen Goldberg,0.87,"Hello! My name is Colleen Goldberg, and I am here. At the seventy-seventh rush and salon",3.06
salon-077,Frank Gillette,Frank Chillette,0.9,"e in the nineties. Her husband is also very storied artist, Frank Chillette, who worked with Martian clue, and is one of the people tha",1815.88
salon-077,Steve Miller,"smaller,",0.63,"and and, you know, make a smaller, a slightly smaller image. So it doesn't exceed",7493.66
salon-077,Judith Jacobs,Judy Jacobs,0.83,"And I've been working. I've been working on this along with Judy Jacobs, put a lot of time into trying to figure it out so II haven",9824.14
salon-077,Cynthia Beth Rubin,"Cynthia, Beth Ruben",0.92,"ntially, just for this one week. Co-OP the the Co. Working. Cynthia, Beth Ruben.",10683.95
salon-078,Sherry Karver,she gave,0.67,You're the nurse who always sang when she gave you an injection bent to my eye level and said. Can you do ,1434.57
salon-078,Sherry Karver,see Karen,0.64,"Yeah, I have. II see. I see Karen at the end of it just real quick, because I actually have b",4525.43
salon-078,Frank Gillette,Frank Chillett,0.86,ce the South and show. I think the last one might have been Frank Chillett.,5456.35
salon-079,Judith Jacobs,Judy Jacobs,0.83,'re already chaotic. But adding the panel to them. And then Judy Jacobs taught me about Jeff Kamelli.,2455.79
salon-079,Lee Day,like any,0.67,fe. And I don't know if carrying wants to hop in here looks like any of the construction is done. I don't wanna take time away f,4971.9
salon-080,Carrie MaKenna,Carrie Anne,0.8,"h that little introduction, I'm going to ask either Joey or Carrie Anne to speak. Please",1451.45
salon-080,Carrie MaKenna,Carrie Anne,0.8,"by Carrie Anne, and they currently have an exhibition on right now called ",2293.55
salon-080,Cynthia Beth Rubin,"Cynthia, Beth Reuben",0.89,"Thank you very much. We have Cynthia, Beth Reuben next, and then Ross has her hand up after Cynthia.",5075.82
salon-081,Lee Schnaiberg,Lee Schneider,0.81,Lee Schneider is actually,1309.35
salon-081,Tommy Mintz,to print,0.63," client computer and also on my laptop, which is what I use to print from. I I share using Apple's. I'm service. I call my deskt",1426.9
salon-081,Patrick Lichty,Patrick Licktie,0.83,"ow the longer that this goes on, and this is something that Patrick Licktie had kind of emphasized",5067.88
salon-083,Roman Verostko,Roman Verasco,0.81,"t in the context of this group, particularly by the name of Roman Verasco.",739.78
salon-083,Ann Shapiro,and Shapiro,0.91,"you know there were. I had 2 painting professors, Hippolito and Shapiro and Shapiro said to us.",4044.55
salon-083,Ann Shapiro,and Shapiro,0.91,"have the brains to be a dentist you should go. Be a dentist and Shapiro said. If you want to be an artist, you know, I suggest that",4052.4
salon-083,Cynthia Beth Rubin,"Cynthia Bath, Rubin",0.92,"Co. Working is influential. Since Cynthia Bath, Rubin suggested that I use",4123.25
salon-083,Tommy Mintz,Tommy Mince,0.82,"ion. Which is gonna be happening in August. It's curated by Tommy Mince, who's been involved with the text presents community for s",4481.61
salon-083,Tommy Mintz,Tommy Mints,0.91,"the curator is Tommy Mints, MINT z.",4965.62
salon-084,Tommy Mintz,Tommy Mintz's,0.92,"ition of Texianism work. That exhibition is going to follow Tommy Mintz's work, and we have an open call. All that will be available ",52.67
salon-085,Sahar Moussavi,Sam Rusavi,0.67,"So Hi, everyone, I'm Sam Rusavi.",1134.76
salon-085,Verneda Lights,very bright,0.64,"And some very bright, colorful light show done with lasers",1807.31
salon-085,Michael Pierre Price,Michael Pierre Bryce,0.9,I think Michael has a question. Michael Pierre Bryce.,5286.11
salon-086,Renata Janiszewska,rata yanisha,0.67,irst day of classes today for Kingsboro college and and I'm rata yanisha coming to you from lion's head in Canada Tommy curated the ,9.03
salon-086,Malavika Mandal Andrew,maliva Mandall and,0.8,was living through I think in k tell me if I'm wrong please maliva Mandall and Brandon gellis have these lovely interpretations of Nature ,9.03
salon-086,Mary Ann Strandell,Mary and strand,0.85,color as a formative you know generative object if you will Mary and strand D's lenticular image which I'm not sure if you're going to ,9.03
salon-086,Andy Thomas,and tomao,0.8,ere finally my sculpture that was in the show this is tomao and tomao is an inflatable sculpture and I'm interested in working I',9.03
salon-086,Lee Schnaiberg,Lee schneberg,0.89, print and painting on digital print on canvas here next to Lee schneberg and his digital photographic glitching with his iPhone brus,9.03
salon-086,Moritz Albrecht,Moritz alre,0.85,ancine levenson is underneath Roy Nicholson there and above Moritz alre work here right once again we have the texture think about ,9.03
salon-086,Ben Red,be read,0.86,d working on some images that might might have been able to be read but I I decided against that I wanted the the scroll to be ,9.03
salon-086,Michael Pointer,Michael Pier,0.89,rats to you all thank you thanks so I'm going to move on to Michael Pier price coming to us from Phoenix Arizona where it's extremel,9.03
salon-086,Michael Rees,Michael Reese's,0.89,orientation there's our tomao right up front and we do have Michael Reese's sculpture here up front and a front table with that's Carla,9.03
salon-086,Carter Hodgkin,Carter hodskins,0.9,'t think what's Carter's last thank you thank you thank you Carter hodskins on it as well thank you it's been a long day already we hav,9.03
salon-086,Seungjin Lee,sunin Le,0.8,ch happens to be the second largest piece in the show after sunin Le can I get this all in the frame 13 foot by 13 put digital a,9.03
salon-086,Francene Levinson,Francine levenson,0.88, really enjoyed how those two Works paired with one another Francine levenson is underneath Roy Nicholson there and above Moritz alre wor,9.03
salon-086,Stephen Paré,Steven par,0.82,uerto Rican artists yes yes and and then we have a print by Steven par above work by what do we have here we have Lee Musgrave act,9.03
salon-086,Meltdownlove,meltdown,0.8, Miller and ra I'm sorry Oz van Rosen and it's like we have meltdown love and Colin you're gonna have to help me with some of th,9.03
salon-087,cari ann shim sham*,Carrie Ann Shimsham,0.89,Carrie Ann Shimsham and Joey Zaza,40.53
salon-087,Adrianne Wortzel,Adrian Wartzel,0.87,cari ann shim sham**: Night swatch by Adrian Wartzel.,1575.46
salon-087,Annette Weintraub,Annette Wingtrub,0.91,"im sham**: Ghosted artifacts, zigzags, twists, and turns by Annette Wingtrub.",1614.97
salon-087,Sherry Karver,Sherry Carter,0.85,cari ann shim sham**: Thank you. Sherry Carter. Thank you. Sherry. Wonderful series.,2172.51
salon-087,Karen LaFleur,"Karen, Lefleur",0.89,"cari ann shim sham**: Karen, Lefleur, Fanwaves.",2824.81
salon-087,Cynthia Beth Rubin,Cynthia Beth Ribbon,0.86,"cari ann shim sham**: our other Cynthia, Cynthia Beth Ribbon.",4253.93
salon-087,Carrie MaKenna,"Carrie, Ann",0.8,"rom the 23 pieces in the book by the exhibition's curators, Carrie, Ann and Joey.",6775.71
salon-087,Adelfino Corino,Adelfina Perino,0.8,cari ann shim sham**: Adelfina Perino.,7206.29
salon-087,Galina Shevchenko,Galina Schveenko,0.85,"cari ann shim sham**: bye, Galina Schveenko! Hi!",7393.83
salon-088,Renata Janiszewska,"Renata, Yanaszewska",0.86,"e up with ideas for that. The December salon is going to be Renata, Yanaszewska, and Karen Lafleur introducing Mariniana, which is their ex",4755.79
salon-090,Steve Miller,see me,0.67,"nsions, and I can show you what I mean. Can you see you can see me right, because I can't see me.",4349.78
salon-090,Steve Miller,see me,0.67,"Oh, yeah, I see me. Okay, so this is something really flat. And this is very s",4379.4
salon-091,Simone Gad,since grad,0.8,he late mid to late 1980s and in the 1980s as I'd been like since grad school work I worked with ornament and Architectural imager,5.83
salon-091,David Mew,David M,0.88,as a very much of historic show and that had Frank Dietrich David M had a great impact on me and I watched went to to see a lec,5.83
salon-091,Karen LaFleur,Karen laflor,0.88,this weekend rata it's a two-person show with Rady anfa and Karen laflor which you know is an incredible piece of video art and then,5.83
salon-092,Systaime,systems,0.67,"without further ado, I am going to share my screen and play systems, video, which is about 7 and a half minutes. So",1249.57
salon-092,Andy Wauman,and human,0.8,"the use of AI in art has sparked debates about authenticity and human intention. I believe art is defined by its ideas, messages,",1396.26
salon-092,Cynthia Beth Rubin,"Cynthia Rubin,",0.84,"is to see people come together from all over the world. And Cynthia Rubin, who helped, you know, implement these captions actually org",3986.13
salon-092,Systaime,sustain,0.67,e artists that are presenting. But I do have a question for sustain. In your presentation you mentioned that AI involves collag,4919.64
salon-092,Systaime,sustain,0.67,"True, however, I think, sustain mentioned that he cuts out if I and he can correct me, he c",5066.81
salon-092,Renata Janiszewska,"Renata, Yanashewska",0.81,"hey hosted an exhibition of 2 Techspressionist artists work Renata, Yanashewska, and Karen Lafleur. So this next salon is going to be takin",5509.52
salon-093,Renata Janiszewska,Renada Yanaszewska,0.83,"d between Cape Cod based Karen, Lafleur, and Canadian-based Renada Yanaszewska, Titled Mariniana.",157.08
salon-093,Renata Janiszewska,Renata Yanniszewska,0.92,"Hello! I'm Renata Yanniszewska, and I'm very happy to be here. Thank you, Benton, and than",2212.47
salon-093,Allen Hirsh,Alan Hirsch,0.82,"ol from zoom, that would be great. And I see I'm gonna pick Alan Hirsch first, st",4925.03
salon-094,Renata Janiszewska,"Renada, Yanaszewska",0.81,"rk is featured alongside and commissioned pieces by artists Renada, Yanaszewska, Karen LaFleur, and Jan Swinburne.",40.48
salon-094,Renata Janiszewska,Renadi Anisewska,0.82,"to gain visibility to the group and our Instagram, Curator, Renadi Anisewska.",614.55
salon-094,Darcy Gerbarg,Darcy Gabar,0.83,people showing up. Darcy Gabar has a beautiful augmented reality. Sculpture here that Sung,1135.6
salon-094,Renata Janiszewska,Renata Yanashewska,0.83,"And now I'd like to pass the mic on to Renata Yanashewska, who's our next artist presenter, and Renata is going to be",3159.11
salon-095,Tommy Mintz,Tony Mintz,0.86,"By the way, this is Tony Mintz. Most of you know him, but he's the curator of this show.",202.37
salon-095,Patrick Lichty,Patrick Linty,0.89," for as a studio assistant when I was an undergraduate, and Patrick Linty, who I met in graduate school. We were both doing our mfas ",1106.58
salon-095,zeitgeistmode,Zeitgeist,0.82,"you were talking about the the onion and the outer layer is Zeitgeist, too, and and I think that this could be a Zeitgeist moment",2127.98
salon-095,zeitgeistmode,Zeitgeist,0.82, one thing with hashtags that represents that there is this Zeitgeist moment where people are tapping in. To you know the express,2152.93
salon-095,zeitgeistmode,Zeitgeist,0.82," the analog to digital. And I really do feel like there's a Zeitgeist moment. Where, whether people are, you know, in this group ",2167.02
salon-095,TinTin23x,Tintin,0.8,"nt. Oh, we have a nice typed in thing here. One last thing, Tintin 23 x said. My question, for the panel relates the to the so",3106.07
salon-095,Andrea Bonaceto,Andrea Bonacheta,0.9,"how to mint through. One of the artists came into the group Andrea Bonacheta, who he created an nft with Sophia, which was a robot. Hand",3305.54
salon-095,TinTin23x,Tintin,0.8,"k this to the audience, to our panel here more directly. So Tintin followed up with tintin. 23 x followed up a follow up quest",3884.3
salon-095,Erin Ko,Erin Co,0.86,"Have a story to tell. Yesterday, I mean the other day I met Erin Co. Who's here in the audience I told about laser. She came to",4457.38
salon-096,eegun,even,0.67,hysics and neuroscience. Some theories of consciousness and even elements of Buddhism and several different indigenous belie,1117.91
salon-096,eegun,even,0.67,"ock Garden, if you will. That you might have at home, maybe even on your desk.",1157.5
salon-096,eegun,even,0.67," the words to will the band manage to save the universe, or even just cut an album. Will the diva and rock God come together",2575.58
salon-096,Andy Wauman,and human,0.8,"purely artificial, half artificial and human characters in the same space, interacting with each other. ",2698.26
salon-096,eegun,Egan,0.67,"Egan is an Istanbul based artist, generative artist, and he uses",3037.95
salon-096,eegun,Egan,0.67,So I'm Egan to talk about my practice.,3094.66
salon-096,eegun,Egan,0.67,"I have a question for Egan. I'm wondering if you spend time in the ocean, because I sp",3870.85
salon-096,cari ann shim sham*,Carrie Ann Shimshan,0.84,"uggestion of not only Joey Zaza, but his collaboration with Carrie Ann Shimshan as a close, close collaborator in that coding",5234.77
salon-097,Allen Hirsh,and his,0.67,"ot a big fan of the present President of the United States, and his",1275.69
salon-097,Anton Dubrovin,"ago, during",0.64,"ut I didn't get into the art aspect of it until a few years ago, during Covid, when I bought",2909.23
salon-097,Allen Hirsh,and his,0.67,"ently passed away. I'm not sure if you're familiar with him and his work. But he was used in the plotters, you know, kind of ea",3847.73
salon-097,Chris Bly,"Chris,",0.71,"I have a very brief question for Chris, and then a general question for the 3 artists. For Chris.",5035.74
salon-097,Allen Hirsh,all their,0.7,"y interesting. It might be dynamic, it might be static, and all their talent is how they use the camera and how they use post",5227.14
salon-097,Chris Bly,"Chris,",0.71,"All right. Thank you. Elio and Chris, do you want to close out if you have any thoughts on that a",5504.43
salon-098,Cynthia Beth Rubin,"Cynthia Rubin,",0.84,"I'd like to invite, Cynthia Rubin, to the floor. She has a couple announcements about the upco",36.76
salon-098,Ann Shapiro,and share,0.7,"anyone else in the Zoom to jump in and share some work, that, you know, might be relevant to the topic, ",604.13
salon-098,Ann Shapiro,Anne said,0.7,", some are digital, some are mixed media on paper, and like Anne said, I have a 13x19 printer.",2162.53
salon-099,Eva Davidova,Eva Davide,0.82,", and Cassandra with Washington at Union Square, created by Eva Davide Dover and Sharon Enlam.",2417.67
salon-099,Anne Wichmann,and human,0.64,"y put, I say the role of the body, the senses, and emotion, and human perception, social change.",3796.58
salon-099,Andy Wauman,and human,0.8,"y put, I say the role of the body, the senses, and emotion, and human perception, social change.",3796.58
salon-099,Colman Jones,Carolyn Jones,0.8,"at the same speed of technological innovation, as Carolyn Jones notes here, is by actually taking up these technologies in ",4138.57
salon-099,Heidi Boisvert,Heidi's point,0.67,"the finest weapons. Weapons, if they are that, to speak to Heidi's point, there's so many different ways we can communicate, all cha",5467.87
salon-100,Gregory Patrick Garvey,Greg Garvey,0.67,"e spirit of this exhibit. This is a cooperative effort, and Greg Garvey is controlling the actual slideshow, so we will…",207.6
salon-100,Andy Wauman,and human,0.8,"rnational flavor of this group, and just the wonderful work and human beings that all of you are. So, thanks.",4357.45
salon-100,Gregory Patrick Garvey,"Greg, greg Garvey",0.67,"Greg, greg Garvey just signed off, I think he… this is, you know, the problem",5005.15
salon-100,Michael Farmer,Michael came,0.85,"Michael came up with… Michael Woodruff with the patterning that we had, ",5414.58
salon-101,Cynthia Beth Rubin,"Cynthia Rubin,",0.84," curated two, large, exhibitions, Brooklyn and Chelsea, and Cynthia Rubin, who, curated the Uzbekistan Museum show.",173.43
salon-101,ST Rivera,strive,0.8,"This… all this drawing by hand is something that I really strive to retain in much of my artwork, whether I'm… it doesn't ma",609.65
salon-101,Tommy Mintz,to point,0.63," and this one as well, here on the right. And I'd also like to point out the color palette in this painting is very soft.",668.27
salon-101,Karen LaFleur,Karen Leflour,0.85,"Aaron Koh, to Karen Leflour, and to Renata Janiszewska for ongoing, Zoom meetings that ",1933.97
salon-101,Gregory Little,Greg Little,0.88,"hat I did, and then I printed it as a monoprint, which now, Greg Little, who is my graduate advisor, I gave it to him as a gift bef",4263.13
salon-102,Heidi Boisvert,Heidi Boir,0.83,"So, our moderator today is Heidi Boir, who is an interdisciplinary artist, experienced designer, ",76.33
salon-102,Andy Thomas,and Toma,0.84,"Her work is represented in Spelter Digital Art Collection and Toma Foundation, and she has been featured on Science Friday. He",369.66
salon-102,David Cohen,David von,0.8,"Recorded as a specimen collected by Louis David von Schweinitz in Bethlehem, Pennsylvania, in pools and streams",2593.43
salon-102,Sue Huang,same thing,0.63,"conduct research on Earth in the hopes of one day doing the same thing on Mars, and they're extremely competitive. It was not easy",4211.6
salon-102,Sue Huang,same thing,0.63,"e the next project, but individuals, collaborations, do the same thing. And so, when I was working with Gil Weinberg, I met his Ph",4452.78
salon-102,Richard E,Richard,0.88,"with Gil Weinberg, I met his PhD candidate, Richard Savory. Richard has now gone on to, leave,",4452.78
salon-102,Richard E,"Richard,",0.88,"I had an idea for a project, and I reached out to Richard, and my idea was I wanted to create an AI entity that was ba",4477.54
salon-102,Richard E,Richard,0.88,So Richard and I made this…,4512.71
salon-102,Cynthia Beth Rubin,Cynthia Bess Rubin,0.89,"an't say enough. I would also mention that Karen Leflur and Cynthia Bess Rubin are also working on science and art projects, and I know wh",5585.54
salon-102,Karen LaFleur,Karen Leflur,0.88,"So, I can't say enough. I would also mention that Karen Leflur and Cynthia Bess Rubin are also working on science and art ",5585.54
salon-102,Sue Huang,so having,0.67,"said, they can connect dots that sometimes you're blind to, so having those collaborations, conversations, and interactions with ",6585.74
salon-103,Ben Red,been fed,0.8,"Then the AI analyzes what has been fed, and it learns patterns, like what cat, sunset, or in the s",902.25
salon-103,Ben Red,been fed,0.8," has a very sophisticated concept of patterns, because it's been fed on the patterns of the world. So what it did was, in encoun",4229.47
salon-103,Michael Rees,Michael uses,0.83,"As a user of Midjourney, I know Michael… Michael uses Midjourney heavily.",4400.61
salon-104,Colin Goldberg,Colin Gold,0.83,"ere we go, okay. So this is just a title slide, but this is Colin Gold. Colin, did you want to say a few words about your work her",918.02
salon-104,Anna Hamer,Anna Merch,0.8,"So I know Anna Merch from Skydance, that big installation at Denver Airport. And",1956.76
salon-104,Stephen Carpenter,Steven Carpenter,0.91,I think Steven Carpenter was first?,3185.09
salon-105,Tassneen Bashir,Tasneem Bashir,0.9,"Tasneem Bashir is a game designer, educator, and visual artist that is ded",1800.85
salon-105,Simone Gad,since grad,0.8,"case, we've been working together since grad school at the NYU Game Center, and…",1919.53
salon-105,Erin Ko,Erin know,0.88," be added to the Artist Index, just let myself or Renata or Erin know, and I'm happy to add you. So, many thanks for your partici",6008.37
salon-106,Stephen Paré,Stephen Paray,0.88,"come, everybody, to this salon, which, I am co-hosting with Stephen Paray. We're really happy to bring",0.84
salon-106,Isabelle Arvers,"Isabelle,",0.7,"hat just because I didn't know if you're ready to introduce Isabelle, but go ahead. Yeah.",237.38
salon-106,Leila Pinto,Lead into,0.8,Lead into patience.,3250.82
salon-106,Isabelle Arvers,Isabelle,0.7,"Isabelle is back on, and, I don't know if you can get things to work",3946.79
salon-106,Systaime,Systems,0.67,"Systems video. Oh. And so that… that ending, which might have seeme",4479.58
salon-107,David Mew,David came,0.84,When David came to the place!,2788.69
salon-108,Leila Pinto,leap into,0.8,"And our work is an exploration and investigation and a leap into the present and the future, and the very nature of what art",267.5
salon-108,Allen Hirsh,Alan Hirsch,0.82,"itor on the left is Colin Goldberg, Gregory Patrick Garvey, Alan Hirsch, and the monitor on the right has Bill Rogers and Maria Tri",1702.37
salon-108,Allen Hirsh,Alan Hirsch,0.82,Alan Hirsch.,1726.98
salon-108,Randi Matushevitz,Randy Matashevitz,0.88,. and the other monitor on the right is Audrey Phillips and Randy Matashevitz.,1745.41
salon-108,Stephen Paré,Stephen Pare,0.92, min. The reel was created by Michael Woodruff and music by Stephen Pare.,2419.79
salon-108,Reed Hearne,reel here,0.8,"I won't be showing the reel here, but it was really great to have it at in this Lacta exhibi",2430.41
salon-108,Andy Young,and Yohyun,0.8,and Yohyun Ahn.,2464.44
salon-108,Stephen Paré,Stephen Paray,0.88,"o speak. The team that I was in, I have two composers. Yes, Stephen Paray.",4015.71
salon-109,Tommy Mintz,to paint,0.63,"Amiga artist, Jack Hager, to sit in with him. Are you ready to paint me? Yeah. Ladies and gentlemen, I'm here tonight to help as",1614.03
salon-109,Adrianne Wortzel,Adrianne,0.67,"ll, I also wanted to say I really enjoyed, it's nice to see Adrianne here. I enjoyed her presentation very much, and the inventi",3502.19
salon-109,Beau Tardy Artist,being an artist,0.69,"But, being an artist, I found a way to make it do artwork.",5035.81
interview-001,Ann Shapiro,and shapiro,0.91,my two painting professors so i had two professors ippolito and shapiro and i remember shapiro telling us you know it's great to be,5.51
interview-001,Gregory Little,greg little,0.88, digital over printing and i also studied under a guy named greg little who was he he was studied painting at yale really interesti,5.51
interview-002,Anne Spalter,at annspalter.com,0.69,on among others her artwork is available for viewing online at annspalter.com and with that we'll get started so welcome man thanks for c,4.31
interview-002,Richard E,richards,0.82,i could make drawings and etchings of mick jagger and keith richards so it was kind of like i was a fan girl and but that was pa,4.31
interview-004,Tor Burwell,tour well,0.8,go on the computer [Music] i have to go i'm just giving the tour well i'm just giving the people a little tour you're gonna end t,3.67
interview-005,Anne Spalter,ann smalter,0.87,jumped as a result as well you know i know i was talking to ann smalter about that recently and she's on a bunch of these different,3.27
interview-006,Anne Spalter,ann spalder,0.87,y platform project and you know this is also something that ann spalder is working with and Carla Gannis and and so the thing is is,3.27
interview-007,Andy Wauman,any human,0.8,to become integrated so science and math has its voibles as any human endeavor a new areas that break new ground take a while to ,8.79
interview-007,Michael Rees,michael creates,0.89,veloped developed and refined a unique artistic perspective michael creates his original fine art prints based on his own specialized m,8.79
interview-008,Ben Red,be fried,0.8,nd and the potatoes here had too high of a water content to be fried commercially for mcdonald's so this potato kind of potato t,5.35
interview-011,Reed Hearne,read here,0.8, sensed that it's the next you know title that i'm going to read here let's see let's yeah i'm not dumpsters and clowns okay i'm ,3.51
interview-011,Gregory Little,greg little,0.88,to have big art careers but nonetheless were you there when greg little was there yeah actually no great greg was before me but i k,3.51
interview-013,Lee Day,like day,0.8,erences but i do really like i also like mexican culture so like day of the dead and you know catholicism and and things like th,3.51
interview-013,Oliver Peterson,older person,0.81,sfied so in 2015 or 16 i decided to go back to school as an older person with lots of little people so that was that was fun and i j,3.51
interview-014,Francis Mariano,francisco asian,0.8,eing in san francisco was a boon to that because of the san francisco asian art museum and just the incredible mix of people from all o,5.59
interview-016,Deb Lutz,de luz,0.86,t inform our work but mostly i have to admit paul berlio je de luz and of course felix waltalvi who wrote a series of works ca,4.71
interview-016,Christine Sciulli,christine chile,0.81,volved in is so you know like we were introduced through by christine chile who's one of the artists that's going to be in the involved,4.71
interview-016,Gregory Little,greg little,0.88,n one of the artists who presented an artist by the name of greg little who's one of my graduate advisors mentioned that he was act,4.71
interview-021,Oz Van Rosen,osvan rosen,0.87, our first salon it was like me him steve miller this woman osvan rosen who kind of was the first person that she used the term exp,4.87
interview-021,Patrick Lichty,patrick right,0.81,ronicities and i think i it was fascinating to to bump into patrick right before we started our session because i know i met patrick ,4.87
interview-021,Gregory Little,greg little,0.88,ually at bowling green out in ohio and we both studied with greg little over there and did our mfas and computer art together it wa,4.87
interview-024,Michael Farmer,michael chamber,0.83,ith three other people marco vasi let's see louis jaffe and michael chamber they should all get credit well after one year of me being ,5.75
interview-025,Verneda Lights,very bright,0.64,ou know so The Techspressionist Community I find them to be very bright very very smart people with the a wide variety of experienc,4.97
interview-025,Andy Wauman,any human,0.8,re accountable to be accurate and able to create a face for any human being regardless of your ethnicity you know they should be ,4.97
interview-026,Christina Galbiati,Christina albu,0.81,formances concurrently with brainwave drawings and to quote Christina albu just as sobel's video performances involve a gestural dialo,6.23
interview-027,Ariel Baron-Robbins,Ariel Robbins,0.81,"the Loop Art Critique, which is Ariel Robbins, and also the mud foundation",170.71
interview-027,zeitgeistmode,Zeitgeist,0.82,it's all part of the the Zeitgeist. I guess you know of. You know how,530.19
interview-027,Colin Goldberg,coming over,0.64,"So my family was coming over here in the 16 hundreds, and started in Salem",603.85
interview-027,Renata Janiszewska,Renati Anaszewska,0.86,"a piece by Renati Anaszewska or Tommy Mintz. Even if I've never seen it before, Lee day ",4244.42
interview-028,Andy Wauman,and human,0.8,", like technology, is very antithetical to human creativity and human imagination in different ways, and I think that the idea of",4193.36
interview-029,Gregory Little,Greg Little,0.88,"all sort of… and you knew Greg Little as well, right?",2698.53
interview-029,Gregory Little,Greg Little,0.88,"And then, you're asking about Greg Little. So, right from the beginning, we started…",2748.69
interview-029,Gregory Little,Greg Little,0.88,"ecause he said, you know, I have this friend and colleague, Greg Little, who teaches there, and then, you know, I found out two thi",2777.1
interview-029,Gregory Little,Greg Little,0.88,"I still have the hard drive for it, actually. Yeah. But, Greg Little, going back to Greg Little.",2949.89
interview-029,Gregory Little,Greg Little,0.88,"who actually was doing this, who we didn't know before, was Greg Little!",3032.71
interview-029,Cynthia Beth Rubin,"Cynthia Rubin,",0.84,"his whole, sort of, network of people, like Nina Sobel, or, Cynthia Rubin, you know, like, or Ants Fault, or, like, all you guys, sort",3154.31
interview-029,Ben Red,be ruled,0.8,"To not be ruled by, institutions and the dominant voice of the time, and…",4616.75
interview-029,Gregory Little,Greg Little,0.88,"my entire life. I mentioned many of the projects. How I met Greg Little was with Rachel Clark, where we did our thing, which was ca",4625.32
interview-029,Michael Strevens,Michael Reese,0.83,I think it was from Michael Reese.,4741.85
interview-029,Michael Strevens,Michael Reese,0.83,"because, like, I got connected to Michael Reese through Steve Miller, and then I saw what Michael was doing",4805.35
interview-029,Leila Pinto,lead into,0.8,"ast question is, how do you see the future of art? And I'll lead into… so when I first…",4892.35
presentation-002,Andy Wauman,and human,0.8,"'m an artist who uses technology to explore ideas, culture, and human connection. In my practice, generative AI is not a shortcut",1.04
presentation-004,Mark Klink,mark like,0.84,"the spirit of the abstract expressionists. So, say I make a mark like that, and then I use these 3D tools in Adobe Illustrator th",2.08
presentation-004,Mark Walker,mark like,0.8,"the spirit of the abstract expressionists. So, say I make a mark like that, and then I use these 3D tools in Adobe Illustrator th",2.08
presentation-006,Reed Hearne,read here,0.8," I needed. I'm not going to go over everything that you can read here, but basically, you know, my my continued schooling was hea",4.79
presentation-008,Ben Red,be read,0.86,"age file. Unfortunately, the Reality Studio IVR file cannot be read by current browsers. So this project now exists only in doc",2.08
roundtable-001,Michael Strevens,Michael Reeves,0.87,'re seeing so different media so in the center here we have Michael Reeves augmented reality work relating to sculptural work and then,17.39
roundtable-001,Christine Sciulli,Christine shulley,0.82,r aka DJ Spooky Steve Miller Joseph neck fatal Michael Rees Christine shulley Nina Sobel and spalter and Nina yankowicz I'm going to clos,17.39
roundtable-002,TinTin23x,Tintin,0.8,ding this mirror picture you're repeated use of of you know Tintin in you know catching the vase you know in repeated fashion ,15.77
roundtable-005,Yuge Zhou,Yuga Zhou,0.89,"Of course, the curator of the exhibition is Yuga Zhou. She's a talented video artist herself, based in Chicago, a",114.34
roundtable-005,Renata Janiszewska,Renadia Nashevska's,0.65,Thanks so much chat. And what about Renadia Nashevska's work? Can you tell me a little bit about the artist and her,235.12
roundtable-005,Renata Janiszewska,Renata's answers,0.71,"Well, Jen, you were mentioned in Renata's answers. So how about you go next?",627.64
roundtable-005,Ben Red,be bored,0.8,"ored while you're making that work, then your audience will be bored with it as well, and I took that to heart, and I never let ",2399.85
roundtable-005,Clayton Campbell,Colin Campbell,0.8,"erything for oneself. Otherwise you get bored, and my Prof. Colin Campbell used to say to me, If you're bored while you're making that",2399.85
roundtable-006,Helen A. Harrison,Harrison,0.64,"Helen A. Harrison is an art historian, journalist, author, and retired direct",91.54
roundtable-006,Oz Van Rosen,on human protein,0.64,"cts include collaborations with Nobel laureate Rod McKinnon on human protein research, work at Brookhaven National Lab, and lectures at ",154.2
roundtable-006,Oz Van Rosen,of a response,0.64,"ith a way to describe my work, and I think that it was sort of a response to the idea that",286.01
roundtable-006,Patrick Lichty,Patrick,0.67,"Thanks, Oz. Patrick or Steve, who would like to go next?",838.37
roundtable-006,Patrick Lichty,Patrick,0.67,I'll jump in then. Patrick just kept his mouth closed for…,851.93
roundtable-006,Patrick Lichty,"Patrick,",0.67,"my doctors at the Cleveland Clinic said, you know, Patrick, you know, you're…",1298.42
roundtable-006,Renata Janiszewska,Renata Anishevska,0.86,"thing like 82,000 posts on Instagram using the hashtag, and Renata Anishevska is the Instagram curator, and she's done an amazing job of",3383.95
roundtable-006,Helen A. Harrison,"Helen and, Christiane",0.68,"w if it was… it might have been the first roundtable, with, Helen and, Christiane Paul from the Whitney, talking about Techspressionism, and ",3775.31
roundtable-006,Randi Matushevitz,Randy Matsuchevitz,0.86,"Cynthia Beth Rubin has put together the show in Uzbekistan, Randy Matsuchevitz has organized Techspressionism LA, which I think there's go",4146.64
roundtable-006,Patrick Lichty,"Patrick,",0.67,"u, you know, you made me think of, which is that, you know, Patrick, he mentioned sort of offhand about this idea of text-pressi",4247.08
roundtable-006,Patrick Lichty,"Patrick,",0.67,"just want to thank all of you for being here. Sorry we lost Patrick, but Colin, Steve, Helen, Oz, I'm really, really grateful th",4410.23
salon-008,Malavika Mandal Andrew,malavika i'm an,0.7, Okay so i'll try one more time thank.  You.  So my name is malavika i'm an artist and my main education is in textile designing i did ,1912
salon-008,Emily B. Schilling,emily bruton-schilling,0.8, in here emily would you like to present.  Hi everybody i'm emily bruton-schilling and i'm here from new york city and very excited to be here,2335
salon-008,Anne Spalter,an alter,0.8,ke collaboratively that if there's a space that you know if an alter an alternate space other than coons matrix for all of the f,2874
salon-009,Carmen Moses,can see,0.63,very if everyone could put a thumbs up that'd be great so i can see that everyone knows kind of how to do it nice beautiful all,3.67
salon-009,Carmen Moses,can see,0.63,'s based on a haruki murakami novel and if you go in it you can see i'm in photoshop all the layers in this and you can see thi,238
salon-009,Patrick Lichty,patrick,0.67,e might want to move on to the next presentation so i think patrick just showed up and he was supposed to be number two in our ,1015
salon-009,Carmen Moses,can see,0.63, how to say it enjoying life or. A bit of borjasi there you can see here you can see prosecco and like prosecco pattern. Then w,1015
salon-009,Leslie Kell,leslie,0.71,er i believe is going to be. Where are you.  I just saw you leslie i believe you were the next supposed to be the next present,1453
salon-009,Carmen Moses,can see,0.63,ff of the theoretical framework of kandinsky's work and you can see it's pretty derivative this is 1993 1994 done on a 286.. Bu,1453
salon-009,Roman Verostko,roman vorosco,0.81, that really split is that when i started working with what roman vorosco an artist inven in minneapolis would call algorithm in othe,1453
salon-009,Carmen Moses,carmen,0.67,No i think everyone just kind of showed up so i mean i know carmen was here early carmen if you want to go by all means [Music,2370
salon-009,Patrick Lichty,patrick,0.67,d for the exhibition. So that's one thing and then you know patrick is going to be co-curating the show with me so we still hav,2938
salon-009,Leslie Kell,like well,0.7, so i kind of you know spent a lot of time in bed it's just like well you know i still want to create so i actually started doing,2938
salon-009,Brandon S Gellis,brandon gallis,0.87,hank you gregory.  All right moving down the list we've got brandon gallis hi yes thank you and thanks for not butchering my last name,2938
salon-009,Anne Spalter,and spalter,0.87,nter and one of the board members said you know this person and spalter have you heard of her and i hadn't at the time and she said,2938
salon-010,Anne Morgan Spalter,and michael spalter,0.68,utiful work and the traditional art world really hated them and michael spalter who is a did an art history major at brown said wow this is,204
salon-010,Brandon Gellis,brandon,0.67, world i could think about that or you know.  Who said that brandon hi well then maybe you should be my collaborator. All right,927
salon-011,Steve Miller,some smaller,0.67,y're 21 inches long. And i think they're 19 by 21. i i have some smaller scale ones that are 12 by 21.. I basically decided to work ,2610
salon-011,Randi Matushevitz,randy matashevitz,0.88, randy so hold on good to see you. Still there randy hi i'm randy matashevitz. I'm very new to the group but this is my second meeting. I,4106
salon-011,Matej Vakula,mate bakula,0.87,d on all right there we go. I hope it works now my name. Is mate bakula i'm an artist and also i i'm finishing now my phd at rensse,4106
salon-012,Michael Pierre Price,michael reese michael,0.68,el reese yeah and.  [Music] carter carter sorry. But carter michael reese michael price colin and randy so those are going to be our five pre,6.95
salon-012,Verneda Lights,vernetta lights,0.9, they surrounded in plastic for protection i think that was vernetta lights right and so the real world correlate i can you can you be ,1560
salon-012,Colin Goldberg,colin's going,0.67, chat i'm going to be here for a bit after. I don't know if colin's going to be here for a bit after too or if he has to go but i'll ,5747
salon-013,Michael Pierre Price,michael pierce,0.82, of you younger ones coming in here now it's something that michael pierce and i talked about pierre price have talked about as well b,2595
salon-013,Michael Pointer,michael pierce,0.83, of you younger ones coming in here now it's something that michael pierce and i talked about pierre price have talked about as well b,2595
salon-013,Leila Pinto,lead into,0.8,se you'd call it and the aesthetics from a few pieces would lead into each other so yeah it does in a way yeah but okay i was jus,2595
salon-013,Giovanna Sun,giovanna,0.8, have different periods of work. Yeah i see a question from giovanna and that's a good question too about she said i have an nft,2595
salon-014,Deann S Hasinoff,Deann Stein Hasinoff,0.89,y. Today we have presenting susan detroi. Sherry Karver and Deann Stein Hasinoff hall hassan off. I think i said that correctly i hope i did,3.35
salon-014,Sherry Karver,sherry,0.63, going to close that out thank you so much sarah. Wow susan sherry and deanne thank you so much for your presentations it was ,2524
salon-014,Deann S Hasinoff,Deann Stein Hasinoff,0.89,ing to share my screen.  Here.  So as davos said my name is Deann Stein Hasinoff and i'm coming to you today from edmonton alberta canada. W,2524
salon-014,Sue Beyer,sue buyer,0.89,hundred pieces after you paid the initial gas fee thanks to sue buyer she actually let let us know about that you know so i jumpe,2524
salon-014,Andrea Bonaceto,andrea bonaccito,0.9,t about it next next time we have i believe it's so we have andrea bonaccito.  Yeah yeah so lineup andrea actually if you guys hadn't he,2524
salon-015,Anne Spalter,ann svalter,0.87,recently talking with people a little bit i remember asking ann svalter about this with working with ai and and recently listening ,1962
salon-015,Brandon S Gellis,brandon gillis,0.87,oing to be passing the torch of the exhibition installer to brandon gillis for that. That particular installation of the this project ,5765
salon-015,Michael Strevens,michael reese,0.83,k so within the next couple of days i'm going to be posting michael reese the interview that i did with him last week which is a real,5765
salon-016,Gary Hopkins,gary thanks,0.7,ome more work cause filling me up son but always a pleasure gary thanks thank you. Gary i really like the. Seeing the evolution of ,1338
salon-016,Colman Jones,column one,0.82,know i think that's i think it's perfectly fine. One of the column one of the i was watching a a youtube video the other day it wa,3461
salon-016,Gregory Little,greg little,0.88,at you know like patrick just. Did his first interview with greg little who is our graduate advisor and you know i would encourage ,3461
salon-017,Michael Pointer,michael,0.64,the last question for michael is coming from clive. Yeah hi michael i really love your work great thanks hi. Back [Laughter]. T,210
salon-017,Tommy Mintz,tommy mintz's,0.92,imonial about the the value of this is recently. Like i saw tommy mintz's work that he showed with his photography. And the. What he ,210
salon-018,Uli Ap,ulya app,0.71,ive editor of origin magazine. And then our other artist is ulya app hailing out of the uk she is a trans transdisciplinary arti,8.07
salon-018,Uli Ap,uli,0.67,en. Okay and i guess we'll take two more questions and then uli can definitely get on with our presentation so i know she's,406
salon-018,Gregory Little,greg little,0.88,st for the next salon which is going to be on june 8th it's greg little who was at bowling green state university he's in in the zo,2965
salon-020,Victor Acevedo,vector based,0.69, artworks which ran on the pc and it was a two and a half d vector based. System this is an early version of that so you've got your,372
salon-020,Christine Sciulli,christine,0.69,it but she jumped into a show that i did and she said to me christine i want you to do a video installation for my next show and ,3535
salon-020,Michael Pointer,michael another,0.8,n thousand women thank you.  Oh and we have a question from michael another question like had one chat but he also has something to say,3535
salon-020,Gregory Little,greg little,0.88,n those giant installations but no one can do it. Nice. And greg little wants to know is are your animations looping. They're loopi,3535
salon-021,Clayton Campbell,Colin campbell,0.8,fluenced by norman mclaren who is a canadian filmmaker was. Colin campbell who was a canadian video artist. And jan swinburne and cliv,3898
salon-023,Rebecca Tombaugh,rebecca tombo,0.83,rtists including two that are presenting today it should be rebecca tombo and. Cynthia oh god i don't want to butcher your last name ,5.51
salon-023,Cynthia Beth Rubin,cynthia rubin,0.84,at. From earlier. Which we've kind of already answered from cynthia rubin but she wants to know do you need a gaming interface to use,290
salon-024,John Zieman,john lean,0.8,ll the way back to the iphone 4 and and there's a filmmaker john lean and there's a couple of photographers everybody's got their,3165
salon-025,Mac Premo,mac problem,0.8, i won't be first okay all right that's that's fine. It's a mac problem or a mac security issue. I'm i'm ready to i'm cute yeah you,6.07
salon-025,Brandon S Gellis,brandon gallus,0.8,alavika and ryan henderson and then we have a negin and and brandon gallus or jealous ellis i think ellis. Yep and then darcy who just,3294
salon-025,Carolina Ramonde,caro ramonde,0.86,nother pairing and then michael pointer is also paired with caro ramonde so there's six pairs all together and each pairing produced,3294
salon-025,Carolina Ramonde,carl ramonde,0.86, wilson who's in la she did the primary bulk of it but also carl ramonde also was a consultant for me and i appreciate her work and ,5400
salon-025,David Mew,david m,0.88,re active in the 1980s in digital art which includes myself david m koko khan and michael wright and in in a context of a organ,5400
salon-026,Andrew Reach,and preach,0.82,ich. Christ tells his disciples to go ye into all the world and preach the gospel. Okay to spread the message and the good news of,2939.6
salon-026,Carolina Ramonde,carol ramonde,0.9,se to my middle name because my real name is ramon.  But so carol ramonde yeah and michael so what do you.  Who wants to speak first ,3119.68
salon-028,Ben Red,be ruled,0.8,ant to do different things i just break out i don't like to be ruled too much by too many strict rules but i do start out with t,1995
salon-029,Oz Van Rosen,osvan rosen,0.87,In addition to myself steve miller helen harrison and osvan rosen the first salon included artist and theorist patrick lichty,372.32
salon-029,Gregory Little,greg little,0.88,ned our mfa degrees in computer art together studying under greg little whose work is also included in this exhibition. Which patri,372.32
salon-029,Ben Red,be read,0.86,her that in the original biblical text it's not intended to be read either because it uses mycography little writing so that's ,3099.52
salon-029,Andy Wauman,and human,0.8,w an. Mk15 and and tools are beautiful and brilliant things and human beings are are pretty brilliant too but where it's all abou,3655.44
salon-029,Alan Kinnard,alan kennard,0.92,ecause i i forgot that we had two. So. Sorry.  All right so alan kennard.  I'm here thanks davo all right.  This piece is part of a ,5844.16
salon-029,Sean Mick,sean mc,0.88,guess wants to go if you want to pull his his work up maybe sean mc correct yep all right.  That's the one the ones that has an,6937.36
salon-030,RnD Team,red team,0.88,is painting and then it was actually a very like orange and red team based artwork and then last minute i added color correction,2721
salon-030,Giovanna Sun,Giovanna,0.8,t not be seeing the chat this is true. Quick quick rundown. Giovanna has a showcase for specialism at the williamsburg hotel in ,2721
salon-031,Cynthia Beth Rubin,cynthia rubin,0.84,ly absolutely thank you so much. Oh we have a question from cynthia rubin you know so i just wanted to jump on that what i wrote in t,455
salon-031,Giovanna Sun,giovanna stuff,0.85,lly only have 30 minutes left and i know we need to get the giovanna stuff but i'll try to get through these really quick. Try to high,455
salon-032,Ben Red,be fired,0.8,ital. The guns often want to be in check they don't want to be fired i feel when i'm doing them there's some sort of wrestling m,347
salon-032,LoVid,love,0.67, i tend to look at it and it reminds me. Of this feeling of love and happiness.  And the second piece when i started in 2017,4038
salon-033,LINDSAY KOKOSKA,lindsay,0.64,r presentation it was great.  All right and next up we have lindsay are you still here.,160
salon-033,David Cohen,david chung,0.82,hellers who's the director of the detroit institute of arts david chung who is the director of the university of michigan's master ,160
salon-033,LINDSAY KOKOSKA,lindsay,0.64,. Got some extra time now so if there are any questions for lindsay now it'd be a great time to ask them either in the chat and,1865
salon-034,Michael Farmer,michael earlier,0.83,ions today has been about nfts and our. Nfts in art. I know michael earlier you had you said you had something that you were potentiall,128
salon-034,Giovanna Sun,giovanna's son,0.85,out the how did you find out about the salon. I am i follow giovanna's son on clubhouse and we've been in a few rooms together and i s,128
salon-034,Michael Roller,michael earlier,0.83,ions today has been about nfts and our. Nfts in art. I know michael earlier you had you said you had something that you were potentiall,128
salon-035,Prïnce Magnølïa,Prince magnolia,0.8,hank you.  All right well i guess we can move on to st and. Prince magnolia.  And if you guys both want to go on together or whatever y,84
salon-036,SEUNGJIN LEE,seongjin,0.7, with things if everyone's ready to go our presenters ready seongjin and. Oh god dalton.  You ready to go and we'll kick things ,5.75
salon-036,Lee Day,Like day,0.8, canvas. And later i took a photo and scanning the digital. Like day of digital data. And then. I like randomly like program lik,129
salon-037,PATRICK LICHTY,patrick,0.67,ell my cake is pretty baked.  Okay thanks great.  All right patrick i know we're at 705 so we're a couple of minutes over over ,1868
salon-040,Susan Huang,susan any,0.8,five years of working so. Okay. [Music].  Awesome thank you susan any okay i think we'll probably hold questions until everyone's,569.68
salon-040,Michael Farmer,michael came,0.85,lly develop it as far as they can like the way that roz and michael came up with this handshake concept or whatever else and you kno,4797.52
salon-040,Andy Thomas,andy thomas's,0.92,ust went up. And the russian artist muth and this is one of andy thomas's. Nfts at the top there's nagin's piece which was selected b,5162.96
salon-043,Cynthia Beth Rubin,Cynthia Beth rubben,0.92, way to proceed so first we have an.  Soel great to see you Cynthia Beth rubben all right Vern. Lights Karen. Lefur r.  Janusa Darcy garbag,190.56
salon-043,Darcy Gerbarg,Darcy garbage,0.85, Beth rubben all right Vern. Lights Karen. Lefur r.  Janusa Darcy garbage nein. Estaban Neen I should know that. Giovana Alias dubom ,190.56
salon-043,Anne Spalter,an spalter,0.91, excited about this so without further Ado let's start with an spalter who's going to share her. Screen thank you so.  Much and I',190.56
salon-043,Anne Spalter,an spalter,0.91,ot of people I love that my work is that we're talking that an spalter talked about going in and out of the computer but as we wen,1530.4
salon-043,Gregory Little,Greg Little,0.88, a painting that I did that was shown in New York in 85 85. Greg Little was there but he's not on now. And I showed some digital wo,1711.64
salon-043,Verneda Lights,Vern lights,0.88,the point okay we'll talk some more later thank you so much Vern lights so glad Vern could be with us found your art very interesti,1895.0
salon-043,Giovanna Sun,giovana son,0.87,have the text. Exhibit going on right. Now and a photo from giovana son who was kind enough to take the picture and this is my piec,2437.12
salon-043,Darcy Gerbarg,Darcy garbar,0.88,say your name after all these years really Darcy.  That I'm Darcy garbar an artist who straddles to I don't think you're seeing this,3573.28
salon-043,Patrick Lichty,Patrick licky,0.89,maybe. Book design with that but after I married my husband Patrick licky the technology around us around me was different so suddenl,4129.16
salon-043,Giovanna Sun,giovana u,0.86,I hope that's all right because we've got thank you so much giovana u d welcome your fresh perspective and I like like what you s,4856.08
salon-043,Anne Spalter,an spalter,0.91,e 18 or more feminine artists there which include of course an spalter and Cynthia Beth Rubin who are with us here.  Tonight one o,5236.44
salon-043,Michael Strevens,Michael ree's,0.83, to me as well about some information about specific pieces Michael ree's sculptures they wanted to know like some information about ,5782.52
salon-043,Patrick Lichty,Patrick lick,0.85,y else have anything else to say since you mentioned it Ros Patrick lick and myself will be doing one great handshake and I also the,6145.2
salon-044,Dan Welden,dan weldon,0.9,owing you the the current piece which this is played for at dan weldon studio. And.  It's called a solar plate so it's a solar pla,1646.88
salon-044,Christine Sciulli,christine shulie,0.85, you tell us a little more about it please.  Sure my name's christine shulie i'm i'm going to share my screen. It's sort of a demanding ,2008.48
salon-044,Dan Welden,dan weldon,0.9,if if that's okay thanks colin that's right the next person dan weldon we've already seen already in a still image from Roy Nichol,2372.08
salon-044,Dan Welden,dan weldon,0.9,e she said hey you're from long island you know do you know dan weldon because we were learning solar plate printing at the time a,2743.2
salon-045,Giovanna Sun,giovanna,0.8,okay okay yeah that's my presentation today. Okay thank you giovanna and if there is a link that you could share in the chat too,958.4
salon-045,Michael Strevens,michael reese,0.83,u know it's it's really pretty unbelievable.  So. And i see michael reese is here i might do a brief intermission because i i know mi,1338.64
salon-045,Michael Rees,michael reese.org,0.83,ck it through the website you can go to my website which is michael reese.org reese's r-e-e-s dot o-r-g and tomorrow afternoon at 2 p.m e,1522.48
salon-045,Michael Rees,michael reese's,0.89,bean soup.  Nice well if if you guys are able to tune in to michael reese's thing tomorrow. It should be a real interesting one with th,5189.12
salon-046,Margaret Dolinsky,margaret dewinsky,0.88,nists who isn't very often here very often is participating margaret dewinsky. She's here we'll talk about her her work and. She's going ,182.8
salon-046,Giovanna Sun,Giovanna,0.8,s really interesting. So that's it so i don't know whether. Giovanna is a robot or not but you know. Hope not let's see here let,4139.76
salon-046,Cynthia Beth Rubin,Cynthia rubin,0.84,s with me i'm i just i just want to see what this thing is. Cynthia rubin the thing you're you have a piece that's going in the show ,4508.0
salon-046,Christine Sciulli,christine shuli,0.88,lf patrick.  Steve miller Joseph Nechvatal felix rothschild christine shuli and anne spalter so very. Pleased with the you know the pub,5051.68
salon-047,Roman Verostko,Roman vrosko's,0.86, and she's 90 92 98. 98 you know bravo you know and so and. Roman vrosko's 93 and you know and so i guess what i'm saying is is that t,4923.84
salon-048,Patrick Lichty,patrick litke,0.81, know you victor when you had your discussion with pat with patrick litke.,1461.76
salon-049,Michael Rees,michael reese's,0.89,d of like in in in her you know where she's going and maybe michael reese's piece you know in other words these things that you know th,367.04
salon-049,Giovanna Sun,giovanna,0.8,ou have the energy looking into sun gen lee are you here is giovanna here she also knows about this anyway so if it could happen,3660.08
salon-050,Gregory Little,greg little,0.88,ab and ever since it's gone to something else and. Actually greg little curated a show that i was in in those days of photographing,6.07
salon-050,Giovanna Sun,giovanna,0.8,ated in there was a panel hamptons tech week that tommy and giovanna and paul miller participated in as artists and it was moder,4766.8
salon-051,Frédéric Pons,frederick pons,0.81,uced to mid journey by my friend and fellow tech specialist frederick pons and since a lot of my digital work revolves around visions ,923.6
salon-051,Anne Spalter,ann spalter's,0.88,f valid usages for it and and i did you know take notice of ann spalter's recent collection of ai spaceships which you know i thought,1471.84
salon-051,Anne Spalter,ann spalder,0.87,graphies every day in a very gestural sense and. I saw that ann spalder and carl against were doing a lot of work and play for them,1653.68
salon-051,Michael Pointer,michael one,0.85,ere. And then these are. The very final ones.  So thank you michael one one thing that i'm always really impressed by is how much y,3106.24
salon-052,Steve Miller,steez miller,0.92,ve gone from the higgs boson particle the god particle that steez miller was talking about and then on to quantum entanglement well ,2733.28
salon-052,Lee Day,live day,0.8,s work and his art. That the the world in which we normally live day to day. And the world in which we still talk about today is,3473.59
salon-054,Andy Wauman,and human,0.8,so that in the end there's sort of a balance of both nature and human invention. Rather than human invention taking over okay coo,3924.89
salon-055,Andrea Bonaceto,Andrea bonaccato,0.9,t was really one of the artists who started coming early on Andrea bonaccato who you know he was the person who sort of he was minting s,191.76
salon-055,Mich Palmer,much calmer,0.82,ted access to the General Public so the discussion level is much calmer much cooler than it was when action painting and pop art ca,3340.86
salon-055,Giovanna Sun,Giovanna,0.8,preciate the discussion so far thank you.  All right I know Giovanna I think had her hand up. Yeah I have a little presentation ,3521.7
salon-055,Michael Rees,Michael Price's,0.81,ghter]. All right. The next up we have Corey I think that's Michael Price's friend correct yeah yep yeah so I was hanging out at of cou,3889.61
salon-055,Giovanna Sun,Giovanna,0.8,e like based off of it I'm just going to reverse order what Giovanna was talking about imagine with art or with music if you did,4079.16
salon-056,Marlow Shami,Marlow,0.67,ting variety of work there that you shared.  And let's see. Marlow is up next.  Hi everyone I have a very short keynote I'm go,1102
salon-056,Tommy Mintz,to paint,0.63, do it I I get exhausted within two hours I used to be able to paint all day right into the nighttime I'd often not even sleep j,1861
salon-056,Tommy Mintz,two into,0.63, couched in the time of when I first started like a year or two into the series of portrait of women and. This is work that I wa,2225
salon-057,Patrick Lichty,Patrick,0.67,s definitely going through some stuff at that time I'm sure Patrick can attest to that he was he was right right there with me ,1077
salon-057,Patrick Lichty,Patrick,0.67,meaning up as well as.  So so thank you for sharing I think Patrick has his hand up do you Patrick on purpose.  I said I mean w,1515
salon-057,Patrick Lichty,Patrick,0.67,we're running out of time so thank you yeah no problem. Oh. Patrick can you can you wait I think Carla wanted to present someth,2160
salon-057,Richard E,Richards,0.82,ay and that was really.  Crazy and then also was it Michael Richards who was in the.  Residency he didn't get out.  He just did ,3590
salon-059,Chanee Choi,can hold,0.63,em because we need to be able to know what's going on so we can hold them accountable and I think that we should be vocal and bu,705
salon-059,Patrick Lichty,Patrick,0.67,ealing with the Leon 5B you know database I understand that Patrick and that's still very theoretical but it still doesn't it s,1350
salon-059,Patrick Lichty,Patrick,0.67,it now more to kind of polish beautiful images you know and Patrick and I both started and Anne and a bunch of people started w,2865
salon-059,ScoJo,solo,0.67,ve had an avatar that I've been working with we've done two solo shows together we've done multiple she has her own Zoom acc,2865
salon-059,Chanee Choi,can copy,0.63, a lot of struggles and worried about the point how much AI can copy their work so I I couldn't just avoid their idea because th,4434
salon-060,Michael Strevens,Michael Reese,0.83, it's not in at all no it's actually a bigger shot with the Michael Reese am I saying the same correctly you know the sculptural righ,1737
salon-060,Giovanna Sun,Giovanna,0.8,ll a couple people together and do a physical show you know Giovanna did that with the Brooklyn show and that happened really qu,1737
salon-060,Gregory Little,Greg Little,0.88,on VR I know Patrick is is fairly involved with VR stuff to Greg Little but I think it would be really interesting to organize like,1737
salon-061,Michael Farmer,Michael Warner,0.86,artist up is. Michael.  That's me yeah Michael or the other Michael Warner.,414
salon-061,Michael Warner,Michael,0.67,ute myself thank you and if you've had anyone that's shared Michael if you could if you're able to lower your hand also that wo,1270
salon-061,Tommy Mintz,to paint,0.63,k you here I took it in to another area where I was allowed to paint an eye colorama and bring those shapes in and he is just mo,2761
salon-062,Richard E,Richard,0.88, a lot of them just everyone know the Instagram pieces that Richard did so originally started out in Time Magazine ripping out ,134
salon-062,Richard E,Richard,0.88,d the rasta paintings and this artist Patrick carryou. Sued Richard he won the first round he lost the second round but I've be,2235
salon-062,Richard E,Richard,0.88,on of transformation the other transformation argument that Richard was making was you're taking a digital image from a telepho,3950
salon-063,Michael Farmer,Michael after,0.81, Colin Goldberg are there any people who'd like to present. Michael after Colin thank you and I guess that will probably take us an h,5.51
salon-063,Marlow Shami,mayor Shapiro,0.64, important essay and this is what I wanted to talk about by mayor Shapiro in the effort to apply semiotics and the idea of of signs a,511
salon-063,Susan Huang,Susan shutan,0.87,o you're around is really important another friend of mine. Susan shutan makes shaped they're not the one on the right it's not actu,511
salon-063,Michael Rees,Michael refined,0.81, that pervade the natural world he came up with over 80 and Michael refined that list to 53.. A lot of these senses are things that we ,1023
salon-063,Carla Gannis,Carla ganis's,0.88, will be and to obtain all the information you simply go to Carla ganis's. Instagram page and she came to a couple of our meetings sh,4107
salon-064,Chalda Maloff,Chalda,0.63,le layer idea so thank you. Yeah. Thank you. Awesome. Okay. Chalda is next.,679
salon-064,Tommy Mintz,to paint,0.63,cape but. He never painted that exact landscape never tried to paint it the exact way he saw it he always interpreted it in a ve,2835
salon-065,Tommy Mintz,to mind,0.67,ll right but I will share.  I think about war and it brings to mind my participation in the early 70s and the protests against ,2707
salon-066,Giovanna Sun,Giovanna,0.8,ago I kind of came into nfts and that's how I met Colin and Giovanna and a few people on this you know on on this zoom and what ,1230
salon-066,Sherry Karver,Sherry,0.63,You. All right Sherry hi everybody I wasn't even planning and sharing but in hear,2409
salon-066,Anne Spalter,And spalter,0.87,sold entire collections. Yes I want to say what's her name. And spalter yes and Jesus Christ and is making probably several killing,4733
salon-069,Chalda Maloff,called Major,0.64,pulated it in procreate. This other one has a spatial theme called Major Tom to Ground Control this is a photograph of a shingle on ,1702
salon-069,Patrick Lichty,Patrick,0.67, want to share. If you want to raise your hand oh good pets Patrick is here as well and just wants to show you okay so Lee you',2759
salon-069,Tommy Mintz,to mind,0.67,indeed hidden but let me do something that would bring this to mind historically in a way that's meaningful from a photographic,4714
salon-071,Eva Davidova,Eva David,0.86, New York both of them have like liked expressionist stuff. Eva David zwerner which I was very surprised about and pleased with s,5.99
salon-071,Anne Spalter,and spaulter,0.83,ordon Patrick lichty DJ Spooky Steve Miller Joseph mcvittal and spaulter and Sasha Stiles. And if anyone else in here has any books ,4187
salon-072,Ann Shapiro,and Sahar,0.7,ut further Ado I'd like to pass the stage to Sahar Moussavi and Sahar welcome and take it away I.,2.15
salon-072,Ann Shapiro,an air,0.71,isasters but environmental catastrophes as well such as see an air pollution.  Deforestation. Desert. Desertification. And. Wa,149
salon-072,Stephen Pare,screen share,0.67,age please yes I'm gonna lower my hand hi I'm going to do a screen share.  Are you seeing my yeah okay. So I'm. Okay.  Here we go I',3187
salon-072,Stephen Paré,Stephen Pare,0.92,on't have to share it all you could just join. So. Stephen. Stephen Pare is that right am I yeah it's paray thank you all right I ap,3981
salon-072,Stephen Paré,Stephen Pare,0.92,ick I. So you just let us know where you're zooming in from Stephen Pare if you don't mind not at all I'm in Houston Texas. Under a ,5035
salon-073,Lee Schnaiberg,Lee schneiberg's,0.87,e a minute left. Also. Today we're going to experiment with Lee schneiberg's suggestion that at the end of each presentation you can unm,33
salon-073,Tommy Mintz,two minutes,0.64, maybe somebody else can go first and then I'll be ready in two minutes. All right is there anyone else who wants to share.,1589
salon-073,Michael Pointer,Michael one,0.85,s a Thursday at 12 noon Eastern Time.  Thank you Renata and Michael one other thing I wanted to mention is. Art on the internet AOL,2889
salon-074,Anton MCHX,Anton,0.67,e Points so I have five artists at the moment starting with Anton in Russia who's joining us for the very first time welcome.,7.67
salon-074,Michael Rees,Michael Lee,0.87,ve you the names of the five topics they'll be explained by Michael Lee. After I finish. So the first would be tutorials the second,7.67
salon-074,Anton MCHX,Anton,0.67,st I'd like to introduce myself a little bit I'm my name is Anton I'm a digital artist I was born in Kazakhstan. I was living,413
salon-074,Giovanna Sun,Giovanna son,0.92,24 show in the summer that I'm working with. Sudden gently. Giovanna son. Co-curating already wow wow. I like the idea like that one,413
salon-074,M.Romeo - Night Shining,Mike Romeo Knight shining,0.83, work that I'm planning on asking to be on the show this is Mike Romeo Knight shining eat a sculpture I'd like to have some physical pieces I kno,2299
salon-074,Seungjin Lee,sanjin Lee,0.82,y nice walls. Really so I'm working with sung Jin here I am sanjin Lee who runs the digiana studio. Oh here's an elevated view. In,2299
salon-074,Anton MCHX,Anton,0.67,st want to say it was great to see both Moritz from Germany Anton from Russia and some Canadian artists as well Deanne. Jan f,4941
salon-075,Patrick Lichty,Patrick licky,0.89,erview with Helen Harrison of the pollic house recently and Patrick licky sort of came up with this idea of TCH expressionism being c,1198
salon-075,Beth Giacummo,Beth gumo,0.82,e put out for her on Instagram and Facebook as well is that Beth gumo that's still the point person there so she's a really good ,1198
salon-076,David Mew,did me,0.8,Hey.  So Apple did me a big favor when they put out iOS. 17. I've been in the hab,1576
salon-076,Patrick Lichty,Patrick liy,0.88,fairly recent because of the depth I remember some time ago Patrick liy was doing an awful lot of these and he said he was doing th,1858
salon-086,Renata Janiszewska,rata yanisha,0.67,irst day of classes today for Kingsboro college and and I'm rata yanisha coming to you from lion's head in. Canada Tommy curated the,9.03
salon-086,Andy Thomas,and tomao,0.8,e finally.  My sculpture that was in the show this is tomao and tomao is an inflatable sculpture and I'm interested in working I',1364
salon-086,Mary Ann Strandell,Mary and strand,0.85,lor as a formative you know generative. Object if you will. Mary and strand. D's. Lenticular image which I'm not sure if you're going t,1770
salon-086,Moritz Albrecht,Moritz alre,0.85,ancine levenson is underneath Roy Nicholson there and above Moritz alre work here. Right once again we have the texture think about,1770
salon-086,Michael Rees,Michael Reese's,0.89,rientation there's our tomao right up front and we do have. Michael Reese's sculpture here up front. And a front table with that's Carl,1770
salon-086,Carter Hodgkin,Carter hodskins,0.9,'t think what's Carter's last thank you thank you thank you Carter hodskins on it as well thank you it's been a long day already we hav,1770
salon-086,Seungjin Lee,Sunin Le,0.8,h happens to be the second largest piece in the show after. Sunin Le can I get this all in the frame 13 foot by 13 put. Digital ,1770
salon-086,Ann Shapiro,And Shapiro,0.91,. Photographic glitching with his iPhone brushing painting. And Shapiro. Lee.  Day has a once again an interpretation of a landscap,1770
salon-086,Francene Levinson,Francine levenson,0.88, really enjoyed how those two Works paired with one another Francine levenson is underneath Roy Nicholson there and above Moritz alre wor,1770
salon-086,Stephen Paré,Steven par,0.82,rto Rican artists.  Yes yes and and then we have a print by Steven par. Above work. By. What do we have here we have Lee Musgrave ,1770
salon-086,Meltdownlove,meltdown,0.8,ller and ra I'm sorry Oz van Rosen. And.  It's like we have meltdown love and Colin you're gonna have to help me with some of th,1770
salon-086,Ben Red,be read,0.86,d working on some images that might might have been able to be read but I I decided against that I wanted the the scroll to be ,3895
salon-086,Oz Van Rosen,oan Rosen,0.86,hat's DJ Spooky with George Orwell looking over it and then oan Rosen and Rada sort of flanking the piece there. And there is an ,4798
salon-086,Ben Red,been re,0.86,cknowledge you all unfortunately we're out of time and it's been re really my deepest thanks go to Tommy and to his fellow cura,5963
salon-091,David Mew,David M,0.88,as a very much of historic show and that had Frank Dietrich David M. Had a great impact on me and I watched went to to see a le,2231
salon-091,Simone Gad,since grad,0.8, late mid to late. 1980s and in the 1980s. As I'd been like since grad school work I worked with ornament and Architectural. Image,3077
salon-091,Karen LaFleur,Karen laflor,0.88,his weekend rata. It's a two-person show with Rady anfa and Karen laflor. Which you know is an incredible. Piece of video art and th,3980
interview-001,Ann Shapiro,and shapiro,0.91,y two painting professors. So i had two professors ippolito and shapiro and i remember shapiro telling us you know it's great to be,187.52
interview-001,Gregory Little,greg little,0.88, digital over printing and i also studied under a guy named greg little who was he he was studied painting at yale really interesti,1279.84
interview-002,Anne Spalter,at annspalter.com,0.69,on among others her artwork is available for viewing online at annspalter.com. And with that we'll get started. So welcome man thanks for,4.31
interview-002,Anne Spalter,a paper,0.63,of going to some kind of college where i never had to write a paper ever again seemed just absolutely fantastic to me and that',187.12
interview-002,Anne Spalter,and water,0.67,ng for decades so these things like lighthouses and spheres and water and airplanes. So they have this sort of symbolic personal ,552.08
interview-002,Anne Spalter,and scale,0.67,lity the ability to undo things and save different versions and scale things so many things that now we take for granted using th,926.32
interview-002,Anne Spalter,a super,0.63,lly interesting to see so. Yeah that's that's really that's a super rare and then another site called viv 3 the iv3.com. Is tha,2195.6
interview-005,Anne Spalter,ann smalter,0.87,jumped as a result as well you know i know i was talking to ann smalter about that recently and she's on a bunch of these different,4369.84
interview-006,Patrick Lichty,patrick,0.67,ntly and and then i know that you're under a time restraint patrick you want to pull up some images on the screen and talk abou,2005.04
interview-006,Anne Spalter,ann spalder,0.87, platform. Project and you know this is also something that ann spalder is working with and Carla Gannis and and so the thing is is,2921.44
interview-006,Patrick Lichty,patrick,0.67,agination of some people. I agree. All right well thank you patrick you know it's been a great a great conversation yeah thanks,3469.84
interview-007,Andy Wauman,any human,0.8,o become integrated. So science and math has its voibles as any human endeavor a new areas that break new ground. Take a while to,2917.44
interview-008,Ben Red,be fried,0.8,nd and the potatoes here had too high of a water content to be fried commercially for mcdonald's so this potato kind of potato t,553.92
interview-010,Brandon Gellis,brown lines,0.64,s of people were taken and were. Murdered and so all of the brown lines on here are houses that were taken and all of these open sp,2787.92
interview-011,Gregory Little,greg little,0.88,to have big art careers but nonetheless were you there when greg little was there yeah actually no great greg was before me but i k,184.08
interview-011,Reed Hearne,read here,0.8,sensed that it's the next. You know title that i'm going to read here. Let's see. Let's yeah i'm not dumpsters and clowns. Okay i,1104.4
interview-011,Gregory Little,greg little,0.88, like the desktop level mac 3d stuff. You know and you know greg little was somebody that was really into this stuff really early w,1472.88
interview-011,Carla Gannis,carl aganis,0.87,ppenheimer tamiko thiel gardens of the anthropocene and and carl aganis did a comedy routine with the inflatable boy that was very ,3896.8
interview-012,Patrick Lichty,patrick,0.67,prix but yeah i didn't do that but yeah it was not a choice patrick there was nothing. Epiphanous about it it was all right it',189.6
interview-013,Oliver Peterson,older person,0.81,fied so in 2015 or 16 i decided to go back to school. As an older person with lots of little people.  So that was that was fun and i,189.27
interview-013,Lee Day,like day,0.8,erences but i do really like i also like mexican culture so like day of the dead and you know catholicism and and things like th,928.88
interview-014,Francis Mariano,francisco asian,0.8,ing in san francisco was. A boon to that because of the san francisco asian art museum and. Just the incredible mix of people from all ,187.44
interview-016,Gregory Little,greg little,0.88, one of the artists who presented. An artist by the name of greg little who's one of my graduate advisors mentioned that he was act,548.32
interview-016,Christine Sciulli,christine chile,0.81,volved in is so you know like we were introduced through by christine chile who's one of the artists that's going to be in the involved,1101.84
interview-016,Deb Lutz,de luz,0.86,t inform our work but mostly i have to admit paul berlio je de luz. And of course felix waltalvi who wrote a series of works c,1284.64
interview-021,Patrick Lichty,patrick right,0.81,ronicities and i think i it was fascinating to to bump into patrick right before we started our session because i know i met patrick ,185.44
interview-021,Gregory Little,greg little,0.88,ually at bowling green out in ohio and we both studied with greg little. Over there and did our mfas and computer art together it w,185.44
interview-021,Oz Van Rosen,osvan rosen,0.87,our first salon it was like me him steve miller. This woman osvan rosen who kind of was the first person that she used the term exp,367.04
interview-021,Victor Acevedo,vector based,0.69,now old digital drawings from you know 99 to 2004 that were vector based and then. Animating them and adding audio and kind of bring,4406.56
interview-024,Michael Farmer,michael chamber,0.83,h three other people. Marco vasi. Let's see louis jaffe and michael chamber they should all get credit well after one year of me being ,1090.96
interview-025,Verneda Lights,very bright,0.64,ou know so The Techspressionist Community I find them to be very bright very very smart people. With the a wide variety of experien,2007.6
interview-025,Andy Wauman,any human,0.8,. Accountable. To be accurate and able to create a face for any human being regardless of your ethnicity you know they should be ,3669.18
interview-026,Christina Galbiati,Christina albu,0.81,ormances concurrently with brainwave drawings. And to quote Christina albu. Just as sobel's video performances involve a gestural dial,2567.93
presentation-001,Ann Shapiro,and show,0.63," So, I'm going to take a picture actually that I've grabbed and show you the kind of work that I might do with it. So, this glit",1324
presentation-002,Andy Wauman,and human,0.8,"'m an artist who uses technology to explore ideas, culture, and human connection. In my practice, generative AI is not a shortcut",712
presentation-002,Verneda Lights,Verneda,0.67,sically he do need temperature. Yeah. Great. Okay. I have a Verneda I have another question for you and this is I'd like to kno,1593
presentation-004,Mark Klink,mark like,0.84,"he spirit of the abstract expressionists.  So, say I make a mark like that, and then I use these 3D tools in Adobe Illustrator th",1816
presentation-004,Mark Walker,mark like,0.8,"he spirit of the abstract expressionists.  So, say I make a mark like that, and then I use these 3D tools in Adobe Illustrator th",1816
presentation-006,Reed Hearne,read here,0.8," I needed. I'm not going to go over everything that you can read here, but basically, you know, my my continued schooling. Was he",0
presentation-007,Stephen Paré,street art,0.64,s is the augmented layer. A lot of this stuff starts off as street art and becomes canvases in the studio. New York is a mythical ,967
presentation-008,Ben Red,be read,0.86,"age file. Unfortunately, the Reality Studio IVR file cannot be read by current browsers. So this project now exists only in doc",0
roundtable-001,Michael Strevens,Michael Reese,0.83,Paul D. Miller aka DJ Spooky Steve Miller Joseph neck fatal Michael Reese Christine shulley Nina Sobel and spalter and Nina yankowicz,198.44
roundtable-001,Christine Sciulli,Christine shulley,0.82,r aka DJ Spooky Steve Miller Joseph neck fatal Michael Rees Christine shulley Nina Sobel and spalter and Nina yankowicz.,198.44
roundtable-001,Anne Spalter,and spaulter,0.83, actually differs quite a bit from the one you. Quoted from and spaulter whose work I really deeply admire and she's a great colleag,752.04
roundtable-001,Michael Strevens,Michael Reeves,0.87,'re seeing so different media so in the center here we have Michael Reeves augmented reality work relating to sculptural work and then,932.7
roundtable-001,Michael Rees,Michael Reese's,0.89,atus you know how do they they interact with the real world Michael Reese's work is a perfect example of that and I would not say that ,1662.0
roundtable-002,TinTin23x,Tintin,0.8,ding this mirror picture you're repeated use of of you know Tintin. In you know catching the vase you know in repeated fashion,945.12
roundtable-003,Cynthia Beth Rubin,Cynthia well learning,0.67,hat that that's really that's that's so cool to.  Hear yeah Cynthia well learning about different kinds of graphing we just think oh you grap,1842.56
roundtable-004,Steve Miller,see later,0.67,edical checkup by x-ray in the Flora and Fauna which you'll see later so one of the you know what happens in this you know leveli,375.96
presentation-001,Ann Shapiro,and show,0.63," So, I'm going to take a picture actually that I've grabbed and show you the kind of work that I might do with it. So, this glit",1324.84
presentation-001,Discussion,disruption,0.7,e particularly a technique called glitching. glitching is a disruption of an image. So I start with photographs. I use photographs,1324.84
presentation-001,Ann Shapiro,and share,0.7,"rtant. But the great thing about when you make an art world and share it with the world, I mean an art piece is that it speaks in",2565.48
presentation-001,Ann Shapiro,a happier,0.7,We all work differently. That's that's what makes the world a happier place when it can be. Yeah. So any more questions? I'm curi,3307.96
presentation-002,Discussion,depiction,0.63,all folk art. And I hope that you find it to be an accurate depiction of the textiles and people of your culture. And here you ca,719.04
presentation-002,Andy Wauman,and human,0.8,"'m an artist who uses technology to explore ideas, culture, and human connection. In my practice, generative AI is not a shortcut",719.04
presentation-002,Verneda Lights,Verneda,0.67,don't have much time but a quick question. We'll start with Verneda and I'd like to know more about how you began your journey ,1623.04
presentation-002,Verneda Lights,Verneda,0.67,sically he do need temperature. Yeah. Great. Okay. I have a Verneda I have another question for you and this is I'd like to kno,2179.12
presentation-003,Discussion,direction,0.63," off. Well, and It changes one's life or you know creates a direction for one's life. Yeah. I was you know going going a slightly",1624.24
presentation-004,Discussion,distinction,0.67,", maybe techspressionist in spirit, you know, but there's a distinction there.  And I think a big reason that I came up with this t",2367.04
presentation-004,Mark Klink,mark like,0.84,"he spirit of the abstract expressionists.  So, say I make a mark like that, and then I use these 3D tools in Adobe Illustrator th",2551.36
presentation-004,Mark Walker,mark like,0.8,"he spirit of the abstract expressionists.  So, say I make a mark like that, and then I use these 3D tools in Adobe Illustrator th",2551.36
presentation-004,Cynthia DiDonato,Cynthia's point,0.71,ne of the earliest to do a website. I did early HTML and to Cynthia's point like you can't do everything. So now I work with a young co,3096.72
presentation-006,Reed Hearne,read here,0.8," I needed. I'm not going to go over everything that you can read here, but basically, you know, my my continued schooling. Was he",188.12
presentation-007,Discussion,depiction,0.63,So in many ways House on the Water as the installation is a depiction of our journey from throughout our time in migrating around,222.24
presentation-007,Stephen Paré,street art,0.64,s is the augmented layer. A lot of this stuff starts off as street art and becomes canvases in the studio. New York is a mythical ,974.56
presentation-008,Ben Red,be read,0.86,"age file. Unfortunately, the Reality Studio IVR file cannot be read by current browsers. So this project now exists only in doc",917.2
salon-008,Malavika Mandal Andrew,malavika i'm an,0.7, Okay so i'll try one more time thank.  You.  So my name is malavika i'm an artist and my main education is in textile designing i did ,1912.32
salon-008,Emily B. Schilling,emily bruton-schilling,0.8, in here emily would you like to present.  Hi everybody i'm emily bruton-schilling and i'm here from new york city and very excited to be here,2336.16
salon-008,Anne Spalter,an alter,0.8,ke collaboratively that if there's a space that you know if an alter an alternate space other than coons matrix for all of the f,2876.08
salon-009,Carmen Moses,can see,0.63,'s based on a haruki murakami novel and if you go in it you can see i'm in photoshop all the layers in this and you can see thi,240.47
salon-009,Patrick Lichty,patrick,0.67,e might want to move on to the next presentation so i think patrick just showed up and he was supposed to be number two in our ,1015.04
salon-009,Carmen Moses,can see,0.63, how to say it enjoying life or. A bit of borjasi there you can see here you can see prosecco and like prosecco pattern. Then w,1015.04
salon-009,Leslie Kell,leslie,0.71,er i believe is going to be. Where are you.  I just saw you leslie i believe you were the next supposed to be the next present,1455.67
salon-009,Carmen Moses,can see,0.63,ff of the theoretical framework of kandinsky's work and you can see it's pretty derivative this is 1993 1994 done on a 286.. Bu,1455.67
salon-009,Roman Verostko,roman vorosco,0.81, that really split is that when i started working with what roman vorosco an artist inven in minneapolis would call algorithm in othe,1455.67
salon-009,Carmen Moses,carmen,0.67,No i think everyone just kind of showed up so i mean i know carmen was here early carmen if you want to go by all means [Music,2370.88
salon-009,Patrick Lichty,patrick,0.67,d for the exhibition. So that's one thing and then you know patrick is going to be co-curating the show with me so we still hav,2938.32
salon-009,Leslie Kell,like well,0.7, so i kind of you know spent a lot of time in bed it's just like well you know i still want to create so i actually started doing,2938.32
salon-009,Brandon S Gellis,brandon gallis,0.87,hank you gregory.  All right moving down the list we've got brandon gallis hi yes thank you and thanks for not butchering my last name,2938.32
salon-009,Anne Spalter,and spalter,0.87,nter and one of the board members said you know this person and spalter have you heard of her and i hadn't at the time and she said,2938.32
salon-010,Anne Morgan Spalter,and michael spalter,0.68,utiful work and the traditional art world really hated them and michael spalter who is a did an art history major at brown said wow this is,204.48
salon-010,Brandon Gellis,brandon,0.67, world i could think about that or you know.  Who said that brandon hi well then maybe you should be my collaborator. All right,927.76
salon-011,Steve Miller,some smaller,0.67,y're 21 inches long. And i think they're 19 by 21. i i have some smaller scale ones that are 12 by 21.. I basically decided to work ,2610.64
salon-011,Randi Matushevitz,randy matashevitz,0.88, randy so hold on good to see you. Still there randy hi i'm randy matashevitz. I'm very new to the group but this is my second meeting. I,4106.08
salon-011,Matej Vakula,mate bakula,0.87,d on all right there we go. I hope it works now my name. Is mate bakula i'm an artist and also i i'm finishing now my phd at rensse,4106.08
salon-012,Verneda Lights,vernetta lights,0.9, they surrounded in plastic for protection i think that was vernetta lights right and so the real world correlate i can you can you be ,1562.64
salon-012,Colin Goldberg,colin's going,0.67, chat i'm going to be here for a bit after. I don't know if colin's going to be here for a bit after too or if he has to go but i'll ,5751.83
salon-013,Michael Pierre Price,michael pierce,0.82, of you younger ones coming in here now it's something that michael pierce and i talked about pierre price have talked about as well b,2595.76
salon-013,Michael Pointer,michael pierce,0.83, of you younger ones coming in here now it's something that michael pierce and i talked about pierre price have talked about as well b,2595.76
salon-013,Leila Pinto,lead into,0.8,se you'd call it and the aesthetics from a few pieces would lead into each other so yeah it does in a way yeah but okay i was jus,2595.76
salon-013,Giovanna Sun,giovanna,0.8, have different periods of work. Yeah i see a question from giovanna and that's a good question too about she said i have an nft,2595.76
salon-014,Sherry Karver,sherry,0.63, going to close that out thank you so much sarah. Wow susan sherry and deanne thank you so much for your presentations it was ,2525.04
salon-014,Deann S Hasinoff,Deann Stein Hasinoff,0.89,ing to share my screen.  Here.  So as davos said my name is Deann Stein Hasinoff and i'm coming to you today from edmonton alberta canada. W,2525.04
salon-014,Sue Beyer,sue buyer,0.89,hundred pieces after you paid the initial gas fee thanks to sue buyer she actually let let us know about that you know so i jumpe,2525.04
salon-014,Andrea Bonaceto,andrea bonaccito,0.9,t about it next next time we have i believe it's so we have andrea bonaccito.  Yeah yeah so lineup andrea actually if you guys hadn't he,2525.04
salon-015,Anne Spalter,ann svalter,0.87,recently talking with people a little bit i remember asking ann svalter about this with working with ai and and recently listening ,1962.16
salon-015,Brandon S Gellis,brandon gillis,0.87,oing to be passing the torch of the exhibition installer to brandon gillis for that. That particular installation of the this project ,7957.6
salon-015,Michael Strevens,michael reese,0.83,k so within the next couple of days i'm going to be posting michael reese the interview that i did with him last week which is a real,7957.6
salon-016,Gary Hopkins,gary thanks,0.7,ome more work cause filling me up son but always a pleasure gary thanks thank you. Gary i really like the. Seeing the evolution of ,1338.4
salon-016,Colman Jones,column one,0.82,know i think that's i think it's perfectly fine. One of the column one of the i was watching a a youtube video the other day it wa,3461.2
salon-016,Gregory Little,greg little,0.88,at you know like patrick just. Did his first interview with greg little who is our graduate advisor and you know i would encourage ,3461.2
salon-017,Michael Pointer,michael,0.64,the last question for michael is coming from clive. Yeah hi michael i really love your work great thanks hi. Back [Laughter]. T,210.08
salon-017,Tommy Mintz,tommy mintz's,0.92,imonial about the the value of this is recently. Like i saw tommy mintz's work that he showed with his photography. And the. What he ,210.08
salon-018,Uli Ap,uli,0.67,en. Okay and i guess we'll take two more questions and then uli can definitely get on with our presentation so i know she's,406.84
salon-018,Gregory Little,greg little,0.88,st for the next salon which is going to be on june 8th it's greg little who was at bowling green state university he's in in the zo,2965.68
salon-020,Victor Acevedo,vector based,0.69, artworks which ran on the pc and it was a two and a half d vector based. System this is an early version of that so you've got your,373.84
salon-020,Christine Sciulli,christine,0.69,it but she jumped into a show that i did and she said to me christine i want you to do a video installation for my next show and ,3535.84
salon-020,Michael Pointer,michael another,0.8,n thousand women thank you.  Oh and we have a question from michael another question like had one chat but he also has something to say,3535.84
salon-020,Gregory Little,greg little,0.88,n those giant installations but no one can do it. Nice. And greg little wants to know is are your animations looping. They're loopi,3535.84
salon-021,Clayton Campbell,Colin campbell,0.8,fluenced by norman mclaren who is a canadian filmmaker was. Colin campbell who was a canadian video artist. And jan swinburne and cliv,3901.11
salon-023,Cynthia Beth Rubin,cynthia rubin,0.84,at. From earlier. Which we've kind of already answered from cynthia rubin but she wants to know do you need a gaming interface to use,290.16
salon-024,John Zieman,john lean,0.8,ll the way back to the iphone 4 and and there's a filmmaker john lean and there's a couple of photographers everybody's got their,3166.08
salon-025,Brandon S Gellis,brandon gallus,0.8,alavika and ryan henderson and then we have a negin and and brandon gallus or jealous ellis i think ellis. Yep and then darcy who just,3303.11
salon-025,Carolina Ramonde,caro ramonde,0.86,nother pairing and then michael pointer is also paired with caro ramonde so there's six pairs all together and each pairing produced,3303.11
salon-025,Carolina Ramonde,carl ramonde,0.86, wilson who's in la she did the primary bulk of it but also carl ramonde also was a consultant for me and i appreciate her work and ,5403.11
salon-025,David Mew,david m,0.88,re active in the 1980s in digital art which includes myself david m koko khan and michael wright and in in a context of a organ,5403.11
salon-028,Ben Red,be ruled,0.8,ant to do different things i just break out i don't like to be ruled too much by too many strict rules but i do start out with t,1995.76
salon-030,RnD Team,red team,0.88,is painting and then it was actually a very like orange and red team based artwork and then last minute i added color correction,2723.27
salon-030,Giovanna Sun,Giovanna,0.8,t not be seeing the chat this is true. Quick quick rundown. Giovanna has a showcase for specialism at the williamsburg hotel in ,2723.27
salon-031,Cynthia Beth Rubin,cynthia rubin,0.84,ly absolutely thank you so much. Oh we have a question from cynthia rubin you know so i just wanted to jump on that what i wrote in t,455.04
salon-031,Giovanna Sun,giovanna stuff,0.85,lly only have 30 minutes left and i know we need to get the giovanna stuff but i'll try to get through these really quick. Try to high,455.04
salon-032,Ben Red,be fired,0.8,ital. The guns often want to be in check they don't want to be fired i feel when i'm doing them there's some sort of wrestling m,348.08
salon-032,LoVid,love,0.67, i tend to look at it and it reminds me. Of this feeling of love and happiness.  And the second piece when i started in 2017,4038.07
salon-033,LINDSAY KOKOSKA,lindsay,0.64,r presentation it was great.  All right and next up we have lindsay are you still here.,160.16
salon-033,David Cohen,david chung,0.82,hellers who's the director of the detroit institute of arts david chung who is the director of the university of michigan's master ,160.16
salon-033,LINDSAY KOKOSKA,lindsay,0.64,. Got some extra time now so if there are any questions for lindsay now it'd be a great time to ask them either in the chat and,1868.87
salon-034,Michael Farmer,michael earlier,0.83,ions today has been about nfts and our. Nfts in art. I know michael earlier you had you said you had something that you were potentiall,131.83
salon-034,Giovanna Sun,giovanna's son,0.85,out the how did you find out about the salon. I am i follow giovanna's son on clubhouse and we've been in a few rooms together and i s,131.83
salon-034,Michael Roller,michael earlier,0.83,ions today has been about nfts and our. Nfts in art. I know michael earlier you had you said you had something that you were potentiall,131.83
salon-035,Prïnce Magnølïa,Prince magnolia,0.8,hank you.  All right well i guess we can move on to st and. Prince magnolia.  And if you guys both want to go on together or whatever y,85.6
salon-036,Lee Day,Like day,0.8, canvas. And later i took a photo and scanning the digital. Like day of digital data. And then. I like randomly like program lik,129.04
salon-037,PATRICK LICHTY,patrick,0.67,ell my cake is pretty baked.  Okay thanks great.  All right patrick i know we're at 705 so we're a couple of minutes over over ,1868.0
salon-056,Marlow Shami,Marlow,0.67,ting variety of work there that you shared.  And let's see. Marlow is up next.  Hi everyone I have a very short keynote I'm go,1102.2
salon-056,Tommy Mintz,to paint,0.63, do it I I get exhausted within two hours I used to be able to paint all day right into the nighttime I'd often not even sleep j,1864.37
salon-056,Tommy Mintz,two into,0.63, couched in the time of when I first started like a year or two into the series of portrait of women and. This is work that I wa,2225.4
salon-057,Patrick Lichty,Patrick,0.67,s definitely going through some stuff at that time I'm sure Patrick can attest to that he was he was right right there with me ,1077.42
salon-057,Patrick Lichty,Patrick,0.67,meaning up as well as.  So so thank you for sharing I think Patrick has his hand up do you Patrick on purpose.  I said I mean w,1515.18
salon-057,Patrick Lichty,Patrick,0.67,we're running out of time so thank you yeah no problem. Oh. Patrick can you can you wait I think Carla wanted to present someth,2161.14
salon-057,Richard E,Richards,0.82,ay and that was really.  Crazy and then also was it Michael Richards who was in the.  Residency he didn't get out.  He just did ,3590.16
salon-059,Chanee Choi,can hold,0.63,em because we need to be able to know what's going on so we can hold them accountable and I think that we should be vocal and bu,705.06
salon-059,Patrick Lichty,Patrick,0.67,ealing with the Leon 5B you know database I understand that Patrick and that's still very theoretical but it still doesn't it s,1350.06
salon-059,Patrick Lichty,Patrick,0.67,it now more to kind of polish beautiful images you know and Patrick and I both started and Anne and a bunch of people started w,2865.42
salon-059,ScoJo,solo,0.67,ve had an avatar that I've been working with we've done two solo shows together we've done multiple she has her own Zoom acc,2865.42
salon-059,Chanee Choi,can copy,0.63, a lot of struggles and worried about the point how much AI can copy their work so I I couldn't just avoid their idea because th,4434.24
salon-060,Michael Strevens,Michael Reese,0.83, it's not in at all no it's actually a bigger shot with the Michael Reese am I saying the same correctly you know the sculptural righ,1740.29
salon-060,Giovanna Sun,Giovanna,0.8,ll a couple people together and do a physical show you know Giovanna did that with the Brooklyn show and that happened really qu,1740.29
salon-060,Gregory Little,Greg Little,0.88,on VR I know Patrick is is fairly involved with VR stuff to Greg Little but I think it would be really interesting to organize like,1740.29
salon-061,Michael Farmer,Michael Warner,0.86,artist up is. Michael.  That's me yeah Michael or the other Michael Warner.,416.04
salon-061,Michael Warner,Michael,0.67,ute myself thank you and if you've had anyone that's shared Michael if you could if you're able to lower your hand also that wo,1274.45
salon-061,Tommy Mintz,to paint,0.63,k you here I took it in to another area where I was allowed to paint an eye colorama and bring those shapes in and he is just mo,2761.26
salon-062,Richard E,Richard,0.88, a lot of them just everyone know the Instagram pieces that Richard did so originally started out in Time Magazine ripping out ,135.84
salon-062,Richard E,Richard,0.88,d the rasta paintings and this artist Patrick carryou. Sued Richard he won the first round he lost the second round but I've be,2235.24
salon-062,Richard E,Richard,0.88,on of transformation the other transformation argument that Richard was making was you're taking a digital image from a telepho,3950.1
salon-063,Marlow Shami,mayor Shapiro,0.64, important essay and this is what I wanted to talk about by mayor Shapiro in the effort to apply semiotics and the idea of of signs a,511.98
salon-063,Susan Huang,Susan shutan,0.87,o you're around is really important another friend of mine. Susan shutan makes shaped they're not the one on the right it's not actu,511.98
salon-063,Michael Rees,Michael refined,0.81, that pervade the natural world he came up with over 80 and Michael refined that list to 53.. A lot of these senses are things that we ,1023.78
salon-063,Carla Gannis,Carla ganis's,0.88, will be and to obtain all the information you simply go to Carla ganis's. Instagram page and she came to a couple of our meetings sh,4107.0
salon-064,Chalda Maloff,Chalda,0.63,le layer idea so thank you. Yeah. Thank you. Awesome. Okay. Chalda is next.,686.93
salon-064,Tommy Mintz,to paint,0.63,cape but. He never painted that exact landscape never tried to paint it the exact way he saw it he always interpreted it in a ve,2836.74
salon-065,Tommy Mintz,to mind,0.67,ll right but I will share.  I think about war and it brings to mind my participation in the early 70s and the protests against ,2707.02
salon-066,Giovanna Sun,Giovanna,0.8,ago I kind of came into nfts and that's how I met Colin and Giovanna and a few people on this you know on on this zoom and what ,1238.09
salon-066,Sherry Karver,Sherry,0.63,You. All right Sherry hi everybody I wasn't even planning and sharing but in hear,2409.06
salon-066,Anne Spalter,And spalter,0.87,sold entire collections. Yes I want to say what's her name. And spalter yes and Jesus Christ and is making probably several killing,4733.16
salon-069,Chalda Maloff,called Major,0.64,pulated it in procreate. This other one has a spatial theme called Major Tom to Ground Control this is a photograph of a shingle on ,1708.01
salon-069,Patrick Lichty,Patrick,0.67, want to share. If you want to raise your hand oh good pets Patrick is here as well and just wants to show you okay so Lee you',2759.78
salon-069,Tommy Mintz,to mind,0.67,indeed hidden but let me do something that would bring this to mind historically in a way that's meaningful from a photographic,4716.0
salon-071,Anne Spalter,and spaulter,0.83,ordon Patrick lichty DJ Spooky Steve Miller Joseph mcvittal and spaulter and Sasha Stiles. And if anyone else in here has any books ,4187.46
salon-072,Ann Shapiro,an air,0.71,isasters but environmental catastrophes as well such as see an air pollution.  Deforestation. Desert. Desertification. And. Wa,157.43
salon-072,Stephen Pare,screen share,0.67,age please yes I'm gonna lower my hand hi I'm going to do a screen share.  Are you seeing my yeah okay. So I'm. Okay.  Here we go I',3187.14
salon-072,Stephen Paré,Stephen Pare,0.92,on't have to share it all you could just join. So. Stephen. Stephen Pare is that right am I yeah it's paray thank you all right I ap,3981.84
salon-072,Stephen Paré,Stephen Pare,0.92,ick I. So you just let us know where you're zooming in from Stephen Pare if you don't mind not at all I'm in Houston Texas. Under a ,5035.14
salon-073,Lee Schnaiberg,Lee schneiberg's,0.87,e a minute left. Also. Today we're going to experiment with Lee schneiberg's suggestion that at the end of each presentation you can unm,34.38
salon-073,Tommy Mintz,two minutes,0.64, maybe somebody else can go first and then I'll be ready in two minutes. All right is there anyone else who wants to share.,1590.84
salon-073,Michael Pointer,Michael one,0.85,s a Thursday at 12 noon Eastern Time.  Thank you Renata and Michael one other thing I wanted to mention is. Art on the internet AOL,2889.23
salon-074,Anton MCHX,Anton,0.67,st I'd like to introduce myself a little bit I'm my name is Anton I'm a digital artist I was born in Kazakhstan. I was living,417.49
salon-074,Giovanna Sun,Giovanna son,0.92,24 show in the summer that I'm working with. Sudden gently. Giovanna son. Co-curating already wow wow. I like the idea like that one,417.49
salon-074,M.Romeo - Night Shining,Mike Romeo Knight shining,0.83, work that I'm planning on asking to be on the show this is Mike Romeo Knight shining eat a sculpture I'd like to have some physical pieces I kno,2303.39
salon-074,Seungjin Lee,sanjin Lee,0.82,y nice walls. Really so I'm working with sung Jin here I am sanjin Lee who runs the digiana studio. Oh here's an elevated view. In,2303.39
salon-074,Anton MCHX,Anton,0.67,st want to say it was great to see both Moritz from Germany Anton from Russia and some Canadian artists as well Deanne. Jan f,4941.72
salon-075,Patrick Lichty,Patrick licky,0.89,erview with Helen Harrison of the pollic house recently and Patrick licky sort of came up with this idea of TCH expressionism being c,1198.04
salon-075,Beth Giacummo,Beth gumo,0.82,e put out for her on Instagram and Facebook as well is that Beth gumo that's still the point person there so she's a really good ,1198.04
salon-076,David Mew,did me,0.8,Hey.  So Apple did me a big favor when they put out iOS. 17. I've been in the hab,1576.32
salon-076,Patrick Lichty,Patrick liy,0.88,fairly recent because of the depth I remember some time ago Patrick liy was doing an awful lot of these and he said he was doing th,1858.32
salon-086,Andy Thomas,and tomao,0.8,e finally.  My sculpture that was in the show this is tomao and tomao is an inflatable sculpture and I'm interested in working I',1365.83
salon-086,Mary Ann Strandell,Mary and strand,0.85,lor as a formative you know generative. Object if you will. Mary and strand. D's. Lenticular image which I'm not sure if you're going t,1771.36
salon-086,Moritz Albrecht,Moritz alre,0.85,ancine levenson is underneath Roy Nicholson there and above Moritz alre work here. Right once again we have the texture think about,1771.36
salon-086,Michael Rees,Michael Reese's,0.89,rientation there's our tomao right up front and we do have. Michael Reese's sculpture here up front. And a front table with that's Carl,1771.36
salon-086,Carter Hodgkin,Carter hodskins,0.9,'t think what's Carter's last thank you thank you thank you Carter hodskins on it as well thank you it's been a long day already we hav,1771.36
salon-086,Seungjin Lee,Sunin Le,0.8,h happens to be the second largest piece in the show after. Sunin Le can I get this all in the frame 13 foot by 13 put. Digital ,1771.36
salon-086,Ann Shapiro,And Shapiro,0.91,. Photographic glitching with his iPhone brushing painting. And Shapiro. Lee.  Day has a once again an interpretation of a landscap,1771.36
salon-086,Francene Levinson,Francine levenson,0.88, really enjoyed how those two Works paired with one another Francine levenson is underneath Roy Nicholson there and above Moritz alre wor,1771.36
salon-086,Stephen Paré,Steven par,0.82,rto Rican artists.  Yes yes and and then we have a print by Steven par. Above work. By. What do we have here we have Lee Musgrave ,1771.36
salon-086,Meltdownlove,meltdown,0.8,ller and ra I'm sorry Oz van Rosen. And.  It's like we have meltdown love and Colin you're gonna have to help me with some of th,1771.36
salon-086,Ben Red,be read,0.86,d working on some images that might might have been able to be read but I I decided against that I wanted the the scroll to be ,3896.56
salon-086,Oz Van Rosen,oan Rosen,0.86,hat's DJ Spooky with George Orwell looking over it and then oan Rosen and Rada sort of flanking the piece there. And there is an ,4798.36
salon-086,Ben Red,been re,0.86,cknowledge you all unfortunately we're out of time and it's been re really my deepest thanks go to Tommy and to his fellow cura,5963.12
salon-091,David Mew,David M,0.88,as a very much of historic show and that had Frank Dietrich David M. Had a great impact on me and I watched went to to see a le,2231.24
salon-091,Simone Gad,since grad,0.8, late mid to late. 1980s and in the 1980s. As I'd been like since grad school work I worked with ornament and Architectural. Image,3077.92
salon-091,Karen LaFleur,Karen laflor,0.88,his weekend rata. It's a two-person show with Rady anfa and Karen laflor. Which you know is an incredible. Piece of video art and th,3980.92
salon-073,Lee Schnaiberg,Lee Schneiberg's,0.87,"Also, today we're going to experiment with Lee Schneiberg's suggestion that at the end of each presentation, you can un",98.58
salon-073,Tommy Mintz,to print,0.63,"I'm learning to print, you know, with rather inexpensive equipment by comparison.",1652.28
salon-073,Tommy Mintz,to print,0.63,is to learn to print this type of image.,1876.0
salon-073,Tommy Mintz,two minutes,0.64,I'll be ready in two minutes.,2607.28
salon-073,Clive Holden,Clive told,0.82,"was muted on that. So it's really big, right? And actually, Clive told me that he drove a bus, you know, and this is the length of",3174.74
salon-073,Tommy Mintz,to dominate,0.64,"We don't want to dominate this, have discussion dominate.",4263.28
interview-001,Ann Shapiro,and Shapiro,0.91,"Ippolito and Shapiro. And I remember Shapiro telling us, you know,",293.44
interview-001,Gregory Little,Greg Little,0.88,"And I also studied under a guy named Greg Little, who was, he studied painting at Yale, really interesting a",1324.02
interview-001,Oz Van Rosen,"Osvan Rosen,",0.87,"Osvan Rosen, who was in Southampton, who had used",1947.06
interview-004,Trey Morgan,the organ,0.8,I am able to use his percussion and the left-hand half of the organ manual in his version.,735.42
salon-073,Lee Schnaiberg,Lee Schneiberg's,0.87,"e a minute left. Also, today we're going to experiment with Lee Schneiberg's suggestion that at the end of each presentation, you can un",34.04
salon-073,Tommy Mintz,two minutes,0.64, maybe somebody else can go first and then I'll be ready in two minutes. All right. Is there anyone else who wants to share.,1590.2
interview-001,Ann Shapiro,and Shapiro,0.91," two painting professors. So I had two professors, Ippolito and Shapiro.  And I remember Shapiro telling us, you know, it's great t",188.6
interview-001,Gregory Little,Greg Little,0.88,"ut digital overriding. And I also studied under a guy named Greg Little, who was, he studied painting at Yale, really interesting a",1286.58
interview-001,Oz Van Rosen,"Osvan Rosen,",0.87," Techspressionism. And I saw that there was an artist named Osvan Rosen, who was in Southampton, who had used the term in a magazine",1828.84
interview-004,Trey Morgan,the organ,0.8,. I am able to use his percussion and the left-hand half of the organ manual in his version.,558.44
salon-090,Steve Miller,see me,0.67,"nsions, and I can show you what I mean. Can you see you can see me right, because I can't see me.",3819.78
salon-090,Steve Miller,see me,0.67,"Oh, yeah, I see me. Okay, so this is something really flat. And this is very s",3849.9
salon-093,Renata Janiszewska,Renada Yanaszewska,0.83,"d between Cape Cod based Karen, Lafleur, and Canadian-based Renada Yanaszewska, Titled Mariniana.",157.68
salon-093,Renata Janiszewska,Renata Yanniszewska,0.92,"Hello! I'm Renata Yanniszewska, and I'm very happy to be here. Thank you, Benton, and than",2141.37
salon-093,Allen Hirsh,Alan Hirsch,0.82,"ol from zoom, that would be great. And I see I'm gonna pick Alan Hirsch first, st",4518.93
salon-094,Renata Janiszewska,"Renada, Yanaszewska",0.81,"rk is featured alongside and commissioned pieces by artists Renada, Yanaszewska, Karen LaFleur, and Jan Swinburne.",35.88
salon-094,Renata Janiszewska,Renadi Anisewska,0.82,"to gain visibility to the group and our Instagram, Curator, Renadi Anisewska.",534.85
salon-094,Darcy Gerbarg,Darcy Gabar,0.83,people showing up. Darcy Gabar has a beautiful augmented reality. Sculpture here that Sung,1038.8
salon-094,Renata Janiszewska,Renata Yanashewska,0.83,"And now I'd like to pass the mic on to Renata Yanashewska, who's our next artist presenter, and Renata is going to be",2874.91
salon-098,Cynthia Beth Rubin,"Cynthia Rubin,",0.84,"I'd like to invite, Cynthia Rubin, to the floor. She has a couple announcements about the upco",36.66
salon-098,Ann Shapiro,and share,0.7,"anyone else in the Zoom to jump in and share some work, that, you know, might be relevant to the topic, ",515.23
salon-098,Ann Shapiro,Anne said,0.7,", some are digital, some are mixed media on paper, and like Anne said, I have a 13x19 printer.",1936.73
salon-103,Ben Red,been fed,0.8,"Then the AI analyzes what has been fed, and it learns patterns, like what cat, sunset, or in the s",899.05
salon-103,Ben Red,been fed,0.8," has a very sophisticated concept of patterns, because it's been fed on the patterns of the world. So what it did was, in encoun",4123.47
salon-103,Michael Rees,Michael uses,0.83,"As a user of Midjourney, I know Michael… Michael uses Midjourney heavily.",4294.61
salon-106,Stephen Paré,Stephen Paray,0.88,"come, everybody, to this salon, which, I am co-hosting with Stephen Paray. We're really happy to bring",-41.46
salon-106,Isabelle Arvers,"Isabelle,",0.7,"hat just because I didn't know if you're ready to introduce Isabelle, but go ahead. Yeah.",198.78
salon-106,Leila Pinto,Lead into,0.8,Lead into patience.,2599.02
salon-106,Isabelle Arvers,Isabelle,0.7,"Isabelle is back on, and, I don't know if you can get things to work",3289.99
salon-106,Systaime,Systems,0.67,"Systems video. Oh. And so that… that ending, which might have seeme",3825.08
roundtable-005,Yuge Zhou,Yuga Zhou,0.89,"Of course, the curator of the exhibition is Yuga Zhou. She's a talented video artist herself, based in Chicago, a",112.24
roundtable-005,Renata Janiszewska,Renadia Nashevska's,0.65,Thanks so much chat. And what about Renadia Nashevska's work? Can you tell me a little bit about the artist and her,225.92
roundtable-005,Renata Janiszewska,Renata's answers,0.71,"Well, Jen, you were mentioned in Renata's answers. So how about you go next?",579.14
roundtable-005,Ben Red,be bored,0.8,"ored while you're making that work, then your audience will be bored with it as well, and I took that to heart, and I never let ",2348.95
roundtable-005,Clayton Campbell,Colin Campbell,0.8,"erything for oneself. Otherwise you get bored, and my Prof. Colin Campbell used to say to me, If you're bored while you're making that",2348.95
salon-095,Tommy Mintz,Tony Mintz,0.86,"By the way, this is Tony Mintz. Most of you know him, but he's the curator of this show.",185.17
salon-095,Patrick Lichty,Patrick Linty,0.89," for as a studio assistant when I was an undergraduate, and Patrick Linty, who I met in graduate school. We were both doing our mfas ",1090.28
salon-095,zeitgeistmode,Zeitgeist,0.82,"you were talking about the the onion and the outer layer is Zeitgeist, too, and and I think that this could be a Zeitgeist moment",2110.78
salon-095,zeitgeistmode,Zeitgeist,0.82, one thing with hashtags that represents that there is this Zeitgeist moment where people are tapping in. To you know the express,2135.73
salon-095,zeitgeistmode,Zeitgeist,0.82," the analog to digital. And I really do feel like there's a Zeitgeist moment. Where, whether people are, you know, in this group ",2149.82
salon-095,TinTin23x,Tintin,0.8,"nt. Oh, we have a nice typed in thing here. One last thing, Tintin 23 x said. My question, for the panel relates the to the so",3088.67
salon-095,Andrea Bonaceto,Andrea Bonacheta,0.9,"how to mint through. One of the artists came into the group Andrea Bonacheta, who he created an nft with Sophia, which was a robot. Hand",3288.54
salon-095,TinTin23x,Tintin,0.8,"k this to the audience, to our panel here more directly. So Tintin followed up with tintin. 23 x followed up a follow up quest",3869.2
salon-095,Erin Ko,Erin Co,0.86,"Have a story to tell. Yesterday, I mean the other day I met Erin Co. Who's here in the audience I told about laser. She came to",4439.78
salon-097,Allen Hirsh,and his,0.67,"ot a big fan of the present President of the United States, and his",1275.19
salon-097,Anton Dubrovin,"ago, during",0.64,"ut I didn't get into the art aspect of it until a few years ago, during Covid, when I bought",2818.13
salon-097,Allen Hirsh,and his,0.67,"ently passed away. I'm not sure if you're familiar with him and his work. But he was used in the plotters, you know, kind of ea",3755.33
salon-097,Chris Bly,"Chris,",0.71,"I have a very brief question for Chris, and then a general question for the 3 artists. For Chris.",4943.74
salon-097,Allen Hirsh,all their,0.7,"y interesting. It might be dynamic, it might be static, and all their talent is how they use the camera and how they use post",5135.14
salon-097,Chris Bly,"Chris,",0.71,"All right. Thank you. Elio and Chris, do you want to close out if you have any thoughts on that a",5328.43
salon-100,Gregory Patrick Garvey,Greg Garvey,0.67,"e spirit of this exhibit. This is a cooperative effort, and Greg Garvey is controlling the actual slideshow, so we will…",199.3
salon-100,Andy Wauman,and human,0.8,"rnational flavor of this group, and just the wonderful work and human beings that all of you are. So, thanks.",4346.45
salon-100,Gregory Patrick Garvey,"Greg, greg Garvey",0.67,"Greg, greg Garvey just signed off, I think he… this is, you know, the problem",4995.15
salon-100,Michael Farmer,Michael came,0.85,"Michael came up with… Michael Woodruff with the patterning that we had, ",5404.08
salon-107,David Mew,David came,0.84,When David came to the place!,2762.89
interview-028,Andy Wauman,and human,0.8,", like technology, is very antithetical to human creativity and human imagination in different ways, and I think that the idea of",4184.76
roundtable-006,Helen A. Harrison,Harrison,0.64,"Helen A. Harrison is an art historian, journalist, author, and retired direct",104.74
roundtable-006,Oz Van Rosen,on human protein,0.64,"cts include collaborations with Nobel laureate Rod McKinnon on human protein research, work at Brookhaven National Lab, and lectures at ",167.4
roundtable-006,Oz Van Rosen,of a response,0.64,"ith a way to describe my work, and I think that it was sort of a response to the idea that",299.21
roundtable-006,Patrick Lichty,Patrick,0.67,"Thanks, Oz. Patrick or Steve, who would like to go next?",851.67
roundtable-006,Patrick Lichty,Patrick,0.67,I'll jump in then. Patrick just kept his mouth closed for…,865.23
roundtable-006,Patrick Lichty,"Patrick,",0.67,"my doctors at the Cleveland Clinic said, you know, Patrick, you know, you're…",1312.12
roundtable-006,Renata Janiszewska,Renata Anishevska,0.86,"thing like 82,000 posts on Instagram using the hashtag, and Renata Anishevska is the Instagram curator, and she's done an amazing job of",3395.65
roundtable-006,Helen A. Harrison,"Helen and, Christiane",0.68,"w if it was… it might have been the first roundtable, with, Helen and, Christiane Paul from the Whitney, talking about Techspressionism, and ",3787.01
roundtable-006,Randi Matushevitz,Randy Matsuchevitz,0.86,"Cynthia Beth Rubin has put together the show in Uzbekistan, Randy Matsuchevitz has organized Techspressionism LA, which I think there's go",4158.34
roundtable-006,Patrick Lichty,"Patrick,",0.67,"u, you know, you made me think of, which is that, you know, Patrick, he mentioned sort of offhand about this idea of text-pressi",4258.88
roundtable-006,Patrick Lichty,"Patrick,",0.67,"just want to thank all of you for being here. Sorry we lost Patrick, but Colin, Steve, Helen, Oz, I'm really, really grateful th",4425.13
salon-008,Malavika Mandal Andrew,malavika i'm an,0.7,so uh my name is as i said as malavika i'm an artist and my main education is in textile,1948.72
salon-008,Emily B. Schilling,Emily Bruton Schilling,0.85,I'm Emily Bruton Schilling and I'm here from New York City and very excited to be here,2623.92
salon-009,Carmen Moses,can see,0.63,"h, if everyone could put a thumbs up, that'd be great. So I can see that everyone",42.9
salon-009,Carmen Moses,can see,0.63,"If you go in it, you can see I'm in Photoshop, all the layers in this, and you can see t",327.8
salon-009,Carmen Moses,can see,0.63,I hope you can see the Ferris wheel a little bit.,339.7
salon-009,Carmen Moses,can see,0.63,Wait. Zoom back and forth. You can see the whole piece now a little better.,377.92
salon-009,Carmen Moses,can see,0.63,"I'm zooming back, but I don't know if you can see this Ferris wheel here. And the ones and zeros,",413.12
salon-009,Carmen Moses,can see,0.63,And you can see up here step 28 of Haven's house.,648.66
salon-009,Patrick Lichty,Patrick,0.67,Is Patrick in here now?,850.02
salon-009,Carmen Moses,can see,0.63,a bit of bourgeoisie. There you can see here you can see Prosecco and like Prosecco pattern.,1092.3
salon-009,Carmen Moses,can see,0.63,"Yes, yes. Here you can see like canvas and I'm trying to paint all over.",1255.96
salon-009,Carmen Moses,can use,0.63,"All things materials you can use, you can print.",1319.92
salon-009,Patrick Lichty,Patrick,0.67,next presentation. So I think Patrick just showed up. And he,1437.68
salon-009,Carmen Moses,can see,0.63,ff of the theoretical framework of Kandinsky's work and you can see it's pretty,1676.28
salon-009,Carmen Moses,can see,0.63, kept moving further this is about 1994 um and you know you can see that there,1695.34
salon-009,Patrick Lichty,"Patrick,",0.67,"Patrick, if you wanna paste your website into the chat,",2276.4
salon-009,Leslie Kell,"Leslie,",0.71,"Leslie, I believe you were the next,",2348.56
salon-009,Carmen Moses,can see,0.63, creatures in my pieces. These is the detail of it. And you can see there's,2535.94
salon-009,Carmen Moses,can see,0.63,"And you can see in the moment, but because I do use all my own footage and ",2700.6
salon-009,Leslie Kell,Leslie,0.71,ery much for presenting. Does anyone have any questions for Leslie or?,2818.22
salon-009,Leslie Kell,"Leslie,",0.71,"Leslie, do you have a 3D program for the trees and things?",2831.28
salon-009,Leslie Kell,"Leslie,",0.71,"All right. All right. Thank you, Leslie, for presenting. It was a pleasure to have you.",2844.46
salon-009,Carmen Moses,Carmen,0.67,I know Carmen and Brandon both messaged me and asked about presenting.,2908.88
salon-009,Carmen Moses,Carmen,0.67,"I think everyone just kind of showed up. So, I mean, I know Carmen was here early. Carmen, if you want to go, by all means.",2926.04
salon-009,Leslie Kell,leslie,0.71,e uh these processes in photoshop of of uh like taking like leslie was,3108.68
salon-009,Anne Spalter,and Spalter,0.87,"Person and Spalter, have you heard of her? And I hadn't at the time.",3913.62
salon-009,Carmen Moses,can move,0.7,"I guess we can move on unless we have any objections, Colin.",4317.94
salon-009,Carmen Moses,can use,0.63,We're going to have a Kunst matrix account that we can use on an,4765.64
salon-009,Patrick Lichty,Patrick,0.67,Getting my homework in either Patrick and I are on our last day.,4986.18
salon-009,Carmen Moses,can set,0.63,"If we can set a date based on like, you know, what.",4998.36
salon-009,Patrick Lichty,Patrick,0.67,"I mean, Patrick and I just used 5,000 pixels because that was as big as you",5382.26
salon-010,Anne Morgan Spalter,and Spalter,0.67,"Alright, so without further ado, is and Spalter in the room.",131.08
salon-010,Anne Spalter,and Spalter,0.87,"Alright, so without further ado, is and Spalter in the room.",131.08
salon-010,Anne Morgan Spalter,And Michael Spalter,0.68,And Michael Spalter who is a digital art history major at Brown said wow this i,313.5
salon-010,Sherry Karver,SuperRare,0.64,ou can see some of that on my website and the rest of it on SuperRare or Viv3.,519.9
salon-010,Sherry Karver,SuperRare,0.64,You paste in links to SuperRare or any of the other NFT platforms?,845.8
salon-010,Sherry Karver,SuperRare,0.64,And I'll put SuperRare in there as well.,886.7
salon-010,Brandon Gellis,Brandon,0.67,Brandon hi.,2492.1
salon-010,Sherry Karver,"Sherry,",0.63,"Yeah, Sherry, I was going to ask you, where are you located?",3131.2
salon-011,Steve Miller,some smaller,0.67,I have some smaller scale ones that are 12 by 21.,3861.5
salon-012,Michael Pierre Price,"Michael Reese, Michael",0.67,"Okay. So, Carter, Michael Reese, Michael Price, Colin,",171.58
salon-012,Peter Borges,Peter Bourget,0.88,"And then there was also Peter Bourget,",3915.62
salon-012,Colin Goldberg,Colin's going,0.67,"I don't know if Colin's going to be here for a bit after too,",7608.39
salon-013,Diane Marsella,done all,0.64,And I'm really struck because I love fabric and have done all kinds of stuff with fabric.,1255.8
salon-013,Sue Beyer,she be,0.67,How would she be in touch with you or just come? How do you?,3963.84
salon-013,Leila Pinto,lead into,0.8,And the aesthetics from a few pieces would lead into each other.,4434.72
salon-013,Michael Pierre Price,Michael Pierce,0.82,"Michael Pierce and I talked about the era price have talked about as well,",4684.28
salon-013,Michael Pointer,Michael Pierce,0.83,"Michael Pierce and I talked about the era price have talked about as well,",4684.28
salon-013,Giovanna Sun,Giovanna,0.8,"Yeah. I see a question from Giovanna and that's a good question too, about.",5498.88
salon-014,Sherry Karver,"Sherry,",0.63,"Well, again, thank you very much, Sherry, for your presentation.",2516.18
salon-014,Deann S Hasinoff,Deann Stein Hasinoff,0.89,"So, as Davo said, my name is Deann Stein Hasinoff and I'm coming to you today from Edmonton,",2577.34
salon-014,Sherry Karver,"Sherry,",0.63,"Like Sherry, I'm pretty low tech tech, so I don't...",3080.54
salon-014,Sherry Karver,she ever,0.67,I don't think she ever made it.,3729.02
salon-014,Sherry Karver,Sherry,0.63,"Susan, Sherry and Deanne.",3738.7
salon-014,Anne Spalter,and spalter,0.87,like we have this nft show um that um and spalter is curating right now there's an open call for it,4215.62
salon-014,Clive Holden,clive hold,0.91,and um uh clive hold yeah yeah yeah,5154.46
salon-015,Andrea Bonaceto,And one,0.64,"And one of my friends, Marcello, Mari, approached me and said, OK, ",204.62
salon-015,Andrea Bonaceto,And one,0.64,"And one of these things that I think about,",2214.16
salon-015,Tommy Mintz,to print,0.63,I also have this image that I was able to print.,2300.58
salon-015,Andrea Bonaceto,and one,0.64,of my looking reading her essays and one day I was leaning forward afterwards doing some coding,4607.48
salon-016,Gary Hopkins,gary thanks,0.7,some more work because fill me up son but always a pleasure gary thanks thank you,3298.02
salon-016,Gregory Little,Greg Little,0.88,"ow, like Patrick just, um, um, did his first interview with Greg Little, who is our graduate advisor.",6447.0
salon-016,Gregory Little,Greg Little,0.88,"with Greg Little, by the way, actually.",7169.52
salon-017,Tommy Mintz,Tommy Mintz's,0.92,"testimonial about the value of this is recently, like I saw Tommy Mintz's work",1129.62
salon-017,Michael Pointer,Michael,0.64,And the last question for Michael is coming from Clive.,1887.54
salon-017,Michael Pointer,"Michael,",0.64,"Hi Michael, I really love your work.",1892.6
salon-017,Michael Pointer,medical industry,0.65,And then that morphed into data visualization in the medical industry.,2506.26
salon-017,Michael Pointer,Michael,0.64,"ge with these elementary lines of code, I think I know that Michael was talking this, but it's almost, I don't know,",3176.26
salon-017,Michael Rees,Michaels,0.8,"r your input, Michael. Actually, hold on. We now have three Michaels in here now,",3763.68
salon-017,Michael Pointer,"Michael,",0.64,"Michael, the poetry aspect. I think some of you know that I go to a ",5010.74
salon-017,Michael Pointer,"Michael,",0.64,"thank you very much, Michael, for your presentation. It was a pleasure to have you",5089.42
salon-017,Anne Spalter,And Spalter,0.87,And Spalter and I did a collaboration on Super Rare through another Zoo,5269.84
salon-017,Michael Rees,Michaels,0.8,"attending and thank you so much, our presenters today. Both Michaels who presented today and Greg.",6973.5
salon-018,Uli Ap,Uli,0.67,And I guess we'll take two more questions and then Uli can definitely get on with their presentation.,2578.9
salon-018,Uli Ap,"Uli,",0.67,"Thank you, Uli, for your presentation.",4129.58
salon-018,Uli Ap,"Uli,",0.67,"Uli, I want to just respond since we're running out of time.",4935.98
salon-018,Uli Ap,"Uli,",0.67,"Thank you, Uli, for presenting and talking and sharing about your thoughts ",6565.16
salon-018,Gregory Little,Greg Little,0.88,"It's Greg Little, who was at Bowling Green State University.",6672.16
salon-018,Lee Musgrave,lee musgrove,0.92,we do have uh lee lee musgrove wanted to present also next time so yeah he he made sure to,6713.64
salon-020,Cynthia Beth Rubin,Cynthia Rubin,0.84,"because I was talking about Cynthia Rubin a second ago. Wait, I kind of love it because",110.14
salon-020,Christine Sciulli,Christine,0.69,. So a little bit of background about Christine and Victor. Christine is a visual,132.7
salon-020,Christine Sciulli,"Christine,",0.69,"You know, Christine, if maybe if you go out",3917.42
salon-020,Christine Sciulli,"Christine,",0.69,"And, Christine, I love how you're creating these experiences.",4823.3
salon-020,Christine Sciulli,"Christine,",0.69,"Yeah, I just wanted to say, you know, thank you, Christine, for coming.",5514.96
salon-020,Christine Sciulli,Christine,0.69,"And, you know, definitely appreciate, you know, Christine was the artist that introduced me to Paul and Paul Miller t",5570.56
salon-020,Christine Sciulli,Christine,0.69,"And I mean, it was like, you know, Christine and I had shown together this little gallery on the North F",5597.14
salon-020,Christine Sciulli,Christine,0.69,"ting artists together for this Southampton show, I saw that Christine had had a piece that wrote.",5626.2
salon-020,Gregory Little,Greg Little,0.88,And Greg Little wants to know.,5740.58
salon-020,Christine Sciulli,Christine,0.69,Christine I just want to say it's not so much a question but I just w,5803.5
salon-020,Christine Sciulli,Christine,0.69,"much, Christine and Victor, for your presentations. They were wonderful. An",6632.66
salon-020,Christine Sciulli,Christine,0.69,much. Thanks for moderating. Yeah. Thanks to Victor and Christine for presenting. Thanks so much.,6682.22
salon-021,Clayton Campbell,Colin Campbell,0.8,"was Colin Campbell, who was a Canadian video artist.",3919.84
salon-021,Clayton Campbell,Colin Campbell,0.8,"I had Colin Campbell as my prof, and he was a pioneer in video art in Canada. He",4048.74
salon-021,TinTin23x,Tintin,0.8,And the title of this animation is Tintin Pops.,4525.26
salon-022,Giovanna Sun,Giovanna,0.8,"Well, thank you so much. And thanks Giovanna for bringing these artists in.",2113.74
salon-023,Cynthia Beth Rubin,cynthia rubin,0.84,um which we've kind of already answered um from cynthia rubin but she wants to know do you need,1898.98
salon-024,Malavika Mandal Andrew,"Malavika, are",0.69,"Malavika, are you ready to go?",142.16
salon-024,John Zieman,john lean,0.8,iphone 4 and um and there's a filmmaker john lean and there's a couple of photographers,3553.1
salon-025,David Mew,David M,0.88,"which includes myself, David M.",6378.1
salon-026,Brandon S Gellis,Brandon Gallus,0.8,And the name of this titled by Brandon Gallus is A Calling For Utopia.,217.44
salon-026,Andrew Reach,and preach,0.82,To go ye into all the world and preach the gospel.,3100.18
salon-026,Carolina Ramonde,Carol Ramon,0.81,and Carol Ramon.,3224.36
salon-026,Carolina Ramonde,Carol Ramon,0.81,But so Carol Ramon day.,3238.4
salon-026,Carol Hunt,Carol sent,0.8,"Well, that was, you know, Carol sent me a painting.",3466.8
salon-028,Tommy Mintz,to paint,0.63,"I dropped out of school and had no time to paint, but found I could photograph my world",2060.62
salon-028,Tommy Mintz,two main,0.63,So those are the two main things.,3119.86
salon-028,Ben Red,be ruled,0.8,I don't like to be ruled too much by too many strict rules.,3161.58
salon-028,Tommy Mintz,to print,0.63,I ideally I'd like to print really large.,3509.12
salon-028,Sherry Karver,Sherry Carter,0.85,This is for Sherry Carter.,4101.0
salon-028,Sherry Karver,Sherry Carter,0.85,But at the end I'm saying this is for Sherry Carter.,4109.42
salon-029,Gregory Little,Greg Little,0.88,"art together, studying under Greg Little, whose work is also included in this exhibition,",389.34
salon-029,Ben Red,be read,0.86,it's not intended to be read either,3172.7
salon-029,Andy Wauman,And human,0.8,"And human beings are are pretty brilliant, too.",3738.48
salon-029,Alan Kinnard,Alan Kennard,0.92,"So, Alan Kennard.",5913.1
salon-030,RnD Team,red team,0.88,red team based artwork and then last minute I added color correction,3365.22
salon-030,Giovanna Sun,"Giovanna,",0.8,"participation and all of this. It means a lot. Giovanna, did you just want to say aloud what",6696.5
salon-030,Giovanna Sun,Giovanna,0.8,Giovanna has a showcase for specialism at the Williamsburg Hotel in ,6716.28
salon-031,Carmen Moses,Carmen,0.67,I'm by as most people either call me Carmen or see. It's all good.,465.84
salon-031,Carmen Moses,can see,0.63,"And then, and some sort of saucy things as well as you can see.",607.28
salon-031,Carmen Moses,can see,0.63,"So like, I'm pointing at it like you guys can see where I'm pointing.",894.04
salon-031,Cynthia Beth Rubin,cynthia rubin,0.84,cynthia rubin you know so i just wanted to jump on that what i wrote in t,2258.4
salon-031,Carmen Moses,can use,0.63,You can either raise your hand or you can use a little hand-raise function.,2864.6
salon-031,Carmen Moses,can see,0.63,And you can see we got a lot of different styles.,3648.02
salon-031,Carmen Moses,came across,0.7,And then this came across.,3821.56
salon-031,Carmen Moses,can see,0.63,You can see the video on Niftorian.com as well.,3839.28
salon-031,Carmen Moses,can see,0.63,So you can see the assembly of that owl as well.,3859.42
salon-031,Carmen Moses,can see,0.63,"You know, we're seeing, as you can see, there's a lot of different styles that represent here.",3877.1
salon-031,Giovanna Sun,Giovanna stuff,0.85,I know we need to get Giovanna stuff out.,4497.86
salon-031,Carmen Moses,can choose,0.64,You have to be on a white list so you can choose the time of day that you're going to purchase one of these ,4828.36
salon-031,Michael Pierre Price,Michael peer prices,0.87," day that you're going to purchase one of these pieces like Michael peer prices, for example.",4828.36
salon-031,Michael Pointer,Michael peer,0.81," day that you're going to purchase one of these pieces like Michael peer prices, for example.",4828.36
salon-031,Michael Rees,Michael peer,0.83," day that you're going to purchase one of these pieces like Michael peer prices, for example.",4828.36
salon-031,Carmen Moses,can see,0.63,And definitely check out the website so you can see what we're doing. There's a lot going on there.,5092.94
salon-031,Giovanna Sun,Giovanna,0.8,"t. And with that, I think we can go ahead and move along to Giovanna and her project",5152.34
salon-031,Carmen Moses,can see,0.63,"Yeah, we got to, we got pulled up or we can see it at least.",5175.34
salon-031,Carmen Moses,can see,0.63,It's not like something you can see like everywhere.,5478.42
salon-031,Carmen Moses,can see,0.63,"I think that that glitch, you can see like overlap",5485.44
salon-031,Carmen Moses,can see,0.63,"So more like, like this is, you can see the left-hand side.",5504.14
salon-031,Carmen Moses,can see,0.63,you also can see my art in nft.best,5974.44
salon-031,Carmen Moses,can see,0.63,you can see that this is like the ongoing curation.,6045.18
salon-031,Carmen Moses,can use,0.63,"That people, they can use a mobile phone,",6087.62
salon-031,Anne Spalter,Anne Spexler,0.83,So this is a great thanks to Anne Spexler,6509.92
salon-031,Carmen Moses,can see,0.63,"So if you want to see, you can see the,",6528.54
salon-031,Giovanna Sun,"Giovanna,",0.8,"And Giovanna, I want to let you know too,",6771.8
salon-031,TinTin23x,Tintin,0.8,a question from Tintin,6870.0
salon-032,Ben Red,be fired,0.8,"They don't want to be fired. I feel when I'm doing them, there's some sort of wrestling",973.82
salon-032,LoVid,love,0.67,"You know, love one another. And I think we're in real trouble with guns at",1182.0
salon-032,Cynthia Beth Rubin,Cynthia Rubin,0.84,Cynthia Rubin and others.,1283.52
salon-032,LoVid,love,0.67,And that's really upsetting because they love the piece.,1586.46
salon-032,LoVid,love,0.67,like little books and I'm really like in love and really believe in that world.,2663.16
salon-032,LoVid,loud,0.67," played a lot of the video because it's really usually very loud. But,",2954.28
salon-032,LoVid,love,0.67,"really do symbolize invisible signals, they symbolize love and connection and flowing of,",3247.04
salon-032,LoVid,love,0.67,you make them into some kind of uh merch speaking of love that merch culture I saw that Callum really,3815.48
salon-032,LoVid,love,0.67,"ine. So definitely, if you're interested, I, I, you know, I love working",3892.96
salon-032,LoVid,love,0.67,It looks like pure love.,4336.78
salon-032,LoVid,love,0.67,", I tend to look at it and it reminds me of this feeling of love and happiness.",4338.88
salon-032,Lindsay Kokoska,Lindsay Kakoposka,0.88,"There was an artist, Lindsay Kakoposka.",5465.96
salon-032,LoVid,love,0.67,I would love to.,5552.14
salon-032,Giovanna Sun,Giovanna,0.8,So muchas gracias to Giovanna for pulling this all together.,6421.14
salon-033,LINDSAY KOKOSKA,Lindsay,0.64,"Nina, David, and Lindsay are presenters for today, and our wonderful audience of oth",16.84
salon-033,David Cohen,David Chung,0.82,"David Chung, who is the director of the university of Michigan's master",931.22
salon-033,LINDSAY KOKOSKA,Lindsay,0.64,"for Lindsay now, it'd be a great time to ask them either in the chat an",3009.4
salon-034,James Merrill,James Terrell,0.85,"And the latest one that I'm working with is with James Terrell on a big project that he has out in Arizona, which is",159.64
salon-034,Michael Farmer,Michael earlier,0.83,"I know Michael earlier you had, you said you had something that you were potential",5311.64
salon-034,Michael Roller,Michael earlier,0.83,"I know Michael earlier you had, you said you had something that you were potential",5311.64
salon-034,Giovanna Sun,Giovanna's son,0.85,So I followed Giovanna's son on Clubhouse and we've been in a few rooms together and,5876.8
salon-035,Prïnce Magnølïa,Prince Magnolia,0.8,"and then we have a pair of collaborating artists, Prince Magnolia and S.T. Rivera.",27.2
salon-035,Prïnce Magnølïa,Prince Magnolia,0.8,"Well, I guess we can move on to ST and Prince Magnolia.",2745.94
salon-035,Prïnce Magnølïa,Prince Magnolia,0.8,I am Prince Magnolia.,2767.86
salon-035,Prïnce Magnølïa,Prince Magnolia,0.8,"I'm traditionally an illustrator, and I met Prince Magnolia on Clubhouse,",2916.62
salon-037,PATRICK LICHTY,Patrick,0.67,"rest of time, I think we probably need to get going so that Patrick can also have his presentation.",1846.88
salon-037,Roman Verostko,Roman Virosko,0.89,And I met this guy named Roman Virosko.,2341.14
salon-037,Carla Gannis,Carl Aganis,0.87,"e that. I work a lot with a platform that Anne Spaulder and Carl Aganis introduced me to,",2962.22
salon-037,Anne Spalter,Anne Spaulder,0.88,"ignore that. I work a lot with a platform that Anne Spaulder and Carl Aganis introduced me to,",2962.22
salon-037,PATRICK LICHTY,"Patrick,",0.67,"Patrick, are you still continue?",4528.96
salon-037,PATRICK LICHTY,Patrick,0.67,"Moderating, and also thank you very much to Deanna and Patrick for presenting, and all you guys.",5220.18
salon-040,Andy Thomas,Andy Thomas's,0.92,"And the Russian artist, Mounth, and this is one of Andy Thomas's",5203.24
salon-043,Verneda Lights,Vernetta Lights,0.9,"Alright, Vernetta Lights.",231.54
salon-043,Darcy Gerbarg,Darcy Garbage,0.85,Darcy Garbage.,242.4
salon-043,Giovanna Sun,Giovanna son,0.92,I know that Giovanna alias Doug woman Giovanna son.,249.54
salon-043,Gregory Little,Greg Little,0.88,"Greg Little was there, but he's not on now.",1887.9
salon-043,Giovanna Sun,Giovanna's son,0.85,"And a photo from Giovanna's son, who was kind enough to take the picture.",2582.66
salon-043,Cynthia Beth Rubin,cynthia rubin,0.84,if you are interested to see how i create the shapes cynthia rubin and i spoke in july of 2021,3409.54
salon-043,Darcy Gerbarg,Darcy Garbage,0.85,Darcy Garbage.,3603.24
salon-043,Darcy Gerbarg,Darcy Garbag,0.88,"Hi Roz, it's actually Darcy Garbag.",3608.1
salon-043,Darcy Gerbarg,Darcy Garbag,0.88,"I'm Darcy Garbag, an artist who straddles two...",3643.2
salon-043,Giovanna Sun,Giovanna,0.8,"startup founder, and also the seller, our advisor he say oh Giovanna is a crazy artists don't listen to her she can do anything.",4784.68
salon-043,Michael Rees,Michael Reese's,0.89,Michael Reese's sculptures.,5794.56
salon-044,Dan Welden,Dan Weldon's,0.82,which this is plate for at Dan Weldon's studio.,1649.12
salon-044,Dan Welden,Dan Weldon,0.9,"person, Dan Weldon, we've already seen already in a still image from Roy Nicho",2529.52
salon-044,Dan Welden,Dan Weldon,0.9,"Dan Weldon So your mute is on, Dan, do you want to unmute?",2551.8
salon-044,Dan Welden,Dan Weldon,0.9,Dan Weldon That's perfect. Thank you.,2560.9
salon-044,Dan Welden,Dan Weldon,0.9,Dan Weldon,2579.76
salon-044,Dan Welden,Dan Weldon,0.9,"Dan Weldon And thank you, Helen, for being involved. My work is, as yo",2582.4
salon-045,Michael Strevens,Michael Reese,0.83,And I see Michael Reese is here.,1501.58
salon-045,Michael Strevens,Michael Reese,0.83,Michael Reese dot org Reese's R E E S dot O R G.,1551.92
salon-045,Michael Strevens,Michael Reese,0.83,The best place to go is Michael Reese dot org and Reese's R E E S dot org 2 p.m.,1626.5
salon-045,Michael Rees,michael reese's,0.89,nice well if uh if you guys are um able to tune in to michael reese's thing tomorrow,5211.46
salon-046,Negin Ehtesabian,Nagin Etesabian,0.9,Nagin Etesabian.,549.5
salon-046,Andy Thomas,and stomas,0.86,"and stomas as he has,",3987.28
salon-046,Giovanna Sun,Giovanna,0.8,"So I don't know whether Giovanna is a robot or not, but you know hope not.",4218.1
salon-046,Negin Ehtesabian,Nagin Etisabian,0.84,all things Nagin Etisabian for all her amazing amazing help in this project and everyt,5103.42
salon-047,Tommy Mintz,tommy mince,0.82,s like it's either stuff you can roll up and i really thank tommy mince for um getting a,4386.94
salon-047,Roman Verostko,Roman Vrasko,0.85,"You know, and so, and, you know, Roman Vrasko is 93.",4933.54
salon-048,Patrick Lichty,Patrick lit,0.88,With Patrick lit key.,1641.54
salon-049,Michael Rees,Michael Reese's,0.89,"like in, in, in her, you know, where she's going, and maybe Michael Reese's piece, you know, in other words, these things that, you kno",464.88
salon-049,Michael Rees,Michael Reese's,0.89,"Patrick, when you say Michael Reese's piece, are you speaking about the inflatables?",526.56
salon-049,Giovanna Sun,Giovanna,0.8,"Is Giovanna here? She also knows about this. Anyway, so if it could hap",3746.24
salon-050,Gregory Little,Greg Little,0.88,"And ever since it's gone to something else. And actually, Greg Little curated a show that I was in, in those days of photographin",156.5
salon-050,Cynthia DiDonato,Cynthia Donata,0.87,"So it's great. So Cynthia Donata, and please make sure that you're muted if you're not",4528.4
salon-050,Giovanna Sun,giovanna,0.8,tech week um that um tommy and giovanna and paul miller participated in as artists and it was,4850.28
salon-051,Tommy Mintz,Tommy Mints,0.91,Keep doing that to myself. I was looking for titles and Tommy Mints and Colin came up with the two that are listed below.,476.24
salon-051,Frédéric Pons,Frederick Pons,0.81,"ced to Mid Journey by my friend and fellow tech specialist, Frederick Pons.",968.98
salon-051,Anne Spalter,an Spalter's,0.83,"Take notice of an Spalter's recent collection of AI spaceships, which, you know, I thou",1569.81
salon-052,Andy Wauman,and human,0.8,tween high energy physics and the sort of need for survival and human resources.,1146.9
salon-052,Lee Day,live day,0.8,gh his work and his art that the world in which we normally live day to day and the world in which we still talk about today is ,3500.46
salon-053,Tikoi Kuitenbrouwer,Tikoi Keitenbroer,0.89,He is Tikoi Keitenbroer.,202.08
salon-055,Mich Palmer,much calmer,0.82,"The discussion level is much calmer, much cooler than it was when action painting and pop art c",3440.78
salon-055,Giovanna Sun,"Giovanna,",0.8,"All right. I know Giovanna, I think, had her hand up.",3637.06
salon-055,Michael Rees,Michael Price's,0.81,"So the next step we have Corey, I think that's Michael Price's friend.",4021.56
salon-055,Giovanna Sun,giovanna,0.8,like based off of what i'm just going to reverse order what giovanna was,4153.8
salon-055,Anne Spalter,and Spalter,0.87,"and Spalter curated,",5343.34
salon-056,Tommy Mintz,to paint,0.63,"I get exhausted within two hours. I used to be able to paint all day, right into the night time.",2136.04
salon-056,Tommy Mintz,two into,0.63,Like a year or two into the series of portrait of woman.,2328.9
salon-059,Chanee Choi,can hold,0.63,we need to be able to know what's going on so we can hold them accountable and i think that we,1157.88
salon-059,Chanee Choi,can come,0.63,"If you don't mind, we can come back to you if you want.",1338.98
salon-059,Patrick Lichty,Patrick,0.67,"I hear Patrick and my concerns, you know, I think so far everybody's kind ",1406.24
salon-059,Patrick Lichty,Patrick,0.67,And Patrick and I both started Ann Ann and a bunch of people started wi,2944.14
salon-059,ScoJo,solo,0.67,e had an avatar that I've been working with. We've done two solo shows,3205.18
salon-059,Chanee Choi,can copy,0.63,and worried about the point how much AI can copy their work so I I couldn't just avoid their idea,4469.88
salon-059,Andy Young,and yon,0.82,"I mean, we're kind of like hither and yon and whatnot,",5102.62
salon-060,Gregory Little,Greg Little,0.88,"and Greg Little, but I think it would be really interesting",2243.74
salon-060,Michael Strevens,Michael Reese,0.83,"No, it's actually a bigger shot with the Michael Reese.",4712.56
salon-060,John Zieman,John Seaman,0.82,So John Seaman is here with us who was in the exhibition as well.,4736.6
salon-061,Lee Schnaiberg,Lee Schneiber,0.89,"I know Lee Schneiber calls it like rogue, rogue pano,",767.82
salon-061,Michael Warner,Michael,0.67,Michael or the other Michael?,866.18
salon-061,Michael Farmer,Michael Warner,0.86,Michael Warner.,867.98
salon-061,Michael Warner,michael,0.67, myself thank you and if you've had anyone that's shared um michael if,1623.96
salon-061,Tommy Mintz,to paint,0.63,Here I took it into another area where I was allowed to paint in iColorama and bring those shapes in.,2943.9
salon-061,David Cohen,David when,0.86,okay I'll be being bombed said for David when you show Vibe GL in a show or museum will you allow,4895.98
salon-062,Malavika Mandal Andrew,Malavika Mandalantru,0.86,"Hi, I'm Malavika Mandalantru from India.",1354.92
salon-062,Richard E,Richard,0.88,"a lot of them, does everyone know the Instagram pieces that Richard did?",1791.52
salon-062,Richard E,Richard,0.88,Richard was sued for taking Instagram images and reposting them.,2050.48
salon-062,Richard E,Richard,0.88,"But in this case, what Richard did was take the book, cut out the images, slather them wit",2378.06
salon-062,Richard E,Richard,0.88, was sued as well by other authors for the same reason that Richard was sued.,2420.98
salon-062,Richard E,Richard,0.88,", I think that's part of it, but I think it's more complex. Richard is a cultural sociological anthropologist, and he's gone th",3409.52
salon-062,Richard E,Richard,0.88,The other transformation argument that Richard was making was you're taking a digital image from a telepho,4699.04
salon-062,Richard E,Richard,0.88,"signed, but I know Richard and I got him over to the studio.",5019.1
salon-063,Marlow Shami,Mayor Shapiro,0.64, important essay and this is what I wanted to talk about by Mayor Shapiro.,771.32
salon-064,Chalda Maloff,Chalda,0.63,Chalda is next.,1054.12
salon-064,Tommy Mintz,to paint,0.63,"but he never painted that exact landscape, never tried to paint it the exact way he saw it.",4754.66
salon-065,Cynthia Beth Rubin,Cynthia Beth Irvin,0.89,"Cynthia, the other Cynthia that we have, Cynthia Beth Irvin, she says great depth in that image.",1927.06
salon-065,Tommy Mintz,to mind,0.67,And it brings to mind my participation in the early 70s,2773.38
salon-066,Giovanna Sun,Giovanna,0.8,"And that's how I met Colin and Giovanna and a few people on this, you know, on this Zoom.",1992.14
salon-066,Sherry Karver,sherry,0.63,sherry i'm not sure why i'm just i'm just gonna go here but there',3449.26
salon-067,Andy Thomas,Andy that,0.8,"Colin Goldberg, M.D.: We agree with you Andy that looks great.",403.48
salon-068,TinTin23x,Tintin,0.8,So what is a Tintin brush?,201.02
salon-068,TinTin23x,Tintin,0.8,But you can see there on the left the Tintin sequence coming into focus.,340.76
salon-068,Paul D. Miller aka DJ Spooky,paul miller like dj spooky,0.85,lgorithm i see in the chat there yeah yeah i think actually paul miller like dj spooky is,5317.9
salon-069,Chalda Maloff,called Major,0.64,This other one has a spatial theme called Major Tom to Ground Control.,1833.8
salon-069,Tommy Mintz,to print,0.63,"these laser, laser printers, tiling multiple pages together to print them large.",2523.84
salon-069,Patrick Lichty,Patrick,0.67,Pat's Patrick is here as well as wants to share.,2774.02
salon-069,Tommy Mintz,to mind,0.67,But let me do something that would bring this to mind historically in a way that's meaningful from a photographic,4994.58
salon-070,Michael Rees,"Michael, Lee",0.83,"Michael, Lee, Christina and Renata.",1449.92
salon-071,Oz Van Rosen,Oz fan Rosen,0.92,Oz fan Rosen and Patrick.,2747.58
salon-071,Patrick Lichty,Patrick Lipty,0.89,"ave books by Victor Acevedo, Davonte Bradley, Holly Gordon, Patrick Lipty, DJ Spooky, Steve Miller, Joseph Necvatal, and Spalter and ",5002.1
salon-071,Anne Spalter,and Spalter,0.87,"n, Patrick Lipty, DJ Spooky, Steve Miller, Joseph Necvatal, and Spalter and Sasha Stiles.",5002.1
salon-071,David Cohen,david can,0.8,yeah david can you stop your sharing,5321.2
salon-072,Ann Shapiro,and Sahar,0.7,"and Sahar, welcome, and take it away.",142.64
salon-072,Ann Shapiro,and air,0.67,"but environmental catastrophes as well, such as sea and air pollution,",361.0
salon-072,Stephen Pare,spheres,0.63,Other work that I added cypress tree in spheres and I made it like a surreal scene.,474.6
salon-072,Stephen Pare,spheres,0.63,"hings are like similar, but I have created these planets or spheres or",520.72
salon-072,Stephen Paré,Stephen Pare,0.92,"And there's also a new member today, Stephen Pare from Texas.",1823.56
salon-072,Stephen Pare,screen share,0.67,So let's start with the screen share.,3986.52
salon-072,Stephen Paré,Stephen Pare,0.92,"You could just join. So Stephen Pare, is that right? It's Peray. Thank you.",4546.2
salon-074,Michael Rees,"Michael, Lee",0.83,"names of the five topics. They'll be explained by Michael, Lee, and",51.0
salon-074,Anton MCHX,Anton,0.67,"So I have five artists at the moment, starting with Anton in Russia, who's joining us for the very first time.",92.38
salon-074,Tommy Mintz,to mount,0.63,He's actually heading to Paris right now to mount another thing.,2509.44
salon-074,Seungjin Lee,Sungjin Lee's,0.88,"Oh, here's Sungjin Lee's work, which is here's some AR, augmented reality fashion th",2689.74
salon-074,Anton MCHX,Anton,0.67,"t want to say it was great to see both Moritz from Germany, Anton from Russia, and some Canadian artists as well.",5455.08
salon-075,Cynthia Beth Rubin,"Cynthia Rubin,",0.84,"So Cynthia Rubin, you wanted,",117.0
salon-075,Beth Giacummo,Beth Giacomo,0.88,Is that Beth Giacomo that's still the point person there?,3286.3
salon-075,Beth Giacummo,Beth Giacomo,0.88,It's Beth Giacomo.,3338.44
salon-076,David Mew,did me,0.8,So Apple did me a big favor when they put out iOS 17.,1601.52
salon-076,Sherry Karver,Sherry Kava,0.83,Sherry Kava has done.,2678.28
salon-076,Tommy Mintz,to point,0.63, now it's a splash page and I'm using Siberiana.studio just to point to a directory on,4870.62
salon-086,Sherry Karver,Sherry Carver's,0.86,is Sherry Carver's piece.,520.78
salon-086,Tommy Mintz,to point,0.63,I'm trying to point with my cursor there in the bottom center.,589.48
salon-086,Tommy Mintz,to point,0.63,And I just wanted to point out the piece I'm talking about within context.,777.0
salon-086,Oz Van Rosen,Oz Van Rozen,0.92,e corner here from Colin and Renata we have Paul Miller and Oz Van Rozen.,2007.24
salon-086,Meltdownlove,Meltdown,0.8,And it's like we have Meltdown Love.,2018.44
salon-086,Carolina Ramonde,Caro Ramonde,0.86,Caro Ramonde right here next to Victor Acevedo print which is right next,2042.12
salon-086,Sherry Karver,Sherry Carver's,0.86,ht here next to Victor Acevedo print which is right next to Sherry Carver's.,2042.12
salon-086,Sherry Karver,Sherry Carver's,0.86,Sherry Carver's print.,2051.08
salon-086,Leila Pinto,Layla Pinto,0.82,"And above Carrie Ann, we have Layla Pinto.",2238.98
salon-086,Mary Ann Strandell,Mary Ann Strand-Hill,0.89,color as a formative you know generative object if you will Mary Ann Strand-Hill,2357.3
salon-086,Karen LaFleur,Karen LaCleure's,0.83,"of Karen LaCleure's work is above, can we come in a little bit here? Two pieces",2448.88
salon-086,Patrick Lichty,Patrick,0.67,"wave if you will. So Patrick and Nijine's piece is this peak, but also there's this",2544.16
salon-086,Ann Shapiro,And Shapiro,0.91,"And Shapiro, Lee Day has, once again, an interpretation of a landscape ",2598.6
salon-086,Meltdownlove,Meltdown,0.8,"ways, whether scientific, evocative, emotional over here as Meltdown Love has presented.",2614.74
salon-086,Sue Beyer,Sue Byers,0.89,"scans next to Sue Byers. I'm sorry, I'm tilting a lot here. Sue Byers",2763.46
salon-086,Carla Gannis,Carla Ganas's,0.8,s sculpture here up front. And a front table with... That's Carla Ganas's work on it.,2920.56
salon-086,Ben Red,be read,0.86,"y tried working on some images that might have been able to be read, but",4259.94
salon-086,Patrick Lichty,"Patrick,",0.67,"And Patrick, I'm just going to interrupt you briefly.",5828.2
salon-086,Tommy Mintz,to point,0.63,yeah wednesday a wednesday okay yeah i'd just like to point out it's not standard time it's,6815.22
salon-091,David Mew,David M,0.88,"a very much of a historic show and that had Frank Dietrich, David M., had a great impact on me.",2539.14
salon-091,David Mew,David M,0.88,"d I watched, went to see a lecture that had James Blinn and David M.",2547.26
salon-091,Simone Gad,since grad,0.8,"And in the 1980s, as I'd been like since grad school, I worked with ornament and architectural",3133.02
interview-002,Anne Spalter,and Albert,0.64,"ton, the Museum of Modern Art in New York, and the Victoria and Albert Museum in London, among others.",37.64
interview-002,Anne Spalter,and Albert,0.64,"and the Victoria and Albert Museum in London, among others.",62.26
interview-002,Anne Spalter,a paper,0.63,"of going to some kind of college where I never had to write a paper ever again, seems just absolutely fantastic to me and that'",205.46
interview-002,Anne Spalter,and water,0.67,ng for decades so these things like lighthouses and spheres and water and,586.42
interview-002,Anne Spalter,and scale,0.67,"ity, the ability to undo things and save different versions and scale things.",956.72
interview-006,Patrick Lichty,"Patrick,",0.67,"And then I know that you're under a time restraint, Patrick, do you want to pull up some images on the screen and talk a",2102.3
interview-006,Carla Gannis,carl ganas,0.82,and spalter is working with and carl ganas and and so the thing is is then carl ganas and,2956.84
interview-006,Anne Spalter,and spalter,0.87,and spalter is working with and carl ganas and and so the thing is is t,2956.84
interview-008,Ben Red,be fried,0.8,es and the potatoes here had too high of a water content to be fried commercially for McDonald's.,711.06
interview-009,Andrea Bonaceto,and one,0.64,"ou know, like I saw an interview recently with a journalist and one thing that he said was you know save the best for first whe",183.1
interview-010,Brandon Gellis,brown lines,0.64,the brown lines on here are houses that were taken and all of these open sp,2950.16
interview-011,Gregory Little,Greg Little,0.88,Were you there when Greg Little was there?,246.8
interview-011,Reed Hearne,read here,0.8,"sense that it's the next, you know, title that I'm going to read here.",1136.72
interview-011,Andy Wauman,and Nauman,0.86,"and Nauman, I don't think it's well known or well talked about, had st",1839.52
interview-011,Andy Wauman,And Nauman,0.86," they were on mainframes, and it cost a fortune to develop. And Nauman was doing the",1861.14
interview-011,Michael Rees,made three,0.64,"right? And the act of typing made three dimensional form. And I created this whole,",2051.6
interview-012,Margaret Dolinsky,Margaret Jelinski,0.82,Margaret Jelinski.,1788.28
interview-013,Oliver Peterson,older person,0.81,"So in 2015 or 16, I decided to go back to school as an older person with lots of little people.",330.12
interview-013,Lee Day,like day,0.8,also like mexican culture so like day of the dead and uh you know catholicism and and things like,1009.88
interview-014,Francis Mariano,Francisco Asian,0.8,a boon to that because of the San Francisco Asian Art Museum and just the incredible mix of people,247.84
interview-016,Gregory Little,Greg Little,0.88,", one of the artists who presented an artist by the name of Greg Little, who's one of my graduate advisors, mentioned that he was a",635.04
interview-018,Randi Matushevitz,"Recently, Matyshevitz",0.68,"Recently, Matyshevitz has traversed into digital media. Remember she started out ",111.22
interview-019,Malavika Mandal Andrew,"Malavika Sharan, And",0.71,"Malavika Sharan, And.",2470.38
interview-019,Malavika Mandal Andrew,"Malavika Sharan, And",0.71,"Malavika Sharan, And the same came here.",2575.34
interview-021,Patrick Lichty,patrick right,0.81,ties and i think i meant it was fascinating to to bump into patrick right,313.24
interview-021,Gregory Little,greg little,0.88,out in ohio and we both studied with greg little um over there and did our mfas and computer art,348.06
interview-021,Oz Van Rosen,osvan rosen,0.87,this woman osvan rosen who kind of was the first person that she,372.7
interview-021,Victor Acevedo,vector based,0.69,"you know, 99 to 2004 that were vector based and then animating them and adding audio and kind of",4569.86
interview-024,Michael Farmer,Michael Shamberg,0.8,See Louis Jaffe and Michael Shamberg.,1108.44
interview-025,Verneda Lights,very bright,0.64,I find them to be very bright.,2153.5
interview-025,Andy Wauman,any human,0.8,To be accurate and able to create a face for any human being.,3719.84
interview-026,Christina Galbiati,Christina Albu,0.81,"And to quote Christina Albu,",2571.36
presentation-006,Reed Hearne,read here,0.8,I'm not going to go over everything that you can read here.,288.76
roundtable-001,Helen A. Harrison,Harrison,0.64,Helen A. Harrison is a former New York Times art critic and NPR arts commenta,20.62
roundtable-001,Michael Strevens,Michael Reese,0.83,"Steve Miller, Joseph Necfatal, Michael Reese, Christine Schooley, Nina Sobel, Anne Spalter,",361.24
roundtable-001,Nina Yankowitz,Nina Yankovic,0.81,"and Nina Yankovic. I'm going to close this monologue, hopefully it wasn't too",368.34
roundtable-001,Michael Strevens,Michael Rhee's,0.8,"So in the center here, we have Michael Rhee's augmented reality work relating to sculptural work.",1080.92
roundtable-001,Nina Yankowitz,Nina Jankowicz's,0.8,"In fact, in your fly-through, you showed Nina Jankowicz's two-panel animation.",1445.22
roundtable-002,TinTin23x,Tintin,0.8,And this is a graphic novelist who did the beloved Tintin books.,549.38
roundtable-002,TinTin23x,Tintin,0.8,"Tintin, Tibetan.",560.32
roundtable-002,TinTin23x,Tintin,0.8,And another thing that's nice about the Tintin brushes is that they take on the color of the background of,583.38
roundtable-002,TinTin23x,Tintin,0.8,"And then finally, again, showing you some of these Tintin brushes.",613.14
roundtable-002,TinTin23x,Tintin,0.8, I was holding this mirror picture up. Your repeated use of Tintin in catching the vase.,1109.86
roundtable-004,Steve Miller,seven minutes,0.64,Each of the artists on today's panel will have roughly seven minutes to make their presentation to introduce themselves and the ,58.76
roundtable-004,Steve Miller,see later,0.67,"dical checkup by X-raying the flora and fauna, which you'll see later.",513.0
roundtable-004,Steve Miller,see later,0.67,"hat I found in the poorest sections of Brazil, which you'll see later.",537.08
salon-008,Malavika Mandal Andrew,malavika i'm an,0.7, time thank you so yeah okay! so uh my name is as i said as malavika i'm an artist and my main education is in textile designing i did ,1912.22
salon-008,Emily B. Schilling,Emily Bruton Schilling,0.85,"n here. Emily, would you like to present? Hi everybody. I'm Emily Bruton Schilling and I'm here from New York City and very excited to be here",2335.58
salon-009,Carmen Moses,can see,0.63,"h, if everyone could put a thumbs up, that'd be great. So I can see that everyone knows kind of how to do it. Nice, beautiful. ",0.0
salon-009,Carmen Moses,can see,0.63,"show you a little bit of the painting. If you go in it, you can see I'm in Photoshop, all the layers in this, and you can see t",238.02
salon-009,Patrick Lichty,Patrick,0.67, might want to move on to the next presentation. So I think Patrick just showed up. And he was supposed to be number two in our,1015.0
salon-009,Carmen Moses,can see,0.63,"enjoying life or, you know, a bit of bourgeoisie. There you can see here you can see Prosecco and like Prosecco pattern. Then w",1015.0
salon-009,Leslie Kell,"Leslie,",0.71,"ter I believe is going to be, where are you?  Just saw you. Leslie, I believe you were the next, supposed to be the next presen",1453.14
salon-009,Carmen Moses,can see,0.63,ff of the theoretical framework of Kandinsky's work and you can see it's pretty derivative this is 1993 1994 done on a 286 um b,1453.14
salon-009,Roman Verostko,Roman Verasco,0.81,at really split is that when I started working with um what Roman Verasco an artist in in Minneapolis would call algorithm in other w,1453.14
salon-009,Carmen Moses,Carmen,0.67,"I think everyone just kind of showed up. So, I mean, I know Carmen was here early. Carmen, if you want to go, by all means. Th",2370.32
salon-009,Patrick Lichty,Patrick,0.67,mework and I'm guilty of not. Getting my homework in either Patrick and I are on our last day. So I think it's a good idea to s,2938.32
salon-009,Leslie Kell,leslie,0.71,e uh these processes in photoshop of of uh like taking like leslie was saying taking you know my own photos my own stock photo,2938.32
salon-009,Anne Spalter,and Spalter,0.87,". And one of the board members said, you know, this. Person and Spalter, have you heard of her? And I hadn't at the time. And she s",2938.32
salon-010,Anne Morgan Spalter,and Spalter,0.67,"ffense. It's all good.  Alright, so without further ado, is and Spalter in the room. And here you are here. Okay. So, and will be o",1.3
salon-010,Anne Spalter,and Spalter,0.87,"ffense. It's all good.  Alright, so without further ado, is and Spalter in the room. And here you are here. Okay. So, and will be o",1.3
salon-010,Anne Morgan Spalter,And Michael Spalter,0.68,tiful work and the traditional art world really hated them. And Michael Spalter who is a digital art history major at Brown said wow this i,204.24
salon-010,Sherry Karver,SuperRare,0.64,ou can see some of that on my website and the rest of it on SuperRare or Viv3. V-I-V-3-D-R-A-R-E. And that's been really fun. And,204.24
salon-010,Brandon Gellis,Brandon,0.67,or you know.  I'd be happy to work with you. Who said that? Brandon hi. Well then maybe you should be my collaborator. All righ,929.14
salon-011,Steve Miller,some smaller,0.67,hey're 21 inches long. And I think they're 19 by 21. I have some smaller scale ones that are 12 by 21. I basically decided to work w,2610.12
salon-012,Michael Pierre Price,"Michael Reese, Michael",0.67,"ese, yeah.  And... Carter. Carter. Sorry. Okay. So, Carter, Michael Reese, Michael Price, Colin, and... And Randy. So, those are going to be o",0.0
salon-012,Peter Borges,Peter Bourget,0.88,"olved in the space since early on.  And then there was also Peter Bourget, who's, when first I think he might've been the person who ",3828.28
salon-012,Colin Goldberg,Colin's going,0.67,"chat. I'm going to be here for a bit after. I don't know if Colin's going to be here for a bit after too, or if he has to go. But- Ye",5748.3
salon-013,Sue Beyer,she be,0.67,"ple can, you know, send me if they want to do it. How would she be in touch with you or just come? How do you? I was thinking,",2595.56
salon-013,Michael Pierre Price,Michael Pierce,0.82,"u younger ones coming in here now. It's something that, uh, Michael Pierce and I talked about the era price have talked about as well,",2595.56
salon-013,Michael Pointer,Michael Pierce,0.83,"u younger ones coming in here now. It's something that, uh, Michael Pierce and I talked about the era price have talked about as well,",2595.56
salon-013,Leila Pinto,lead into,0.8,"se you call it.  And the aesthetics from a few pieces would lead into each other. So yeah, it doesn't away. Yeah. But I was just ",2595.56
salon-013,Giovanna Sun,Giovanna,0.8,"ave different. Periods of work. Yeah. I see a question from Giovanna and that's a good question too, about. She said, I have an ",2595.56
salon-014,Deann S Hasinoff,Deann Stein Hasinoff,0.89,day we have presenting uh susan detroy uh Sherry Karver and Deann Stein Hasinoff hasenhoff i think i said that correctly i hope i did thumbs,0.0
salon-014,Sherry Karver,Sherry,0.63,"ng to close that out. Thank you so much. Sarah. Wow. Susan, Sherry and Deanne. Thank you so much for your presentations. It wa",2524.76
salon-014,Deann S Hasinoff,Deann Stein Hasinoff,0.89,"n here.  All right. All right. So, as Davo said, my name is Deann Stein Hasinoff and I'm coming to you today from Edmonton, Alberta, Canada,",2524.76
salon-014,Clive Holden,clive hold,0.91,e it's um so we have andrea bonachetto bonachetto and um uh clive hold yeah yeah yeah so um it should be a good lineup andrea actu,2524.76
salon-016,Gary Hopkins,gary thanks,0.7,some more work because fill me up son but always a pleasure gary thanks thank you gary i really like the seeing the uh evolution of,1338.14
salon-016,Gregory Little,Greg Little,0.88,"ow, like Patrick just, um, um, did his first interview with Greg Little, who is our graduate advisor. And, you know, I would encour",3461.16
salon-017,Michael Pointer,Michael,0.64,"u. Sure. Oh, thanks. Thanks, Roz. And the last question for Michael is coming from Clive. Hi Michael, I really love your work. ",210.36
salon-017,Tommy Mintz,Tommy Mintz's,0.92,"testimonial about the value of this is recently, like I saw Tommy Mintz's work that he showed with his photography and what he create",210.36
salon-017,Anne Spalter,And Spalter,0.87,book. I'm happy to be here. This is my first salon meeting. And Spalter and I did a collaboration on Super Rare through another Zoo,3822.14
salon-018,Uli Ap,Uli,0.67,n. Okay. And I guess we'll take two more questions and then Uli can definitely get on with their presentation. So I know sh,408.64
salon-018,Gregory Little,Greg Little,0.88," for the next salon, which is going to be on June 8th. It's Greg Little, who was at Bowling Green State University. He's in in in t",2965.36
salon-018,Lee Musgrave,lee musgrove,0.92,yone is interested in presenting or oh we we do have uh lee lee musgrove wanted to present also next time so yeah he he made sure to,2965.36
salon-020,Cynthia Beth Rubin,Cynthia Rubin,0.84,"ere Cynthia came from, I guess, because I was talking about Cynthia Rubin a second ago. Wait, I kind of love it because you got the l",0.0
salon-020,Christine Sciulli,Christine,0.69,eat and uh I I like the uh the warmth of the atmosphere but Christine I just want to say it's not so much a question but I just w,3535.24
salon-020,Gregory Little,Greg Little,0.88,those giant installations. But no one can do it.  Nice. And Greg Little wants to know. Are your animations looping? they're looping,3535.24
salon-021,Clayton Campbell,Colin Campbell,0.8,"luenced by Norman McLaren, who is a Canadian filmmaker, was Colin Campbell, who was a Canadian video artist. And Jan Swinburne and Cli",3899.18
salon-021,TinTin23x,Tintin,0.8, based on a letter form. And the title of this animation is Tintin Pops. And it's really precise. And it's really precise. I h,3899.18
salon-022,Giovanna Sun,Giovanna,0.8,"t? Yes, that's correct. Well, thank you so much. And thanks Giovanna for bringing these artists in. Oh, well, I mean. I'm glad t",163.44
salon-023,Cynthia Beth Rubin,cynthia rubin,0.84,rom earlier um which we've kind of already answered um from cynthia rubin but she wants to know do you need a gaming interface to use,290.08
salon-024,Malavika Mandal Andrew,"Malavika, are",0.69," here.  Malavika, you ready to go? Maybe, partly, possibly. Malavika, are you ready to go? I'm ready to go. Still setting up? It's al",2.72
salon-024,John Zieman,john lean,0.8,way back to the old iphone 4 and um and there's a filmmaker john lean and there's a couple of photographers everybody's got their,3165.82
salon-025,David Mew,David M,0.88," active in the 1980s in digital art, which includes myself, David M. Coco con and Michael Wright. And in, in a context of a. Or",5401.42
salon-026,Brandon S Gellis,Brandon Gallus,0.8, have a digital partnership. And the name of this titled by Brandon Gallus is A Calling For Utopia. Who also he's the one that's respo,182.84
salon-026,Andrew Reach,and preach,0.82,h.  Christ tells his disciples. To go ye into all the world and preach the gospel. Okay. To spread the message. The good news of h,2968.92
salon-026,Carolina Ramonde,Carol Ramon,0.81,"e have the collaboration between Michael pointer again, and Carol Ramon. Or Ramon D Ramon. Ramon. Ramon. See, that's actually fairl",3150.18
salon-026,Carol Hunt,Carol sent,0.8," textures going on with this one. Well, that was, you know, Carol sent me a painting. Um, that, that was kind of a. Yeah. It's a l",3332.56
salon-028,Ben Red,be ruled,0.8,t to do different things. I just break out. I don't like to be ruled too much by too many strict rules. But I do start out with ,1995.46
salon-029,Gregory Little,Greg Little,0.88,"ed our MFA degrees in computer art together, studying under Greg Little, whose work is also included in this exhibition, which Patr",385.32
salon-029,Ben Red,be read,0.86,"er that in the original biblical text, it's not intended to be read either because it uses mycography, little writing. So that'",3137.52
salon-029,Andy Wauman,And human,0.8,"u know, MK 15 and tools are beautiful and brilliant things. And human beings are are pretty brilliant, too. But where it's all ab",3697.46
salon-029,Alan Kinnard,Alan Kennard,0.92,"because I forgot that we had two. So, sorry. All right. So, Alan Kennard. All right, Alan, you with us? I'm here. Thanks, Davo. All ",5902.46
salon-030,RnD Team,red team,0.88,is painting and then it was actually a very like orange and red team based artwork and then last minute I added color correction,2721.4
salon-030,Giovanna Sun,Giovanna,0.8,"not be seeing the chat. This is true. Quick, quick rundown. Giovanna has a showcase for specialism at the Williamsburg Hotel in ",2721.4
salon-031,Cynthia Beth Rubin,cynthia rubin,0.84,lly absolutely thank you so much oh we have a question from cynthia rubin you know so i just wanted to jump on that what i wrote in t,455.44
salon-031,Michael Rees,Michael peer,0.83," day that you're going to purchase one of these pieces like Michael peer prices, for example. Uh, and so, you know, certain points o",455.44
salon-031,Anne Spalter,Anne Spexler,0.83,me filter and special effects. So this is a great thanks to Anne Spexler that I joined this NETiNOW curation. So we all know that it,455.44
salon-031,Giovanna Sun,Giovanna stuff,0.85,e actually only have 30 minutes left. I know we need to get Giovanna stuff out. Try to get through these really quick. Try to highligh,455.44
salon-031,TinTin23x,Tintin,0.8,to do just sign up today alright oh we have a question from Tintin for the Brooklyn show how are you planning on showing the v,455.44
salon-032,Cynthia Beth Rubin,Cynthia Rubin,0.84,hole time. And so many others who were part of this group.  Cynthia Rubin and others. Victor Acevedo. But what I'm saying is that whe,347.96
salon-032,Ben Red,be fired,0.8,"tal. The guns often want to be in check. They don't want to be fired. I feel when I'm doing them, there's some sort of wrestling",347.96
salon-032,LoVid,love,0.67,"you get this. I think serotonin release. It looks like pure love. And so whenever I feel unhappy, I tend to look at it and i",4038.2
salon-032,Lindsay Kokoska,Lindsay Kakoposka,0.88," for that point. Yeah.  You know what? There was an artist, Lindsay Kakoposka. She had emailed me, but I don't think she's in the chat. B",4038.2
salon-033,David Cohen,David Chung,0.82,"Hellers, who's a director of the Detroit Institute of arts. David Chung, who is the director of the university of Michigan's master",160.0
salon-033,LINDSAY KOKOSKA,Lindsay,0.64," got some extra time now. So if there are any questions for Lindsay now, it'd be a great time to ask them either in the chat an",1866.96
salon-034,Michael Farmer,Michael earlier,0.83,"ation today has been about NFTs and our NFTs in art. I know Michael earlier you had, you said you had something that you were potential",129.76
salon-034,Michael Roller,Michael earlier,0.83,"ation today has been about NFTs and our NFTs in art. I know Michael earlier you had, you said you had something that you were potential",129.76
salon-034,James Merrill,James Terrell,0.85,"the world. And the latest one that I'm working with is with James Terrell on a big project that he has out in Arizona, which is . It'",129.76
salon-035,Prïnce Magnølïa,Prince Magnolia,0.8,"hank you. All right. Well, I guess we can move on to ST and Prince Magnolia.  I don't know if you guys both want to go on together or w",85.22
salon-037,Roman Verostko,Roman Virosko,0.89,I was living up here in Minnesota. And I met this guy named Roman Virosko. Who's part of this group called the Algaris. Who has kind ,1870.26
salon-037,Carla Gannis,Carl Aganis,0.87,"e that. I work a lot with a platform that Anne Spaulder and Carl Aganis introduced me to, and I'd already heard about a little bit ",1870.26
salon-037,Anne Spalter,Anne Spaulder,0.88," the bottom, ignore that. I work a lot with a platform that Anne Spaulder and Carl Aganis introduced me to, and I'd already heard abo",1870.26
salon-040,Michael Farmer,Michael came,0.85,"ly develop it as far as they can, like the way that Roz and Michael came up with this handshake concept or whatever else. And, you k",4866.3
salon-040,Andy Thomas,Andy Thomas's,0.92,"ent up.  And the Russian artist, Mounth, and this is one of Andy Thomas's NFTs at the top, there's Nagin's piece, which was selected ",5047.26
salon-043,Darcy Gerbarg,Darcy Garbage,0.85,"lright, Vernetta Lights. Karen Lafleur. Renata Janiszewska. Darcy Garbage. Najeen Estasabian. Najeen. I know that Giovanna alias Doug",189.54
salon-043,Giovanna Sun,Giovanna son,0.92,n Estasabian. Najeen. I know that Giovanna alias Doug woman Giovanna son. It was beautiful piece we have to at least acknowledge tha,189.54
salon-043,Verneda Lights,Vernetta Lights,0.9,"u Nina Sobel. Great to see you Cynthia Beth Rubin. Alright, Vernetta Lights. Karen Lafleur. Renata Janiszewska. Darcy Garbage. Najeen E",189.54
salon-043,Gregory Little,Greg Little,0.88," painting. That I did that was shown in New York in 85, 85. Greg Little was there, but he's not on now. And I showed some digital w",1727.0
salon-043,Giovanna Sun,Giovanna's son,0.85,"chspressionist exhibit going on right now. And a photo from Giovanna's son, who was kind enough to take the picture. And this is my pi",2455.04
salon-043,Cynthia Beth Rubin,cynthia rubin,0.84,exture if you are interested to see how i create the shapes cynthia rubin and i spoke in july of 2021 and i gave a demonstration of t,3396.3
salon-043,Darcy Gerbarg,Darcy Garbag,0.88,"hank you. Darcy Garbage. Oh, did you? Hi Roz, it's actually Darcy Garbag. Oh, well that would help to know, is everybody seeing a fu",3580.18
salon-043,Giovanna Sun,Giovanna,0.8,"startup founder, and also the seller, our advisor he say oh Giovanna is a crazy artists don't listen to her she can do anything.",4679.56
salon-043,Michael Rees,Michael Reese's,0.89,"to me as well about some information about specific pieces, Michael Reese's sculptures. They wanted to know like some information about",5658.16
salon-044,Dan Welden,Dan Weldon's,0.82,"o showing you the current piece, which this is plate for at Dan Weldon's studio. And it's called a solar plate. So it's a solar plat",1642.8
salon-044,Dan Welden,Dan Weldon,0.9," that's okay, thanks, Colin. That's right. The next person, Dan Weldon, we've already seen already in a still image from Roy Nicho",2408.1
salon-045,Michael Strevens,Michael Reese,0.83,t's it's really pretty unbelievable.  I mean. So. And I see Michael Reese is here. I might do a brief intermission because I know Mic,1466.12
salon-045,Michael Rees,michael reese's,0.89, soup nice well if uh if you guys are um able to tune in to michael reese's thing tomorrow um it should be a real interesting one with ,5150.0
salon-046,Negin Ehtesabian,Nagin Etesabian,0.9,"spressionist. Of course, my wife and partner in all things, Nagin Etesabian. And who actually has really been super throughout this ent",382.9
salon-046,Andy Thomas,and stomas,0.86," piece work.  And it also has incisions and sutures as, as, and stomas as he has, he is currently recovering from throat cancer. A",3833.92
salon-046,Ghazaleh Seidabadi,"Ghazaleh, Seda",0.81,"s see here. Have some more people from the, we have Marjan, Ghazaleh, Seda Badi, Azra, Azra is that, I think I saw you out in the audi",4216.64
salon-046,Giovanna Sun,Giovanna,0.8,"So that's it. So I don't know whether Giovanna is a robot or not, but you know hope not. Let's see here. L",4216.64
salon-046,Negin Ehtesabian,Nagin Etisabian,0.84, grateful to my wife and partner of all thing in all things Nagin Etisabian for all her amazing amazing help in this project and everyt,4950.64
salon-047,Tommy Mintz,tommy mince,0.82,s like it's either stuff you can roll up and i really thank tommy mince for um getting a massive massive massive uh mind shift when,4320.22
salon-047,Roman Verostko,Roman Vrasko,0.85,", 92. 98. 98. Yeah, bravo. You know, and so, and, you know, Roman Vrasko is 93. And, you know, and so I guess what I'm saying is, is",4870.66
salon-048,Patrick Lichty,Patrick lit,0.88,"ow you. Victor, when you had your discussion with Pat. With Patrick lit key. Patrick was talking about the generative adversarial n",1516.5
salon-049,Michael Rees,Michael Reese's,0.89,"like in, in, in her, you know, where she's going, and maybe Michael Reese's piece, you know, in other words, these things that, you kno",437.42
salon-049,Giovanna Sun,Giovanna,0.8,"have the energy looking into Seungjin Lee, are you here? Is Giovanna here? She also knows about this.  Anyway, so if it could ha",3592.74
salon-050,Gregory Little,Greg Little,0.88,"  And ever since it's gone to something else. And actually, Greg Little curated a show that I was in, in those days of photographin",0.0
salon-050,Cynthia DiDonato,Cynthia Donata,0.87,"stop sharing my screen? Yes. Okay, great. So it's great. So Cynthia Donata, and please make sure that you're muted if you're not actua",4472.46
salon-050,Giovanna Sun,giovanna,0.8, there was a panel hampton's tech week um that um tommy and giovanna and paul miller participated in as artists and it was moder,4652.8
salon-051,Tommy Mintz,Tommy Mints,0.91,es. Keep doing that to myself. I was looking for titles and Tommy Mints and Colin came up with the two that are listed below. Thank,364.4
salon-051,Frédéric Pons,Frederick Pons,0.81,"ced to Mid Journey by my friend and fellow tech specialist, Frederick Pons. And since a lot of my digital work revolves around visions",912.74
salon-051,Anne Spalter,an Spalter's,0.83,"lid usages for it. And, and I did, you know, Take notice of an Spalter's recent collection of AI spaceships, which, you know, I thou",1455.83
salon-052,Andy Wauman,and human,0.8,"tween high energy physics and the sort of need for survival and human resources. This is actually an MRI of my brain, of all the ",1114.2
salon-052,Lee Day,live day,0.8,gh his work and his art that the world in which we normally live day to day and the world in which we still talk about today is ,3336.38
salon-053,Tikoi Kuitenbrouwer,Tikoi Keitenbroer,0.89,ur first artist is coming to us from the Netherlands. He is Tikoi Keitenbroer. Thank you very much. Thank you very much for staying up la,185.36
salon-055,Mich Palmer,much calmer,0.82,"al public. So, the discussion is... The discussion level is much calmer, much cooler than it was when action painting and pop art c",3402.32
salon-055,Giovanna Sun,"Giovanna,",0.8,"reciate the discussion so far. Thank you. All right. I know Giovanna, I think, had her hand up. Yeah, I have a little presentatio",3582.44
salon-055,Michael Rees,Michael Price's,0.81,". All right. So the next step we have Corey, I think that's Michael Price's friend. Correct? Yeah. Yep. Yeah. So I was hanging out, of ",3947.0
salon-055,Giovanna Sun,giovanna,0.8,like based off of what i'm just going to reverse order what giovanna was talking about um imagine with art or with music if you ,3947.0
salon-055,Anne Spalter,and Spalter,0.87,"collab shows and, you know, even NFT now, which, which and, and Spalter curated, I look back on that show and, you know, there was ",5147.86
salon-056,Tommy Mintz,to paint,0.63," do it. I get exhausted within two hours. I used to be able to paint all day, right into the night time. I'd often not even slee",1862.36
salon-056,Tommy Mintz,two into,0.63,ouched in the time. Of when I first started. Like a year or two into the series of portrait of woman. And this is work that I wa,2225.86
salon-059,Chanee Choi,can hold,0.63,em because we need to be able to know what's going on so we can hold them accountable and i think that we should be um vocal and,705.1
salon-059,Patrick Lichty,Patrick,0.67,"rds. But there's been no...  So, you know, I... I... I hear Patrick and my concerns, you know, I think so far everybody's kind ",1350.0
salon-059,Patrick Lichty,Patrick,0.67,skewing it now more to kind of polish beautiful images. And Patrick and I both started Ann Ann and a bunch of people started wi,2865.48
salon-059,ScoJo,solo,0.67,e had an avatar that I've been working with. We've done two solo shows together. We've done multiple. She has her own Zoom a,2865.48
salon-059,Chanee Choi,can copy,0.63, a lot of struggles and worried about the point how much AI can copy their work so I I couldn't just avoid their idea because th,4434.26
salon-060,Michael Strevens,Michael Reese,0.83,"t's not in at all. No, it's actually a bigger shot with the Michael Reese.  Am I saying his name correctly? You know, the sculptural.",1737.18
salon-060,John Zieman,John Seaman,0.82,f the pieces. That's the representative one of the show. So John Seaman is here with us who was in the exhibition as well. Haven't ,1737.18
salon-060,Gregory Little,Greg Little,0.88,"R. I know Patrick is fairly involved with VR stuff too, and Greg Little, but I think it would be really interesting to organize lik",1737.18
salon-061,Lee Schnaiberg,Lee Schneiber,0.89," the group who also work with sort of, you know, the I know Lee Schneiber calls it like rogue, rogue pano, like kind of using pano sh",415.8
salon-061,Michael Farmer,Michael Warner,0.86," is Michael. That's me? Yeah. Michael or the other Michael? Michael Warner. Oh,",415.8
salon-061,Michael Warner,michael,0.67, myself thank you and if you've had anyone that's shared um michael if you could if you're able to lower your hand also that wo,1272.68
salon-061,Tommy Mintz,to paint,0.63,k you. Here I took it into another area where I was allowed to paint in iColorama and bring those shapes in. And here's just mor,2761.28
salon-061,David Cohen,David when,0.86,s a question David Bloom okay I'll be being bombed said for David when you show Vibe GL in a show or museum will you allow people ,4486.58
salon-062,Malavika Mandal Andrew,Malavika Mandalantru,0.86,"here you're zooming in from, that'd be great. Yeah. Hi, I'm Malavika Mandalantru from India. And right now it is 4.28 morning. And I don't k",135.38
salon-062,Richard E,Richard,0.88,"a lot of them, does everyone know the Instagram pieces that Richard did? So originally started out in Time Magazine, ripping ou",135.38
salon-062,Richard E,Richard,0.88,n of transformation. The other transformation argument that Richard was making was you're taking a digital image from a telepho,3950.94
salon-063,Marlow Shami,Mayor Shapiro,0.64, important essay and this is what I wanted to talk about by Mayor Shapiro.  In the effort to apply semiotics. And the idea of. Of sig,512.12
salon-064,Chalda Maloff,Chalda,0.63,e whole layer idea. So thank you. Thank you. Awesome. Okay. Chalda is next.,684.56
salon-064,Tommy Mintz,to paint,0.63,"ape, but he never painted that exact landscape, never tried to paint it the exact way he saw it. He always interpreted it in a v",2837.12
salon-065,Cynthia Beth Rubin,Cynthia Beth Irvin,0.89,"Yes, no, maybe so. Cynthia, the other Cynthia that we have, Cynthia Beth Irvin, she says great depth in that image. Also, she's waving at ",1059.44
salon-065,Tommy Mintz,to mind,0.67,"thinking about revolution, I think about war. And it brings to mind my participation in the early 70s and the, protests against",2707.04
salon-066,Giovanna Sun,Giovanna,0.8,"o, I kind of came into NFTs. And that's how I met Colin and Giovanna and a few people on this, you know, on this Zoom.  And what",1233.58
salon-066,Sherry Karver,sherry,0.63,t in my life when i can feel it and i also wanted to say to sherry i'm not sure why i'm just i'm just gonna go here but there',2409.26
salon-068,TinTin23x,Tintin,0.8,"was that they're both wearing striped shirts.  So what is a Tintin brush? Well, I make these. I made these using software from",55.28
salon-068,Paul D. Miller aka DJ Spooky,paul miller like dj spooky,0.85,lgorithm i see in the chat there yeah yeah i think actually paul miller like dj spooky is writing a book about that right now about the influence ,3673.34
salon-069,Chalda Maloff,called Major,0.64,ulated it in Procreate.  This other one has a spatial theme called Major Tom to Ground Control. This is a photograph of a shingle on,1704.04
salon-069,Patrick Lichty,Patrick,0.67,"nt to share if you want to raise your hand. Oh, good. Pat's Patrick is here as well as wants to share. Okay. So Lee you're you'",2759.34
salon-069,Tommy Mintz,to mind,0.67,deed hidden.  But let me do something that would bring this to mind historically in a way that's meaningful from a photographic,4715.62
salon-070,Michael Rees,"Michael, Lee",0.83," right or right to left. But I see four people's hands up.  Michael, Lee, Christina and Renata. So, do I go left to right or right t",277.56
salon-071,Oz Van Rosen,Oz fan Rosen,0.92,"on our first salon. Which was myself.  Steve Miller, Helen. Oz fan Rosen and Patrick. We talked about the definition primarily. And.",3.12
salon-071,Patrick Lichty,Patrick Lipty,0.89,"ave books by Victor Acevedo, Davonte Bradley, Holly Gordon, Patrick Lipty, DJ Spooky, Steve Miller, Joseph Necvatal, and Spalter and ",4187.08
salon-071,Anne Spalter,and Spalter,0.87,"n, Patrick Lipty, DJ Spooky, Steve Miller, Joseph Necvatal, and Spalter and Sasha Stiles. And if anyone else in here has... any boo",4187.08
salon-071,David Cohen,david can,0.8,can always open it up after that screen's still shared yeah david can you stop your sharing sure i'm not exactly sure how um hang,5069.08
salon-072,Ann Shapiro,and Sahar,0.7," further ado, I'd like to pass the stage to Sahar Moussavi, and Sahar, welcome, and take it away.  Hi.",0.0
salon-072,Ann Shapiro,and air,0.67,"asters, but environmental catastrophes as well, such as sea and air pollution, deforestation, desertification, water shortage a",149.36
salon-072,Stephen Paré,Stephen Pare,0.92,"e we continue to grow. And there's also a new member today, Stephen Pare from Texas.  It's his first time. But he's been involved wi",1790.22
salon-072,Stephen Pare,screen share,0.67,age please yes i'm gonna lower my hand hi i'm going to do a screen share okay are you seeing my um yeah okay um so i'm uh okay here ,3187.68
salon-072,Stephen Paré,Stephen Pare,0.92,"nd you don't have to share at all. You could just join.  So Stephen Pare, is that right? It's Peray. Thank you. All right. I appreci",3981.2
salon-073,Tommy Mintz,two minutes,0.64, maybe somebody else can go first and then I'll be ready in two minutes.  All right. Is there anyone else who wants to share.,1590.2
salon-074,Anton MCHX,Anton,0.67,"points. So I have five artists at the moment, starting with Anton in Russia, who's joining us for the very first time. Welcom",3.04
salon-074,Michael Rees,"Michael, Lee",0.83,"e you the names of the five topics. They'll be explained by Michael, Lee, and after I finish. So the first would be tutorials, the s",3.04
salon-074,Anton MCHX,Anton,0.67,"t want to say it was great to see both Moritz from Germany, Anton from Russia, and some Canadian artists as well. Deanne, Jan",4941.4
salon-075,Cynthia Beth Rubin,"Cynthia Rubin,",0.84,"oint where we can do a presentation, I will call on you. So Cynthia Rubin, you wanted, I'm going to go ahead and start the recording. ",2.86
salon-075,Beth Giacummo,Beth Giacomo,0.88, put out for her on Instagram and Facebook as well. Is that Beth Giacomo that's still the point person there? So she's a really good,1201.02
salon-076,David Mew,did me,0.8,"he stage, please. I'm sorry. I'm sorry. Principal. So Apple did me a big favor when they put out iOS 17. I've been in the habi",1576.04
salon-076,Sherry Karver,Sherry Kava,0.83,at of course is from the influence. Of I think it's Sherry. Sherry Kava has done. Things with glitch screens. And so thank you for ,2349.46
salon-086,Sherry Karver,Sherry Carver's,0.86,"ent, but just as I was saying before, just to the right, is Sherry Carver's piece. And it's great to see that she's here. And that's a ",66.34
salon-086,Mary Ann Strandell,Mary Ann Strand-Hill,0.89,color as a formative you know generative object if you will Mary Ann Strand-Hill and Del's lenticular image which I'm not sure if you're goi,1771.82
salon-086,Oz Van Rosen,Oz Van Rozen,0.92,"e corner here from Colin and Renata we have Paul Miller and Oz Van Rozen. And it's like we have Meltdown Love. Colin, you're going t",1771.82
salon-086,Sue Beyer,Sue Byers,0.89,"ound this wall we have Rollemann Kolonowski's scans next to Sue Byers. I'm sorry, I'm tilting a lot here. Sue Byers installation ",1771.82
salon-086,Carolina Ramonde,Caro Ramonde,0.86,t's is that Morris? That's Tycho Browner from Netherlands.  Caro Ramonde right here next to Victor Acevedo print which is right next,1771.82
salon-086,Sherry Karver,Sherry Carver's,0.86,ht here next to Victor Acevedo print which is right next to Sherry Carver's. I'm sorry I'm tilting here. Sherry Carver's print. And you,1771.82
salon-086,Karen LaFleur,Karen LaCleure's,0.83," see it still? We have to go further, here we go. A shot of Karen LaCleure's work is above, can we come in a little bit here? Two pieces",1771.82
salon-086,Carla Gannis,Carla Ganas's,0.8,s sculpture here up front. And a front table with... That's Carla Ganas's work on it. And a number of books and candy to encourage pe,1771.82
salon-086,Leila Pinto,Layla Pinto,0.82,". We have to talk about that. And above Carrie Ann, we have Layla Pinto. We have some more selections from our Expressionism Southa",1771.82
salon-086,Ann Shapiro,And Shapiro,0.91,"ing with his iPhone, brushing painting. And this is a tree. And Shapiro, Lee Day has, once again, an interpretation of a landscape ",1771.82
salon-086,Meltdownlove,Meltdown,0.8,"we have Paul Miller and Oz Van Rozen. And it's like we have Meltdown Love. Colin, you're going to have to help me with some of t",1771.82
salon-086,Ben Red,be read,0.86,"y tried working on some images that might have been able to be read, but I decided against that. I wanted the scroll to be fade",3895.98
salon-091,David Mew,David M,0.88,"a very much of a historic show and that had Frank Dietrich, David M., had a great impact on me. And I watched, went to see a le",2231.06
salon-091,Simone Gad,since grad,0.8," the mid to late 1980s.  And in the 1980s, as I'd been like since grad school, I worked with ornament and architectural imagery. A",3077.32
interview-001,Ann Shapiro,and Shapiro,0.91," two painting professors. So I had two professors, Ippolito and Shapiro. And I remember Shapiro telling us, you know, it's great to",188.6
interview-001,Gregory Little,Greg Little,0.88,"ut digital overriding. And I also studied under a guy named Greg Little, who was, he studied painting at Yale, really interesting a",1152.5
interview-001,Oz Van Rosen,"Osvan Rosen,",0.87,"Techspressionism.  And I saw that there was an artist named Osvan Rosen, who was in Southampton, who had used the term in a magazine",1883.16
interview-002,Anne Spalter,a paper,0.63,"of going to some kind of college where I never had to write a paper ever again, seems just absolutely fantastic to me and that'",189.78
interview-002,Anne Spalter,and water,0.67,ng for decades so these things like lighthouses and spheres and water and airplanes um so they have this sort of symbolic persona,559.24
interview-002,Anne Spalter,and scale,0.67,"ity, the ability to undo things and save different versions and scale things. So many things that now we take for granted using t",929.22
interview-006,Patrick Lichty,"Patrick,",0.67,"y. And. And then I know that you're under a time restraint, Patrick, do you want to pull up some images on the screen and talk a",2027.94
interview-006,Carla Gannis,carl ganas,0.82,this is also something that and spalter is working with and carl ganas and and so the thing is is then carl ganas and introduced m,2940.54
interview-006,Anne Spalter,and spalter,0.87,ay form um project and you know this is also something that and spalter is working with and carl ganas and and so the thing is is t,2940.54
interview-008,Ben Red,be fried,0.8,"es and the potatoes here had too high of a water content to be fried commercially for McDonald's.  So this potato, kind of potat",592.14
interview-010,Brandon Gellis,brown lines,0.64,and so all of the brown lines on here are houses that were taken and all of these open sp,2947.88
interview-011,Gregory Little,Greg Little,0.88," have big art careers, but nonetheless. Were you there when Greg Little was there? Yeah. Actually, no, no, Greg was before me, but ",182.38
interview-011,Reed Hearne,read here,0.8,"sense that it's the next, you know, title that I'm going to read here. Let's see. Oh, more. Yeah. Yeah. I'm not, well, dumpsters ",1132.14
interview-011,Andy Wauman,and Nauman,0.86," you know, basically, they were essentially algorithms. So, and Nauman, I don't think it's well known or well talked about, had st",1680.92
interview-011,Andy Wauman,And Nauman,0.86,"And Nauman was doing the same thing in a studio. I mean, I think it ca",1864.68
interview-011,Michael Rees,made three,0.64,"the sculptural user interface, right? And the act of typing made three dimensional form. And I created this whole, you know, I cre",2047.62
interview-011,Carla Gannis,carla ganas,0.87,ppenheimer tamiko theil gardens of the anthropocene and and carla ganas did a comedy routine with the inflatable boy that was very ,3896.54
interview-012,Margaret Dolinsky,Margaret Jelinski,0.82," know, these are, yeah, I think these are people we should. Margaret Jelinski. Well, you know, you know something? She is, she's our next",1664.3
interview-013,Oliver Peterson,older person,0.81,"ied. So in 2015 or 16, I decided to go back to school as an older person with lots of little people.  So that was that was fun. And ",183.04
interview-013,Lee Day,like day,0.8,like um or i'm not sure if i'm also like mexican culture so like day of the dead and uh you know catholicism and and things like,919.88
interview-014,Francis Mariano,Francisco Asian,0.8,eing in San Francisco was a boon to that because of the San Francisco Asian Art Museum and just the incredible mix of people from all o,195.82
interview-016,Gregory Little,Greg Little,0.88,", one of the artists who presented an artist by the name of Greg Little, who's one of my graduate advisors, mentioned that he was a",555.58
interview-017,Michael Rees,Michael Peer,0.83,"Michael Pierre Price, I hit continue. Sounded good to me. Michael Peer Price, Welcome. This is another in the ongoing Techspressio",3.38
interview-019,Malavika Mandal Andrew,"Malavika Sharan, And",0.71,"hen I was the first person who gave me the chance for this. Malavika Sharan, And. Malavika Sharan, I mean that made me more you know open yo",2413.74
interview-021,Oz Van Rosen,osvan rosen,0.87,r first salon it was like me him steve miller um this woman osvan rosen who kind of was the first person that she knew i used to us,185.28
interview-021,Patrick Lichty,patrick right,0.81,ties and i think i meant it was fascinating to to bump into patrick right before we started our session because i know i met patrick ,185.28
interview-021,Gregory Little,greg little,0.88,actually um at bowling out in ohio and we both studied with greg little um over there and did our mfas and computer art together th,185.28
interview-021,Victor Acevedo,vector based,0.69,", old digital drawings from, you know, 99 to 2004 that were vector based and then animating them and adding audio and kind of bringi",4486.12
interview-024,Michael Farmer,Michael Shamberg,0.8,"it with three other people. Marco Vasi. See Louis Jaffe and Michael Shamberg. They should all get credit. Well, after one year of me bei",1099.82
interview-025,Verneda Lights,very bright,0.64,"ow, so. The tech expression is community. I find them to be very bright. Very. Beautiful. They're very creative with their wide var",2029.42
interview-025,Andy Wauman,any human,0.8," accountable.  To be accurate and able to create a face for any human being. Regardless of your ethnicity. You know, they should ",3688.26
interview-026,Christina Galbiati,Christina Albu,0.81,"rmances concurrently with brainwave drawings.  And to quote Christina Albu, Just as Sobel's video performances involve a gestural dial",2457.12
presentation-006,Reed Hearne,read here,0.8," I needed. I'm not going to go over everything that you can read here. But basically, you know, my continued schooling was headin",187.9
roundtable-001,Helen A. Harrison,Harrison,0.64," my guests, Helen A. Harrison and Christiane Paul. Helen A. Harrison is a former New York Times art critic and NPR arts commenta",3.0
roundtable-001,Michael Strevens,Michael Reese,0.83,"ul D. Miller, aka DJ Spooky, Steve Miller, Joseph Necfatal, Michael Reese, Christine Schooley, Nina Sobel, Anne Spalter, and Nina Yan",186.7
roundtable-001,Nina Yankowitz,Nina Yankovic,0.81,"ael Rees, Christine Schooley, Nina Sobel, Anne Spalter, and Nina Yankovic.",186.7
roundtable-001,Michael Strevens,Michael Rhee's,0.8," So we have different media. So in the center here, we have Michael Rhee's augmented reality work relating to sculptural work. And the",930.18
roundtable-001,Nina Yankowitz,Nina Jankowicz's,0.8," animated as well. In fact, in your fly-through, you showed Nina Jankowicz's two-panel animation. And you could only do that digitally. ",1306.8
roundtable-002,TinTin23x,Tintin,0.8,"ou this. And this is a graphic novelist who did the beloved Tintin books. So this one here, this particular brush is Tibetan. ",549.2
roundtable-002,TinTin23x,Tintin,0.8, I was holding this mirror picture up. Your repeated use of Tintin in catching the vase. Right. Yeah. And I think that's why I,1095.9
roundtable-004,Steve Miller,see later,0.67,"dical checkup by X-raying the flora and fauna, which you'll see later. So one of the you know, what happens in this, you know, le",367.06
salon-057,Patrick Lichty,Patrick,0.67,"I think Patrick has his hand up. Do you, Patrick, on purpose?",2084.96
salon-057,Patrick Lichty,Patrick,0.67,"Oh, uh, Patrick can you can you wait I think Carl one present something rea",2601.16
salon-057,Patrick Lichty,Patrick,0.67,"as well as the pandemic.  So thank you for sharing. I think Patrick has his hand up. Do you, Patrick, on purpose? I said, I mea",1517.72
salon-057,Patrick Lichty,Patrick,0.67,"unning out of time so thank you. Yeah, no problem.  Oh, uh, Patrick can you can you wait I think Carl one present something rea",2160.48
roundtable-006,Patrick Lichty,"Patrick,",0.67,"u, you know, you made me think of, which is that, you know, Patrick, he mentioned sort of offhand about this idea of Techspressi",4258.88
salon-090,Steve Miller,see me,0.67,"nsions, and I can show you what I mean. Can you see you can see me right, because I can't see me.",3819.68
salon-090,Steve Miller,see me,0.67,"Oh, yeah, I see me. Okay, so this is something really flat. And this is very s",3849.5
salon-093,Renata Janiszewska,Renada Yanaszewska,0.83,"d between Cape Cod based Karen, Lafleur, and Canadian-based Renada Yanaszewska, Titled Mariniana.",156.58
salon-093,Renata Janiszewska,Renata Yanniszewska,0.92,"Hello! I'm Renata Yanniszewska, and I'm very happy to be here. Thank you, Benton, and than",2140.87
salon-093,Allen Hirsh,Alan Hirsch,0.82,"ol from zoom, that would be great. And I see I'm gonna pick Alan Hirsch first, st",4518.83
salon-094,Renata Janiszewska,"Renada, Yanaszewska",0.81,"rk is featured alongside and commissioned pieces by artists Renada, Yanaszewska, Karen LaFleur, and Jan Swinburne.",35.38
salon-094,Renata Janiszewska,Renadi Anisewska,0.82,"to gain visibility to the group and our Instagram, Curator, Renadi Anisewska.",534.45
salon-094,Darcy Gerbarg,Darcy Gabar,0.83,people showing up. Darcy Gabar has a beautiful augmented reality. Sculpture here that Sung,1037.0
salon-094,Renata Janiszewska,Renata Yanashewska,0.83,"And now I'd like to pass the mic on to Renata Yanashewska, who's our next artist presenter, and Renata is going to be",2874.51
salon-097,Allen Hirsh,and his,0.67,"ot a big fan of the present President of the United States, and his",1275.79
salon-097,Anton Dubrovin,"ago, during",0.64,"ut I didn't get into the art aspect of it until a few years ago, during Covid, when I bought",2817.43
salon-097,Allen Hirsh,and his,0.67,"ently passed away. I'm not sure if you're familiar with him and his work. But he was used in the plotters, you know, kind of ea",3754.53
salon-097,Chris Bly,"Chris,",0.71,"I have a very brief question for Chris, and then a general question for the 3 artists. For Chris.",4942.34
salon-097,Allen Hirsh,all their,0.7,"y interesting. It might be dynamic, it might be static, and all their talent is how they use the camera and how they use post",5134.34
salon-097,Chris Bly,"Chris,",0.71,"All right. Thank you. Elio and Chris, do you want to close out if you have any thoughts on that a",5328.03
salon-098,Cynthia Beth Rubin,"Cynthia Rubin,",0.84,"I'd like to invite, Cynthia Rubin, to the floor. She has a couple announcements about the upco",36.36
salon-098,Ann Shapiro,and share,0.7,"anyone else in the Zoom to jump in and share some work, that, you know, might be relevant to the topic, ",516.23
salon-098,Ann Shapiro,Anne said,0.7,", some are digital, some are mixed media on paper, and like Anne said, I have a 13x19 printer.",1935.33
salon-103,Ben Red,been fed,0.8,"Then the AI analyzes what has been fed, and it learns patterns, like what cat, sunset, or in the s",898.95
salon-103,Ben Red,been fed,0.8," has a very sophisticated concept of patterns, because it's been fed on the patterns of the world. So what it did was, in encoun",4121.97
salon-103,Michael Rees,Michael uses,0.83,"As a user of Midjourney, I know Michael… Michael uses Midjourney heavily.",4293.11
salon-106,Stephen Paré,Stephen Paray,0.88,"come, everybody, to this salon, which, I am co-hosting with Stephen Paray. We're really happy to bring",-3.56
salon-106,Isabelle Arvers,"Isabelle,",0.7,"hat just because I didn't know if you're ready to introduce Isabelle, but go ahead. Yeah.",206.28
salon-106,Leila Pinto,Lead into,0.8,Lead into patience.,2604.22
salon-106,Isabelle Arvers,Isabelle,0.7,"Isabelle is back on, and, I don't know if you can get things to work",3299.89
salon-106,Systaime,Systems,0.67,"Systems video. Oh. And so that… that ending, which might have seeme",3832.48
roundtable-005,Yuge Zhou,Yuga Zhou,0.89,"Of course, the curator of the exhibition is Yuga Zhou. She's a talented video artist herself, based in Chicago, a",65.24
roundtable-005,Renata Janiszewska,Renadia Nashevska's,0.65,Thanks so much chat. And what about Renadia Nashevska's work? Can you tell me a little bit about the artist and her,186.02
roundtable-005,Renata Janiszewska,Renata's answers,0.71,"Well, Jen, you were mentioned in Renata's answers. So how about you go next?",578.54
roundtable-005,Ben Red,be bored,0.8,"ored while you're making that work, then your audience will be bored with it as well, and I took that to heart, and I never let ",2349.25
roundtable-005,Clayton Campbell,Colin Campbell,0.8,"erything for oneself. Otherwise you get bored, and my Prof. Colin Campbell used to say to me, If you're bored while you're making that",2349.25
roundtable-006,Patrick Lichty,"Patrick,",0.67,"u, you know, you made me think of, which is that, you know, Patrick, he mentioned sort of offhand about this idea of Techspressi",4247.08
interview-007,Michael Rees,Michael creates,0.89,Michael creates his original fine art prints based on his own specialized m,153.72
interview-007,Andy Wauman,any human,0.8,to become integrated so science and math has its foibles as any human,3027.22
interview-007,Michael Rees,Michael creates,0.89,e has developed and refined a unique artistic perspective.  Michael creates his original fine art prints based on his own specialized m,0.0
interview-007,Andy Wauman,any human,0.8,to become integrated so science and math has its foibles as any human endeavor uh new areas that break new ground um take a while,2963.32
salon-089,Cynthia DiDonato,Cynthia Adidonado,0.91,y. And then these tube worms live around these ocean fence. Cynthia Adidonado can tell you more about that because her project was on,2164.17
salon-089,Cynthia DiDonato,Cynthia Diadonado,0.91,"cience and Art. He highlights the entire program along with Cynthia Diadonado and Cynthia Beth Rubin, who are both Techspressionist artis",2467.31
salon-110,cha,can,0.67,"And also, can you tell us where your Zoom is.",163.97
salon-110,cha,can,0.67,"Let's see, can you guys see my screen?",179.78
salon-110,cha,can,0.67,"The versus… let me just double check, you guys can see, okay.",198.33
salon-110,cha,can,0.67," kinda use it to keep myself on track, and… and hopefully I can,",216.12
salon-110,cha,can,0.67,And you can go and find it at mudd.foundation. And he has a exhibition ,337.81
salon-110,cha,change,0.67,"s to do work that required that the artwork actually, like, change over the course of a year.",349.34
salon-110,cha,can,0.67,"process, why don't you create a critique space where people can get feedback on their work, but that is digital, in its nat",389.58
salon-110,cha,can,0.67,"rse doesn't require you to do that translation process. You can just keep it digital. And you can also do scale, and do all",414.27
salon-110,cha,can,0.67," about in a second, but if you go into Loop's homepage, you can see that we have the Critique Club up here.",577.09
salon-110,cha,chance,0.67,"paces and things, I wanted to make sure that people had the chance to apply anonymously.",603.75
salon-110,cha,can,0.67,"Ariel, can you stop sharing? I think we have your screen up still, I'm",1010.16
salon-110,cha,can,0.67,"Nope, can hear you now.",1506.71
salon-110,cha,Can,0.67," to talk next about, her studio, and maybe GALINA's studio. Can you talk about your role as the graphic designer for the si",1532.98
salon-110,cha,can,0.67,"So maybe I can share a little bit,",1695.84
salon-110,cha,can,0.67,"Maybe we can go to the studios, and then kind of show a little bit how…",1700.75
salon-110,cha,can,0.67,"I'm not an English native speaker, but yeah, I can do.",1717.45
salon-110,cha,Can,0.67,Can you see the screen?,1754.36
salon-110,cha,Can,0.67,"Can show in us, with this kind of,",1827.44
salon-110,cha,can,0.67,"We can jump into one… one of the studios, so we can… we can, yeah,",1900.0
salon-110,cha,can,0.67,"i-performance piece, but it's kind of cool, because anybody can come whenever they want, and one of us will be there, or pr",2216.72
salon-110,cha,can,0.67,"So, you can see that",2307.41
salon-110,cha,can,0.67,"that SAHAR can talk about, what she took away from the experience, and if ",2425.19
salon-110,cha,can,0.67,"I'm gonna read, so can you see my screen?",2475.85
salon-110,cha,can,0.67,"insights with us. So, at the right, you can see Renata's avatar.",2682.72
salon-110,cha,can,0.67,"And if you can find my,",2887.5
salon-110,cha,can,0.67,"portal, you can go, through my portal, or I can share my verse, so we can g",2893.51
salon-110,cha,can,0.67,"If it's difficult, I can just put my verse, I don't know which one.",2942.41
salon-110,cha,can,0.67,So this is my… can you see my screen?,3020.0
salon-110,cha,can,0.67,"Okay, so, at, the left, top left, you can see my avatar.",3026.63
salon-110,cha,can,0.67,"d you to, the artist's verse. So I will go to my verse, you can hear Sloanam SALON.",3054.32
salon-110,cha,can,0.67,"And you can go to, into the building, and the ruins, and lie…",3190.44
salon-110,cha,can,0.67,So we can see…,3208.16
salon-110,cha,can,0.67,"That's my avatar in the mirror, and the light. And I can change the light and everything, and the lighting. There is",3210.22
salon-110,cha,can,0.67,Which shows you how can you exit.,3406.1
salon-110,cha,Can,0.67,So here we are. Can everybody see?,3572.31
salon-110,cha,can,0.67,that now I've got myself a studio for a year in loop that I can…,3688.91
salon-110,cha,can,0.67,"you can… if you're… if you come to the space, you can go visit this",3721.11
salon-110,cha,can,0.67,"You can come on Sundays between 12 and 2 p.m. Eastern, or 5 and 7 p",3764.16
salon-110,cha,can,0.67,"G into the space. She's just uploaded these photos, and you can enlarge them.",3789.91
salon-110,cha,can,0.67,"Oh, you pin them, okay. So, you can blow up your JPEG to be really monumental in this space. Th",3808.76
salon-110,cha,can,0.67,"And you can see, also, you can…",3830.18
salon-110,cha,can,0.67,"Know that sound is spatial, so you can sort of hear people coming closer and going farther away.",3833.59
salon-110,cha,can,0.67,And I think we've already seen that you can fly. I'm gonna try to fly into the red…,3887.81
salon-110,cha,can,0.67,"And you can have meetings in here, if you want some privacy, or… it's j",3914.85
salon-110,cha,can,0.67," you to come visit on Sundays and talk about your work. You can upload your work here really easily, and it doesn't have to",3942.12
salon-110,cha,can,0.67,"ble. That is, people with a lot of experience and expertise can go in and do their thing, and people with virtually no expe",4074.22
salon-110,cha,can,0.67,", you know, I'm interested in looking to the future of what can be accomplished, by kind of, like, you know, the overlap an",4090.04
salon-110,cha,can,0.67,"ers from Sketchfab. If you want to have some free GLVs, you can just search Sketchfab and, download from there. But the oth",4218.7
salon-110,cha,can,0.67,"projects inside Loop that you can explore, and…",4253.87
salon-110,cha,can,0.67,"But we can, like, we can use it. You can go meet a friend there, you c",4287.8
salon-110,cha,can,0.67,"r question that I was asked to pose to everybody, which is, can you think of ways that TECSPressionism and loop can get mor",4333.26
salon-110,cha,can,0.67,"ome to use the… there's the react button on the bottom, you can click that, and then hit the raise hand, and I'm happy to c",4355.6
salon-110,cha,can,0.67,", different kings, and the mysterious part is that no diver can dive into the…",4494.67
salon-110,cha,chakra,0.67,"And, it is told, I don't know, it's the fifth chakra of the Earth. So, during, March, or, yeah, March, Reiki hea",4523.44
salon-110,cha,can,0.67,"the gates are closed to people, so the Reiki healers can meditate and do their stuff. I was going to put some medita",4549.77
salon-110,cha,can,0.67,"Digital space, which can be anything.",4658.75
salon-110,cha,chakra,0.67,"the energy from that place, you say it was, like, the fifth chakra of the world, but it's, like, now represented in this virtu",4661.07
salon-110,cha,can,0.67,You can export one first.,4725.66
salon-110,cha,can,0.67,"ar knowledge about GLBs, or how to export this, and then we can help each other, and it's all very, like,",4824.77
salon-110,cha,can,0.67,"they can find it always written down. And that's kind of, like, anot",4882.49
salon-110,cha,can,0.67,"it another step where you're really saying, yeah, sure, you can load things you've done, but it seems to me it's the idea i",5014.41
salon-110,cha,can,0.67,"put up works that you've made before, you know, and then we can give feedback, but at least",5026.54
salon-110,cha,can,0.67,"feedback thing goes straight into something that, you know, can be used right away. But the other major thing that happens ",5059.49
salon-110,cha,can,0.67," is there's only so much of, like, megabytes and stuff that can be in there.",5118.65
salon-110,cha,can,0.67,"hat. Yeah, so we're, like, kind of safe from something that can happen to, like, a spatial or to the other one that everybo",5230.17
salon-110,cha,can,0.67,"And hopefully we can help them as well. So, yeah. Needs to be both, because I'm ",5334.81
salon-110,cha,can,0.67," we have, here with the Techspressionism community, and you can find out more about that on our homepage.",5639.64
salon-110,cha,can,0.67,"e group from Loop. It's really been awesome, and I think we can come up with some, you know, pretty interesting",5663.88
salon-110,cha,can,0.67,"party after the recording stops in each salon, where people can stay on if they want, and…",5757.37
salon-039,Michael Pierre Price,Michael Pierre,0.82," and I were very, you know, like Colin and other people and Michael Pierre and other people here, you know, you, you thought you were ",2785.34
salon-039,Greggory Hill,gregory i'll,0.88,nother that's a whole yeah yeah yeah but yeah um so we have gregory i'll send you an email is that the best way to do it okay there',5050.02
salon-042,Mary Ann Strandell,Mary Ann Strandle,0.91,Mary Ann Strandle.,719.98
salon-042,Brandon S Gellis,Brandon Gillis,0.87,Brandon Gillis is right beneath Davos Peace.,925.42
salon-042,Tor Burwell,Tor Borwell,0.91,The next piece is Tor Borwell.,1152.28
salon-042,Adelfino Corino,Aldofino Corino,0.87,Next we have Aldofino Corino.,1220.1
salon-042,Michael Rees,Michael Price's,0.81,"And if you do end up picking up that postcard with Michael Price's work,",1394.56
salon-042,Michael Rees,Michael Reese's,0.89,"And then we're going to go around, first, Michael Reese's sculptors here,",1444.08
salon-042,Ben Red,be fired,0.8,it might not be fired up.,1486.18
salon-042,Gregory Little,Greg Little,0.88,And I don't believe Greg Little is here in the Zoom.,2227.58
salon-042,Sahar Moussavi,"Sahar, Nusavi",0.81,"Sahar, Nusavi, certainly seen online.",2356.16
salon-042,Hayede Jamshidi,Hayide Jamshidai,0.9,"And the next three are Hayide Jamshidai. I hope I'm saying the name correctly. James,",2486.9
salon-042,Hayede Jamshidi,Hayide Jamshidai,0.9,"Hi. Hi, I'm Hayide Jamshidai. And I made this piece in 2020 when I was in lockdown.",2502.1
salon-042,Tikoi Kuitenbrouwer,Tikowai Kuitenbrauer,0.87,Tikwa or Tikowai Kuitenbrauer. Sticks and Bones Digital Monoprint on Aluminum. The Nether,2581.62
salon-042,Guillermo Arismendi,Guillermo Arias-Mondi,0.9,Guillermo Arias-Mondi from the Canary Islands.,2980.26
salon-042,Meltdownlove,Meltdown,0.8,Meltdown Love is the artist.,3305.98
salon-042,Meltdownlove,Meltdown,0.8,"Meltdown Love is not, I believe, in the Zoom.",3327.92
salon-042,Meltdownlove,Meltdown,0.8,"And I know that Meltdown Love also creates work in a variety of media, NFTs, as well",3362.0
salon-042,Philippe Ormières,Philippe Ormiere,0.91,The next is Philippe Ormiere.,3400.24
salon-042,Michael Paulukonis,Michael Poluconis,0.86,"Prince Bernoullia, Vicente Rivera, Michael Poluconis,",3779.66
salon-042,Michaël Borras AKA Systaime,"Michael Borras, AKA Sistame",0.89,"Michael Borras, AKA Sistame, France.",3785.66
salon-042,Jan Swinburne,Jan Swinbur,0.92,"TinTan23x, Jan Swinbur, Frederick Pons,",3807.54
salon-042,Frédéric Pons,Frederick Pons,0.81,"TinTan23x, Jan Swinbur, Frederick Pons,",3807.54
salon-042,TinTin23x,TinTan23x,0.89,"TinTan23x, Jan Swinbur, Frederick Pons,",3807.54
salon-042,Seungjin Lee,Sanjin Lee,0.82,"Sanjin Lee, Cynthia DiDonato,",3821.36
salon-042,Andy Wauman,Andy Wolman,0.82,"Reese Schroeder, Sarah Song, and Andy Wolman,",3824.22
salon-042,Giovanna Sun,"Giovanna,",0.8,"Um, research Giovanna, would you like to, um, say a few words?",4947.12
salon-042,Michael Strevens,Michael Rees's,0.8,"of Michael Rees's, but I didn't see his label.",5659.68
salon-042,Diane Marsella,Diana Marcella,0.86,"Diana Marcella, A Star is Born, Digital on Aluminum, 2022.",5685.44
salon-042,Nina Yankowitz,Nina Yankovic,0.81,"her digital handshake, with Nina Yankovic,",5783.08
salon-042,Nina Yankowitz,Nina Yankovic,0.81,my friend Nina Yankovic.,5785.92
salon-042,Darcy Gerbarg,Darcy Garbage,0.85,m of the show. And I think we'll just start right here with Darcy Garbage.,6121.98
salon-042,Patrick Lichty,patrick lickley,0.83,husband patrick lickley so we lived in abu dhabi and because of a lot of political ,6341.48
salon-042,Dan Welden,Dan Weldon,0.9,Solar plate printing pioneered by Dan Weldon,6544.24
salon-042,Dan Welden,Dan Weldon,0.9,"Dan Weldon, who invented solar plate,",6576.3
salon-042,John Zieman,John Seaman,0.82,John Seaman.,6848.06
salon-042,Mary Boochever,Mary Buchever,0.89,"Mary Buchever, treatments one through, I believe, 11.",7098.18
salon-042,Michael Strevens,Michael Reese,0.83,I think here's Michael Reese.,7339.18
salon-042,Dan Welden,Dan Weldon,0.9,Dan Weldon.,7865.36
salon-042,Mary Ann Strandell,Mary Ann Strandle,0.91,ext we have Mary. Are you ready Davo? Who's that? Mary Ann? Mary Ann Strandle. Titled streaming flowers to slash brain acrylic on 3D lent,556.14
salon-042,Brandon S Gellis,Brandon Gillis,0.87,Great. Brandon Gillis is right beneath Davos Peace. And it's titled 182 Interacti,922.8
salon-042,Tor Burwell,Tor Borwell,0.91, take place. So it's really cool.  Great. The next piece is Tor Borwell. It's titled Flunky Flux. It's a video. United States 2022.,1105.32
salon-042,Adelfino Corino,Aldofino Corino,0.87,"ght. There you go. It certainly is the future. Next we have Aldofino Corino. And this is titled RIMM, R-I-M-M, Oil and Enamel Painted P",1105.32
salon-042,Michael Rees,Michael Reese's,0.89,"ough to the back. And then we're going to go around, first, Michael Reese's sculptors here, these inflatable sculptors. And then we're ",1289.62
salon-042,Ben Red,be fired,0.8,"em in which if the work is viewed on a tablet, it might not be fired up. I'm not 100% sure. But there's some pretty interesting ",1472.92
salon-042,Sahar Moussavi,"Sahar, Nusavi",0.81,"ist's name. Mixed Media, United Kingdom, 2022. Right here.  Sahar, Nusavi, certainly seen online. I know some of us have. The Black H",2197.0
salon-042,Gregory Little,Greg Little,0.88,down at dawn. Digital print. U.S. 2022. And I don't believe Greg Little is here in the Zoom. But Greg was actually my graduate advi,2197.0
salon-042,Hayede Jamshidi,Hayide Jamshidai,0.9,"ar. Nice to see you. You're welcome. And the next three are Hayide Jamshidai.  I hope I'm saying the name correctly. James, can you get ",2378.36
salon-042,Tikoi Kuitenbrouwer,Tikowai Kuitenbrauer,0.87," then I'm sorry, I may not say the name correctly. Tikwa or Tikowai Kuitenbrauer. Sticks and Bones Digital Monoprint on Aluminum. The Nether",2560.68
salon-042,Guillermo Arismendi,Guillermo Arias-Mondi,0.9,e. Thank you. Thank you.  And below that we have Guillermo. Guillermo Arias-Mondi from the Canary Islands. The title is 100921. It's a digita,2933.22
salon-042,Philippe Ormières,Philippe Ormiere,0.91,re interested in looking at what he has online. The next is Philippe Ormiere. His piece is called Ceté Couché de Soleil Magique. Digital,3296.94
salon-042,Meltdownlove,Meltdown,0.8,"aditional perceptions of self, order, and place. Beautiful. Meltdown Love is the artist. Media disease. Print sees eyes. Digital",3296.94
salon-042,Michaël Borras AKA Systaime,"Michael Borras, AKA Sistame",0.89,"ever, Prince Bernoullia, Vicente Rivera, Michael Poluconis, Michael Borras, AKA Sistame, France. Well, they're all from different countries. Sean, ",3658.92
salon-042,Andy Wauman,Andy Wolman,0.82,"jin Lee, Cynthia DiDonato, Reese Schroeder, Sarah Song, and Andy Wolman, and Colin Goldberg. I think we only saw Victor's on that o",3658.92
salon-042,Jan Swinburne,Jan Swinbur,0.92,"leur, Randy Musischewitz, Janice Randenburg-Lee, TinTan23x, Jan Swinbur, Frederick Pons, Diana Diavola, Lee Day, Susan Wong, Nina S",3658.92
salon-042,Frédéric Pons,Frederick Pons,0.81,"usischewitz, Janice Randenburg-Lee, TinTan23x, Jan Swinbur, Frederick Pons, Diana Diavola, Lee Day, Susan Wong, Nina Sobel, Dana Jones",3658.92
salon-042,Michael Paulukonis,Michael Poluconis,0.86,"Chat Noir, Lee Schnever, Prince Bernoullia, Vicente Rivera, Michael Poluconis, Michael Borras, AKA Sistame, France. Well, they're all fro",3658.92
salon-042,Seungjin Lee,Sanjin Lee,0.82,"Diavola, Lee Day, Susan Wong, Nina Sobel, Dana Jones, N3T4, Sanjin Lee, Cynthia DiDonato, Reese Schroeder, Sarah Song, and Andy Wo",3658.92
salon-042,TinTin23x,TinTan23x,0.89,", Karen LaFleur, Randy Musischewitz, Janice Randenburg-Lee, TinTan23x, Jan Swinbur, Frederick Pons, Diana Diavola, Lee Day, Susan",3658.92
salon-042,Giovanna Sun,"Giovanna,",0.8,", thank you again. Thank you, Stephanie. Okay. Um, research Giovanna, would you like to, um, say a few words?  Oh yeah. Um, yeah,",4776.24
salon-042,Michael Strevens,Michael Rees's,0.8,"nteresting.  Quick aside, I don't think I gave the title of Michael Rees's, but I didn't see his label. It says Synth Cell 009, Stream",5513.1
salon-042,Diane Marsella,Diana Marcella,0.86,"m the title of this piece. Moving on.  Thank you very much. Diana Marcella, A Star is Born, Digital on Aluminum, 2022. Is Diana with u",5513.1
salon-042,Nina Yankowitz,Nina Yankovic,0.81,"ng to be part of her handshake, her digital handshake, with Nina Yankovic, my friend Nina Yankovic. Really? Yeah. And when I was look",5695.16
salon-042,Darcy Gerbarg,Darcy Garbage,0.85,"m of the show. And I think we'll just start right here with Darcy Garbage. He works in the metaverse, literally in the metaverse. Dar",6069.12
salon-042,Patrick Lichty,patrick lickley,0.83,t of this installation we are doing with uh my dear husband patrick lickley so we lived in abu dhabi and because of a lot of political ,6253.14
salon-042,Dan Welden,Dan Weldon,0.9, are all tied up with it. Solar plate printing pioneered by Dan Weldon at Hampton Editions is an environmentally friendly technolo,6469.1
salon-042,John Zieman,John Seaman,0.82,"lly committed to this medium. Thank you. Thank you, Sholda. John Seaman. Three variations on a poem video art file. And I know I me",6836.52
salon-042,Mary Boochever,Mary Buchever,0.89," on to the back wall here, but very visible from the front. Mary Buchever, treatments one through, I believe, 11.  Paper Inc. US 2003",7019.44
salon-042,Michael Strevens,Michael Reese,0.83,e a difference making the difference? Right. I think here's Michael Reese. And it's another wonderful one of his blowups. I think I'm,7200.8
salon-042,Dan Welden,Dan Weldon,0.9,hrough now.  You can find out more about this piece online. Dan Weldon. The inventor of solar plate etching. And these pieces here,7748.62
presentation-009,Roman Verostko,Roman Verasco,0.81,Roman Verasco is one of the artists well known for plotter drawings.,2966.86
presentation-009,Peter Borges,Peter Bourget,0.88,I'm named Peter Bourget.,3089.8
presentation-009,Mark Klink,mark like,0.84,"osition so I draw on the tablet. A lot of times I'll make a mark like a gestural mark, and then I rotated in space within a vecto",3862.82
presentation-009,Mark Walker,mark like,0.8,"osition so I draw on the tablet. A lot of times I'll make a mark like a gestural mark, and then I rotated in space within a vecto",3862.82
presentation-009,Verneda Lights,Vernaida Light,0.86,"share, OK, and then there's Vernaida, Vernaida Light is the last one that I see on there.",5119.5
presentation-009,Roman Verostko,Roman Verasco,0.81,it allows you to mount standard drawing implements into it. Roman Verasco is one of the artists well known for plotter drawings. He's,2943.66
presentation-009,Peter Borges,Peter Bourget,0.88," That came into. The, the Techspressionist group. I'm named Peter Bourget. Who is based in Brooklyn. And I saw his work. He was one o",2943.66
presentation-009,Mark Klink,mark like,0.84,"osition so I draw on the tablet. A lot of times I'll make a mark like a gestural mark, and then I rotated in space within a vecto",3857.3
presentation-009,Mark Walker,mark like,0.8,"osition so I draw on the tablet. A lot of times I'll make a mark like a gestural mark, and then I rotated in space within a vecto",3857.3
presentation-009,Verneda Lights,Vernaida Light,0.86,"take one really quick share, OK, and then there's Vernaida, Vernaida Light is the last one that I see on there.  So where is Renata Re",4949.62
interview-030,Oliver Peterson,older person,0.81,to school as an older person with lots of little people. So that was that was fun. And I,333.82
roundtable-001,Michael Strevens,Michael Rees's,0.8,Michael Rees's work is a perfect example of that.,1746.54
roundtable-001,Divine Bradley,Davante Bradley,0.83,"to me, it describes what I'm doing. There was one artist, Davante Bradley, Davo, who came in and he",2069.66
salon-009,Carmen Moses,can see,0.63,"Anyway, I'm zooming back, but I don't know if you can see this Ferris wheel here and the ones and zeros, the word ASC",412.56
salon-009,Carmen Moses,can see,0.63,"Yes, yes, yes. Here you can see like canvas and I'm trying to paint all over.",1254.38
salon-012,Michael Pierre Price,"Michael Rees, Michael",0.68,"Okay. So, Carter, Michael Rees, Michael Price, Colin,",171.58
salon-025,Mac Premo,Mac problem,0.8,"It's a Mac problem, a Mac security issue that we just-",330.04
salon-030,RnD Team,red team,0.88,this painting and then it was actually very like orange and red team based artwork.,3358.92
salon-032,LoVid,love,0.67,And I'm really like in love and really believe in that world of merch and music and dis,2663.96
salon-033,Nina Yankowitz,Nina Yankovic,0.81,Is Nina Yankovic still there?,5075.7
salon-042,Michael Strevens,Michael Rees's,0.8,"And then we're going to go around, first, Michael Rees's sculptors here,",1444.08
salon-043,Michael Strevens,Michael Rees's,0.8,Michael Rees's sculptures.,5794.56
salon-044,Ben Red,being read,0.82,"You know, so here you can hear the poem being read through, you'll hear the voice of the poem.",3801.6
salon-045,Michael Strevens,Michael Rees's,0.8,nice well if uh if you guys are um able to tune in to Michael Rees's thing tomorrow,5211.46
salon-046,Sue Beyer,Sue Byers,0.89,"So, Sue Byers piece is algorithmic.",4292.34
salon-047,Susan Huang,Susan has,0.8, after this. So thank you for your presentation. Looks like Susan has her hand raised. So Susan,2277.56
salon-049,Michael Strevens,Michael Rees's,0.8,"like in, in, in her, you know, where she's going, and maybe Michael Rees's piece, you know, in other words, these things that, you kno",464.88
salon-049,Michael Strevens,Michael Rees's,0.8,"Patrick, when you say Michael Rees's piece, are you speaking about the inflatables?",526.56
salon-052,Steve Miller,stevemiller.com,0.81,Neil deGrasse Tyson. He posts daily on Instagram at stevemiller.com and Twitter at stevemillerart.,459.92
salon-054,Andy Wauman,and human,0.8,"nature and human invention, rather than human invention taking over.",3997.0
salon-071,Patrick Lichty,Patrick Lipty,0.89,"ave books by Victor Acevedo, Davonte Bradley, Holly Gordon, Patrick Lipty, DJ Spooky, Steve Miller, Joseph Nechvatal, and Spalter and",5002.1
salon-071,Anne Spalter,and Spalter,0.87,", Patrick Lipty, DJ Spooky, Steve Miller, Joseph Nechvatal, and Spalter and Sasha Stiles.",5002.1
salon-074,Anton MCHX,"Anton,",0.67,"Anton, we have a couple of minutes left, if you could.",732.22
salon-086,Oz Van Rosen,Osvan Rosen,0.87,over it and then Osvan Rosen and Renata sort of flanking the piece there.,4861.8
salon-087,cari ann shim sham*,Carrie Ann Shimsham,0.89,"of the museum here, who are the curators of the exhibition, Carrie Ann Shimsham and Joey Zaza.",33.86
salon-087,Lucy Boyd-Wilson,Lucy Boyd-Williams,0.82,"Lucy Boyd-Williams, Earth, Trees, Sky, Orbs, Lucy.",1099.56
salon-087,Adrianne Wortzel,Adrian Wurzel,0.83,Night's Watch by Adrian Wurzel.,1575.44
salon-087,Stephen Paré,Stephen Parrott,0.81,"Here we have I, Too, Am a Cat by Stephen Parrott.",3394.94
salon-087,Deb Lutz,de luz,0.86,will i ever wake up by nina de luz anaya are you here would you like to speak,7226.02
salon-087,Galina Shevchenko,"Galina, shvenko",0.88,"bye Galina, shvenko",7393.4
salon-089,Andy Young,and Yon,0.82,"Sure, and I'd like to invite Sahar and Yon, who've been using it more than I have, to jump in if I'm n",64.76
salon-089,Tommy Mintz,Tommy Mince,0.82,I have a Tommy Mince on the wall behind me.,4868.64
salon-089,Tommy Mintz,Tommy mints,0.91,By Tommy mints.,5190.8
salon-090,Soy Nando,Sony Quando,0.8,ds and DA David bloody synchronisions in video recorded via Sony Quando Van Halen near CR��uy Ferrer studio in digoラテ Imperium C na,1509.76
salon-090,David Bloom,David bloody,0.87,'ve created 5x5 musical photographs with music cards and DA David bloody synchronisions in video recorded via Sony Quando Van Halen ,1509.76
salon-090,Steve Miller,see me,0.67,"You can see me, right?",3845.34
salon-090,Steve Miller,see me,0.67,Because I can't see me.,3846.64
salon-090,Steve Miller,see me,0.67,"Oh, yeah, I see me.",3849.3
salon-093,Oz Van Rosen,Osvan Rosen,0.87,"search for Techspressionism, and I saw that an artist named Osvan Rosen had independently used the term to describe her work in sev",1089.28
salon-093,Anne Spalter,and Spalter,0.87,"ussions with many pioneers in the field, such as the artist and Spalter, who is the founder of the digital art programs at the Rhod",1408.74
salon-093,Allen Hirsh,Alan Hirsch,0.82,And I see I'm going to pick Alan Hirsch first.,4527.84
salon-094,Tommy Mintz,two minutes,0.64,"Artists, which is composed of four audiovisual pieces, each two minutes in duration.",24.74
salon-094,Darcy Gerbarg,Darcy Gabarg,0.88,scroll past this until we get to some people showing up. Darcy Gabarg has a beautiful augmented,1034.78
salon-094,Tommy Mintz,two main,0.63,"I mean, I think those are two main approach that the artists have taken.",2461.12
salon-094,Tommy Mintz,two minute,0.67,So here you see an abstract part of my two minute piece.,2983.72
salon-095,Tommy Mintz,Tony Mintz,0.86,"And by the way, this is Tony Mintz.",204.7
salon-095,Patrick Lichty,Patrick Lickety,0.9,anybody else who was doing it and I looked it up and it was Patrick Lickety was named for the person who was on the internet to have do,388.72
salon-095,Patrick Lichty,Patrick Lifty,0.89,"for as a studio assistant when I was a undergraduate and Patrick Lifty, who I met in graduate school,",1122.38
salon-095,SURPRISE CAMEO!!,surprised,0.64,"but I'm super surprised I'm here in today's,",1777.14
salon-095,zeitgeistmode,zeitgeist,0.82,you were talking about the the onion and the outer layer is zeitgeist too and and I,2135.26
salon-095,zeitgeistmode,zeitgeist,0.82,zeitgeist moment I remember several years ago or it was just like two,2142.92
salon-095,zeitgeistmode,zeitgeist,0.82,this zeitgeist moment where people are tapping in to you know the expressi,2157.66
salon-095,zeitgeistmode,zeitgeist,0.82,zeitgeist moment where whether people are you know in this group or n,2184.82
salon-095,TinTin23x,Tintin,0.8,"Tintin 23X said, my question for the panel relates to the somethin",3116.42
salon-095,Andrea Bonaceto,andrea bonchetta,0.84,came into the group andrea bonchetta who he created an nft with sophia which was a robot,3311.0
salon-095,Anne Spalter,and spalter,0.87,"like and spalter spacious,",3729.88
salon-097,Allen Hirsh,and his,0.67,and his pathological hatred of windmills. So this is sort of my int,1280.38
salon-097,Allen Hirsh,and his,0.67,"I'm not sure if you're familiar with him and his work,",3763.48
salon-097,Chris Bly,Chris,0.71,I have a very brief question for Chris and then a general question for the three artists.,4943.04
salon-097,Chris Bly,"Chris,",0.71,"For Chris, the question is, how often do you have to, as a brush is us",4949.84
salon-097,Allen Hirsh,all their,0.7,And all their talent is how they use the camera and how they use post cap,5147.6
salon-097,Chris Bly,"Chris,",0.71,"And Chris, do you want to close out",5329.06
salon-098,Michael Woodruff,michael wood,0.86,really excited to share it uh michael wood woodruff has is a professional videographer like,224.38
salon-098,Ann Shapiro,and share,0.7,"in and share some work that you know, might be helpful to you. So thank ",517.08
salon-100,Gregory Patrick Garvey,Greg Garvey,0.67,and Greg Garvey is controlling the actual slideshow.,216.42
salon-100,Andy Wauman,and human,0.8,"rnational flavor of this group, and just the wonderful work and human beings that all of",4364.78
salon-100,Gregory Patrick Garvey,Greg Garvey,0.67,Greg Garvey just signed off.,5006.76
salon-100,Michael Farmer,Michael came,0.85,And then Michael came up with Michael Woodruff with the patterning that we had th,5415.06
salon-100,Patrick Lichty,Patrick Licktee,0.83,And then Patrick Licktee and Greg Garvey started to brainstorm how we could work tha,5421.7
salon-101,ST Rivera,strive,0.8,All this drawing by hand is something that I really strive to retain,609.62
salon-101,Tommy Mintz,to point,0.63,And I'd also like to point out the color palette in this painting is very soft.,674.24
salon-101,Gregory Little,Greg Little,0.88,"And then I printed it as a monoprint, which now Greg Little, who is my graduate advisor,",4270.22
salon-101,Tommy Mintz,two minutes,0.64,ould stop making contact with people at one minute and then two minutes later they'd stop making contact with people at two minutes,5454.86
salon-103,Verneda Lights,Vernada grants,0.71,"A cultural griot of the Gullah Geechee Nation, Vernada grants her artistic practice in the",205.4
salon-103,Ben Red,been fed,0.8,"Then the AI analyzes what has been fed and it learns patterns, like what cat sunset or in the styl",899.22
salon-103,Ben Red,been fed,0.8, it has very sophisticated concept of patterns because it's been fed on the,4120.74
salon-106,Systaime,systems,0.67,I cropped systems video.,3830.92
salon-106,Isabelle Arvers,Isabelle,0.7,Isabelle is perfect.,4080.58
salon-106,Systaime,systems,0.67,He's making like tons of videos of systems.,4100.14
salon-109,Visheh,Vishay,0.67,She's called Vishay.,50.02
salon-109,Visheh,Vishay,0.67,"So Vishay, take it away.",64.6
salon-109,Visheh,Vishay,0.67,I'm Vishay.,73.02
salon-109,Adrianne Wortzel,Adrian Wardsell,0.71,So our next presenter is Adrian Wardsell.,531.7
salon-109,Tommy Mintz,to paint,0.63,Are you ready to paint me?,1619.06
salon-109,Visheh,Vishay,0.67,"Yeah, Vishay, if you're still here,",3393.08
salon-109,Beau Tardy Artist,being an artist,0.69,"That's all it did. But being an artist, I found a way to make it do artwork.",5033.58
salon-110,cha,can,0.67,"begin? And also, can you tell us where you're zooming in from?",162.1
salon-110,cha,Can,0.67,Let's see. Can you guys see my screen?,179.64
salon-110,cha,can,0.67,Let me just double check. You guys can see. Okay.,199.04
salon-110,cha,can,0.67,"st going to use it to keep myself on track, and hopefully I can not go too much",217.2
salon-110,cha,can,0.67,And you can go and find it at mudd.foundation.,337.78
salon-110,cha,change,0.67,"s to do work that required that the artwork actually, like, change over the course of a year.",360.26
salon-110,cha,can,0.67,Why don't you create a critique space where people can get feedback on their work.,391.78
salon-110,cha,can,0.67,You can just keep it digital.,421.88
salon-110,cha,can,0.67,And you can also do scale and do all sorts of building things.,423.86
salon-110,cha,can,0.67,"But if you go onto Loop's homepage, you can see that we have the Critique Club up here.",579.82
salon-110,cha,chance,0.67,I wanted to make sure that people had the chance to come in.,614.54
salon-110,cha,can,0.67,"Ariel, can you stop sharing?",1009.96
salon-110,cha,can,0.67,apply I encourage everybody to do that in the future you can apply as many,1071.76
salon-110,cha,can,0.67,"And you can see the three pricy little bus in the back, the two little ",1263.42
salon-110,cha,can,0.67,"No, you can hear me now.",1506.32
salon-110,cha,change,0.67,"this hub space that we launch off into is wonderful sensory change. Anyway, I know we",1520.84
salon-110,cha,Can,0.67,"maybe, Galina's studio. Can you talk about your role as the graphic designer for the si",1537.74
salon-110,cha,can,0.67,i can share a little bit um maybe we can go to the studios and th,1696.64
salon-110,cha,can,0.67,glish i'm not that not an english native speaker but yeah i can do it,1714.38
salon-110,cha,Can,0.67,Can you see the screen?,1753.88
salon-110,cha,can,0.67,"you know, projects or platforms that can show in us",1824.5
salon-110,cha,can,0.67,"So we can jump into one of the studios,",1898.06
salon-110,cha,can,0.67,"so we can, yeah, see.",1903.5
salon-110,cha,can,0.67,"and then I can show, really, okay.",1992.24
salon-110,cha,can,0.67,performance piece but it's kind of cool because anybody can come whenever they want and one of us,2219.84
salon-110,cha,can,0.67,so you can see that uh there and like i i want to mention something el,2306.4
salon-110,cha,can,0.67,icipated in a six-week loop residency and hoping that sahar can talk,2419.02
salon-110,cha,can,0.67,about um what she took away from the experience and if we can see some of um your current,2425.92
salon-110,cha,can,0.67,i'm gonna read so can you see my screen,2475.96
salon-110,cha,can,0.67,So at the right you can see Renata's avatar.,2684.36
salon-110,cha,can,0.67,And if you can find my...,2886.98
salon-110,cha,can,0.67,You can go through my portal or I can share my verse so we can go d,2894.64
salon-110,cha,can,0.67,"If it's difficult, I can just put my verse.",2941.96
salon-110,cha,Can,0.67,Can you see my screen or not?,3014.88
salon-110,cha,Can,0.67,Can you see my screen?,3021.08
salon-110,cha,can,0.67,"So, at the left, top left, you can see my avatar.",3026.94
salon-110,cha,can,0.67,You can hear it.,3065.14
salon-110,cha,can,0.67,And you can go into the building and the ruins and fly.,3189.84
salon-110,cha,can,0.67,So we can see that's my avatar in the mirror and the light.,3207.6
salon-110,cha,can,0.67,And we can change the light and everything and the lighting.,3213.96
salon-110,cha,can,0.67,"And there is an exit in bottom left, which shows you how can you exit.",3398.28
salon-110,cha,Can,0.67,else. So here we are. Can everybody see?,3570.9
salon-110,cha,can,0.67,for a year in loop that I can do whatever in.,3697.4
salon-110,cha,can,0.67,"And you can, if you come to the space,",3720.14
salon-110,cha,can,0.67,"you can go visit this website,",3723.74
salon-110,cha,can,0.67,nt. And that's exactly what I found here in this salon. You can come on,3757.4
salon-110,cha,can,0.67,She's just uploaded these photos and you can enlarge them.,3797.16
salon-110,cha,can,0.67,"Okay, so you can blow up your JPEG to be really monumental.",3809.7
salon-110,cha,can,0.67,You can sort of hear people coming closer and going farther away.,3836.96
salon-110,cha,can,0.67,You've already seen that you can fly.,3889.9
salon-110,cha,can,0.67,And you can have meetings in here.,3914.5
salon-110,cha,can,0.67,You can upload your work here really easily.,3947.96
salon-110,cha,can,0.67,sible that is people with a lot of experience and expertise can go in and do their thing and,4075.08
salon-110,cha,can,0.67,"know, working in 3D or even in a virtual environment can come in and participate.",4083.1
salon-110,cha,can,0.67,"what can be accomplished by kind of like, you know, the overlap and ",4095.92
salon-110,cha,can,0.67,to have some free glbs you can just search sketchfab and download from there but the other,4224.0
salon-110,cha,can,0.67,projects inside loop that you can explore and i really encourage you to just go visit,4253.94
salon-110,cha,can,0.67,times. But we can use it. You can go meet a friend there. You can bring your ,4286.66
salon-110,cha,can,0.67,o are shy having an avatar instead of being on screen is is can be very liberating so I just wanted to mention that the loo,4294.62
salon-110,cha,can,0.67,"which is, can you think of ways that Expressionism and Loop can get more ",4336.7
salon-110,cha,can,0.67,"ome to use the, there's the React button on the bottom. You can click that and then",4355.5
salon-110,cha,can,0.67,Hit the raise hand and I'm happy to call on you or you can just unmute yourself.,4360.82
salon-110,cha,can,0.67,the Arab people. And you can see the,4479.34
salon-110,cha,can,0.67,can dive into the lake more than 10 meters and and if someone d,4510.44
salon-110,cha,can,0.67,gate the gates are close to people so the reiki healers can meditate and do their stuff,4548.64
salon-110,cha,can,0.67,Make it copy. You can export one first.,4721.74
salon-110,cha,can,0.67,and then we can help each other.,4829.22
salon-110,cha,can,0.67,they can find it always written down.,4882.14
salon-110,cha,can,0.67,"yeah, sure, you can load things you've done.",5017.84
salon-110,cha,can,0.67,"put up works that you've made before, and then we can give feedback.",5036.68
salon-110,cha,can,0.67,"something that, you know, can be used right away.",5067.42
salon-110,cha,can,0.67,and stuff that can be in there until it crashes.,5134.72
salon-110,cha,can,0.67,"So they can each have separate verses that they would be able to,",5180.44
salon-110,cha,can,0.67,So we're like kind of safe from something that can happen to like a spatial,5232.9
salon-110,cha,can,0.67,and hopefully we can help them as well.,5334.38
salon-110,cha,can,0.67,you can see the video.,5388.04
salon-110,cha,can,0.67,And you can find out more about that on our homepage.,5645.36
salon-110,cha,can,0.67,"And I think we can come up with some, you know, pretty interesting collaborati",5671.62
salon-057,Patrick Lichty,Patrick,0.67," definitely going through some stuff at that time. I'm sure Patrick can attest to that. He was he was right, right there with m",1096.9
salon-057,Richard E,richards,0.82,crazy and then also was it uh michael richards who was in the um,3857.8
salon-012,Michael Pierre Price,"Michael Rees, Michael",0.68,"ees, yeah.  And... Carter. Carter. Sorry. Okay. So, Carter, Michael Rees, Michael Price, Colin, and... And Randy. So, those are going to be o",0.0
salon-025,Mac Premo,Mac problem,0.8,"uess I won't be first. Okay. All right, that's fine. It's a Mac problem, a Mac security issue that we just- I'm ready to, I'm queue",1.98
salon-026,Brandon S Gellis,Brandon Gallus,0.8, have a digital partnership. And the name of this titled by Brandon Gallus is A Calling For Utopia. Who also he's the one that's respo,2.34
salon-026,Andrew Reach,and preach,0.82,h.  Christ tells his disciples. To go ye into all the world and preach the gospel. Okay. To spread the message. The good news of h,3049.24
salon-026,Carolina Ramonde,Carol Ramon,0.81,"e have the collaboration between Michael pointer again, and Carol Ramon. Or Ramon D Ramon.",3179.5
salon-026,Carolina Ramonde,Carol Ramon,0.81,my middle name. Cause my middle name is Ramon. Yeah. But so Carol Ramon day.,3231.06
salon-026,Carol Hunt,Carol sent,0.8,"Well, that was, you know, Carol sent me a painting. Um, that, that was kind of a. Yeah. It's a l",3466.8
salon-029,Gregory Little,Greg Little,0.88,"ed our MFA degrees in computer art together, studying under Greg Little, whose work is also included in this exhibition, which Patr",87.64
salon-029,Ben Red,be read,0.86,"er that in the original biblical text, it's not intended to be read either because it uses mycography, little writing. So that'",2961.84
salon-029,Andy Wauman,And human,0.8,"u know, MK 15 and tools are beautiful and brilliant things. And human beings are are pretty brilliant, too. But where it's all ab",3632.08
salon-029,Alan Kinnard,Alan Kennard,0.92,"because I forgot that we had two. So, sorry. All right. So, Alan Kennard. All right, Alan, you with us?",5899.52
salon-030,RnD Team,red team,0.88,this painting and then it was actually very like orange and red team based artwork. And then last minute I. color correction to ,2721.4
salon-033,LINDSAY KOKOSKA,Lindsay,0.64,"s Colin, who coined the term Textfreshism. Nina, David, and Lindsay are presenters for today, and our wonderful audience of oth",2.24
salon-033,Nina Yankowitz,Nina Yankovic,0.81,"e dot move? Can anybody hear me? Yeah, we're still here. Is Nina Yankovic still there? Yes, she is currently muted though. Oh, what d",3796.08
salon-035,Prïnce Magnølïa,Prince Magnolia,0.8,"t artist, and then we have a pair of collaborating artists, Prince Magnolia and S.T. Rivera. And then rounding out our salon today is M",0.0
salon-037,PATRICK LICHTY,Patrick,0.67,"rest of time, I think we probably need to get going so that Patrick can also have his presentation. With that being said, thank",1679.38
salon-037,Carla Gannis,Carl Aganis,0.87,"ore that. I work a lot with a platform that... Spaulder and Carl Aganis introduced me to, and I'd already heard about a little bit ",1870.26
salon-039,Michael Pierre Price,Michael Pierre,0.82," and I were very, you know, like Colin and other people and Michael Pierre and other people here, you know, you, you thought you were ",2841.36
salon-039,Greggory Hill,gregory i'll,0.88,so we have gregory i'll send you an email is that the best way to do it,5129.18
salon-040,Michael Farmer,Michael came,0.85,"ly develop it as far as they can, like the way that Roz and Michael came up with this handshake concept or whatever else. And, you k",4881.26
salon-040,Andy Thomas,Andy Thomas's,0.92,"went up. And the Russian artist, Mounth, and this is one of Andy Thomas's NFTs at the top, there's Nagin's piece, which was selected ",5194.78
salon-042,Mary Ann Strandell,Mary Ann Strandle,0.91,Mary Ann Strandle. Titled streaming flowers to slash brain acrylic on 3D lent,719.98
salon-042,Tor Burwell,Tor Borwell,0.91,Great. The next piece is Tor Borwell. It's titled Flunky Flux. It's a video. United States 2022.,1151.98
salon-042,Adelfino Corino,Aldofino Corino,0.87,"Next we have Aldofino Corino. And this is titled RIMM, R-I-M-M, Oil and Enamel Painted P",1220.1
salon-042,Michael Strevens,Michael Rees's,0.8,"And then we're going to go around, first, Michael Rees's sculptors",1444.08
salon-042,Ben Red,be fired,0.8,"em in which if the work is viewed on a tablet, it might not be fired up. I'm not 100% sure. But there's some pretty interesting ",1461.32
salon-042,Gregory Little,Greg Little,0.88,And I don't believe Greg Little is here in the Zoom. But Greg was actually my graduate advi,2227.32
salon-042,Hayede Jamshidi,Hayide Jamshidai,0.9,"And the next three are Hayide Jamshidai. I hope I'm saying the name correctly. James, can you get o",2486.9
salon-042,Hayede Jamshidi,Hayide Jamshidai,0.9,I'm Hayide Jamshidai. And I made this piece in 2020 when I was in lockdown. So I,2505.6
salon-042,Tikoi Kuitenbrouwer,Tikowai Kuitenbrauer,0.87," then I'm sorry, I may not say the name correctly. Tikwa or Tikowai Kuitenbrauer. Sticks and Bones Digital Monoprint on Aluminum. The Nether",2576.4
salon-042,Guillermo Arismendi,Guillermo Arias-Mondi,0.9,Guillermo Arias-Mondi from the Canary Islands. The title is 100921. It's a digita,2980.26
salon-042,Meltdownlove,Meltdown,0.8,Meltdown Love is the artist. Media disease. Print sees eyes. Digital,3305.98
salon-042,Meltdownlove,Meltdown,0.8,"Meltdown Love is not, I believe, in the Zoom. He also goes by Demian",3327.92
salon-042,Philippe Ormières,Philippe Ormiere,0.91,The next is Philippe Ormiere. His piece is called Ceté Couché de Soleil Magique. Digital,3400.24
salon-042,Michaël Borras AKA Systaime,"Michael Borras, AKA Sistame",0.89,"ever, Prince Bernoullia, Vicente Rivera, Michael Poluconis, Michael Borras, AKA Sistame, France. Well, they're all from different countries. Sean, ",3766.82
salon-042,Andy Wauman,Andy Wolman,0.82,"jin Lee, Cynthia DiDonato, Reese Schroeder, Sarah Song, and Andy Wolman, and Colin Goldberg.",3766.82
salon-042,Jan Swinburne,Jan Swinbur,0.92,"leur, Randy Musischewitz, Janice Randenburg-Lee, TinTan23x, Jan Swinbur, Frederick Pons, Diana Diavola, Lee Day, Susan Wong, Nina S",3766.82
salon-042,Frédéric Pons,Frederick Pons,0.81,"usischewitz, Janice Randenburg-Lee, TinTan23x, Jan Swinbur, Frederick Pons, Diana Diavola, Lee Day, Susan Wong, Nina Sobell, Dana Jone",3766.82
salon-042,Michael Paulukonis,Michael Poluconis,0.86,"Chat Noir, Lee Schnever, Prince Bernoullia, Vicente Rivera, Michael Poluconis, Michael Borras, AKA Sistame, France. Well, they're all fro",3766.82
salon-042,Seungjin Lee,Sanjin Lee,0.82,"iavola, Lee Day, Susan Wong, Nina Sobell, Dana Jones, N3T4, Sanjin Lee, Cynthia DiDonato, Reese Schroeder, Sarah Song, and Andy Wo",3766.82
salon-042,TinTin23x,TinTan23x,0.89,", Karen LaFleur, Randy Musischewitz, Janice Randenburg-Lee, TinTan23x, Jan Swinbur, Frederick Pons, Diana Diavola, Lee Day, Susan",3766.82
salon-042,Giovanna Sun,"Giovanna,",0.8,"Thank you, Stephanie. Okay. Um, research Giovanna, would you like to, um, say a few words?",4945.88
salon-042,Michael Strevens,Michael Rees's,0.8,"Quick aside, I don't think I gave the title of Michael Rees's, but I didn't see his label. It says Synth Cell 009, Stream",5656.96
salon-042,Diane Marsella,Diana Marcella,0.86,"m the title of this piece. Moving on.  Thank you very much. Diana Marcella, A Star is Born, Digital on Aluminum, 2022. Is Diana with u",5656.96
salon-042,Nina Yankowitz,Nina Yankovic,0.81,"ng to be part of her handshake, her digital handshake, with Nina Yankovic, my friend Nina Yankovic. Really? Yeah. And when I was look",5759.82
salon-042,Patrick Lichty,patrick lickley,0.83,t of this installation we are doing with uh my dear husband patrick lickley so we lived in abu dhabi and because of a lot of political ,6320.56
salon-042,John Zieman,John Seaman,0.82,John Seaman. Three variations on a poem video art file. And I know I me,6848.06
salon-042,Mary Boochever,Mary Buchever,0.89," on to the back wall here, but very visible from the front. Mary Buchever, treatments one through, I believe, 11. Paper Inc. US 2003.",7092.72
salon-043,Darcy Gerbarg,Darcy Garbage,0.85,"lright, Vernetta Lights. Karen Lafleur. Renata Janiszewska. Darcy Garbage. Najeen Estasabian. Najeen. I know that Giovanna alias Doug",60.28
salon-043,Giovanna Sun,Giovanna son,0.92,n Estasabian. Najeen. I know that Giovanna alias Doug woman Giovanna son. It was beautiful piece we have to at least acknowledge tha,60.28
salon-043,Verneda Lights,Vernetta Lights,0.9," Nina Sobell. Great to see you Cynthia Beth Rubin. Alright, Vernetta Lights. Karen Lafleur. Renata Janiszewska. Darcy Garbage. Najeen E",60.28
salon-043,Gregory Little,Greg Little,0.88," painting. That I did that was shown in New York in 85, 85. Greg Little was there, but he's not on now. And I showed some digital w",1870.98
salon-043,Giovanna Sun,Giovanna's son,0.85,"chspressionist exhibit going on right now. And a photo from Giovanna's son, who was kind enough to take the picture. And this is my pi",2574.78
salon-043,Darcy Gerbarg,Darcy Garbage,0.85,"k that's somehow also equated with the feminine. Thank you. Darcy Garbage. Oh, did you?",3587.58
salon-043,Darcy Gerbarg,Darcy Garbag,0.88,"I'm Darcy Garbag, an artist who straddles two... I don't think you're seeing",3643.2
salon-043,Giovanna Sun,Giovanna,0.8,"startup founder, and also the seller, our advisor he say oh Giovanna is a crazy artists don't listen to her she can do anything.",4657.74
salon-043,Michael Strevens,Michael Rees's,0.8,"to me as well about some information about specific pieces, Michael Rees's sculptures. They wanted to know like some information about",5788.14
salon-044,Ben Red,being read,0.82,"or the videos. Wow. You know, so here you can hear the poem being read through, you'll hear the voice of the poem.",3721.8
salon-045,Michael Strevens,Michael Rees's,0.8, soup nice well if uh if you guys are um able to tune in to Michael Rees's thing tomorrow um it should be a real interesting one with ,5208.88
salon-046,Negin Ehtesabian,Nagin Etesabian,0.9,"spressionist. Of course, my wife and partner in all things, Nagin Etesabian. And who actually has really been super throughout this ent",464.5
salon-046,Andy Thomas,and stomas,0.86,"e piece work. And it also has incisions and sutures as, as, and stomas as he has, he is currently recovering from throat cancer. A",3916.14
salon-046,Ghazaleh Seidabadi,"Ghazaleh, Seda",0.81,"s see here. Have some more people from the, we have Marjan, Ghazaleh, Seda Badi, Azra, Azra is that, I think I saw you out in the audi",3916.14
salon-046,Giovanna Sun,Giovanna,0.8,"s really interesting. So that's it. So I don't know whether Giovanna is a robot or not, but you know hope not.  Let's see here. ",3916.14
salon-046,Sue Beyer,Sue Byers,0.89," the Marzan and then anybody else we should talk about? So, Sue Byers piece is algorithmic. is kind of interesting. This is a lan",4278.1
salon-046,Negin Ehtesabian,Nagin Etisabian,0.84, grateful to my wife and partner of all thing in all things Nagin Etisabian for all her amazing amazing help in this project and everyt,5037.9
salon-047,Susan Huang,Susan has,0.8," after this. So thank you for your presentation. Looks like Susan has her hand raised. So Susan in Detroit, have at it. Thank you",2272.86
salon-047,Tommy Mintz,tommy mince,0.82,s like it's either stuff you can roll up and i really thank tommy mince for um getting a massive massive massive uh mind shift when,4317.38
salon-048,Patrick Lichty,Patrick lit,0.88,"ow you. Victor, when you had your discussion with Pat. With Patrick lit key. Patrick was talking about the generative adversarial n",1559.1
salon-049,Michael Strevens,Michael Rees's,0.8,"like in, in, in her, you know, where she's going, and maybe Michael Rees's piece, you know, in other words, these things that, you kno",437.42
salon-049,Giovanna Sun,Giovanna,0.8,"have the energy looking into Seungjin Lee, are you here? Is Giovanna here? She also knows about this.  Anyway, so if it could ha",3519.96
salon-050,Gregory Little,Greg Little,0.88,"  And ever since it's gone to something else. And actually, Greg Little curated a show that I was in, in those days of photographin",31.62
salon-050,Cynthia DiDonato,Cynthia Donata,0.87,"Yes. Okay, great. So it's great. So Cynthia Donata, and please make sure that you're muted if you're not actua",4527.08
salon-050,Giovanna Sun,giovanna,0.8, there was a panel hampton's tech week um that um tommy and giovanna and paul miller participated in as artists and it was moder,4831.12
salon-051,Tommy Mintz,Tommy Mints,0.91,es. Keep doing that to myself. I was looking for titles and Tommy Mints and Colin came up with the two that are listed below. Thank,138.7
salon-051,Frédéric Pons,Frederick Pons,0.81,"ced to Mid Journey by my friend and fellow tech specialist, Frederick Pons. And since a lot of my digital work revolves around visions",933.94
salon-051,Anne Spalter,an Spalter's,0.83,"lid usages for it. And, and I did, you know, Take notice of an Spalter's recent collection of AI spaceships, which, you know, I thou",1385.34
salon-052,Andy Wauman,and human,0.8,"tween high energy physics and the sort of need for survival and human resources. This is actually an MRI of my brain, of all the ",471.96
salon-052,Lee Day,live day,0.8,gh his work and his art that the world in which we normally live day to day and the world in which we still talk about today is ,2907.96
salon-053,Tikoi Kuitenbrouwer,Tikoi Keitenbroer,0.89,ur first artist is coming to us from the Netherlands. He is Tikoi Keitenbroer. Thank you very much. Thank you very much for staying up la,194.62
salon-054,Andy Wauman,and human,0.8,"o that in the end, there's sort of a balance of both nature and human invention, rather than human invention taking over.",3985.48
salon-055,Mich Palmer,much calmer,0.82,"al public. So, the discussion is... The discussion level is much calmer, much cooler than it was when action painting and pop art c",3428.34
salon-055,Giovanna Sun,"Giovanna,",0.8,"reciate the discussion so far. Thank you. All right. I know Giovanna, I think, had her hand up.",3626.44
salon-055,Giovanna Sun,giovanna,0.8,like based off of what i'm just going to reverse order what giovanna was talking about um imagine with art or with music if you ,4028.52
salon-055,Anne Spalter,and Spalter,0.87,"collab shows and, you know, even NFT now, which, which and, and Spalter curated, I look back on that show and, you know, there was ",5244.46
salon-057,Patrick Lichty,Patrick,0.67," definitely going through some stuff at that time. I'm sure Patrick can attest to that. He was he was right, right there with m",1077.22
salon-057,Richard E,richards,0.82,nd that was really um crazy and then also was it uh michael richards who was in the um residency he didn't get out he just done ,3590.04
salon-060,John Zieman,John Seaman,0.82,f the pieces. That's the representative one of the show. So John Seaman is here with us who was in the exhibition as well. Haven't ,1737.42
salon-060,Gregory Little,Greg Little,0.88,"R. I know Patrick is fairly involved with VR stuff too, and Greg Little, but I think it would be really interesting to organize lik",1737.42
salon-067,Andy Thomas,Andy that,0.8,"h that's wonderful. Colin Goldberg, M.D.: We agree with you Andy that looks great. Colin Goldberg, M.D.: But Disney, on the other",372.5
salon-068,Paul D. Miller aka DJ Spooky,"Paul Miller, like DJ Spooky,",0.84,"ithm. I see in the chat there. Yeah. Yeah. I think actually Paul Miller, like DJ Spooky, is writing a book about that right now, about the influence",3673.34
salon-069,Chalda Maloff,called Major,0.64,pulated it in Procreate. This other one has a spatial theme called Major Tom to Ground Control. This is a photograph of a shingle on,1704.04
salon-071,Patrick Lichty,Patrick Lipty,0.89,"ave books by Victor Acevedo, Davonte Bradley, Holly Gordon, Patrick Lipty, DJ Spooky, Steve Miller, Joseph Nechvatal, and Spalter and",4187.08
salon-071,Anne Spalter,and Spalter,0.87,", Patrick Lipty, DJ Spooky, Steve Miller, Joseph Nechvatal, and Spalter and Sasha Stiles. And if anyone else in here has... any boo",4187.08
salon-077,Patrick Lichty,Patrick licky,0.89,arted as an artist group with myself Steve Miller oan Rosen Patrick licky and Helen Harrison as our adviser we kind of started formul,5.99
salon-077,Steve Miller,see I'll,0.7,definitely on my mind you know as a web master so. So we'll see I'll just figure it out for myself and then see how it plays and,4873.36
salon-077,Judith Jacobs,Judy Jacobs,0.83, and I've been working I've been working on this along with Judy Jacobs. Put a lot of time into trying to figure it out so I I have,4873.36
salon-079,Peter Borges,Peter GES,0.86, that I didn't come up with this is something I lifted from Peter GES in his book and art exhibition called before photography wh,1099.2
salon-079,Judith Jacobs,Judy Jacobs,0.83,hey're already chaotic but adding the Pano to them and then Judy Jacobs taught me about je Celli and here's the very first humans p,2103.16
salon-079,Joey Zaza,Joey zasa,0.89, been really great and I'd just like to hand it over now to Joey zasa for for a talk about his.  Project yeah hello everyone I'm ,4505.24
salon-080,Patrick Lichty,Patrick licky,0.89,ctually in Bowling Green Ohio where I went and actually met Patrick licky in that program there we're both MFA computer Arts students,858.27
salon-081,Michael Pointer,Michael one,0.85,fiti so it's sort of similar thing yeah but one minute left Michael one minute so I'll go through. Quickly so these kind of forms I,95.0
salon-081,Lee Schnaiberg,Lee schneberg,0.89,ed in running my my algorithm it's up on GitHub and I think Lee schneberg has actually. Forked it recently and I got to check out wha,1050.31
salon-081,Tommy Mintz,two minutes,0.64, music is really very very beautiful and this is just again two minutes of their full piece which is 7 and a half minutes and and t,2004.15
salon-081,Patrick Lichty,Patrick licky,0.89,now the longer that this goes on and this is something that Patrick licky had kind of emphasized. Many times and and also. You know w,3976.92
salon-082,Gary Hopkins,Gary Hawkins,0.83,s it lands gently on his.  Hand hey is this G hey G this is Gary Hawkins are you all right in there are you. Injured my B my B don't,61.36
salon-082,Tommy Mintz,Tommy isn't,0.82,h through September 25th are the dates that I finally have. Tommy isn't it August the 9th. Now well we'll have a reception on some ,2937.23
salon-083,Patrick Lichty,Patrick Licky,0.89,nted to say that you know my colleague from graduate school Patrick Licky was. Signed on to moderate this salon and he's actually not,736.0
salon-083,Ann Shapiro,and Shapiro,0.91,Said you know there I had two painting professors hippolito and Shapiro and Shapiro said to us. You know being an artist is great b,3867.44
salon-084,Lee Schnaiberg,Lee Kesner,0.67,anted to bring up was the influence in my work right now of Lee Kesner and the fact that she went into her old work and she tore i,570.04
salon-084,Cynthia DiDonato,Cynthia denado,0.8,outset that if enough people want a different time. I think Cynthia denado on here she and I were the ones who got it started we' prob,570.04
salon-084,Lee Schnaiberg,Lee casner,0.67,ages and it's funny you know we often talk about Pollock or Lee casner and I definitely feel like when I'm doing a piece like this,1635.72
salon-085,Robert DuGrenier,Robert Greenberg,0.81,softy Mage wavefront you usually don't get all these people Robert Greenberg Associates big big time players in this show also working a,6.43
salon-085,Verneda Lights,very bright,0.64,m but they used to do that back in the 70s and 80s and some very bright colorful light show done with lasers today I don't use lase,1673.64
salon-085,Michael Pointer,Michael Pier,0.89,rkshops.  Okay so are people I think Michael has a question Michael Pier.  Price actually it's more of a comment than a question thi,4382.68
salon-085,Giovanna Sun,giovana son,0.87, the show booked and you know is the principal curator also giovana son sunen Lee and Oceana Andreas are co-curators and yeah you k,4382.68
salon-086,Oz Van Rosen,Osvan Rosen,0.87,"component. That's it. So it's kind of like over it and then Osvan Rosen and Renata sort of flanking the piece there. Um, and there ",4799.04
salon-087,cari ann shim sham*,Carrie Ann Shimsham,0.89,"of the museum here, who are the curators of the exhibition, Carrie Ann Shimsham and Joey Zaza.  And, you know, the Techspressionist communi",2.68
salon-087,Lucy Boyd-Wilson,Lucy Boyd-Williams,0.82,"re? Michael Woodruff. Michael Woodruff. I know Lucy's here. Lucy Boyd-Williams, Earth, Trees, Sky, Orbs, Lucy. Hi! Hi, everyone! Hi, every",947.36
salon-087,Adrianne Wortzel,Adrian Wurzel,0.83,"and get into some of the detail and so on. Night's Watch by Adrian Wurzel. Yeah, Adrian is on the Zoom. I'm not sure if going to spea",1499.42
salon-087,Malavika Mandal Andrew,Malavika Manjulandru,0.81,onderful wonderful like a fine wine it takes time Burgum by Malavika Manjulandru is Malavika yeah hi hi thank you Mona for organizing the be,2442.36
salon-087,Stephen Paré,Stephen Parrott,0.81,"ying, looping in my brain. Here we have I, Too, Am a Cat by Stephen Parrott. I think Stephen's here. Stephen. Hi. I am. Hello, I'm in H",3247.54
salon-087,Deb Lutz,de luz,0.86,ng i dreamed myself a landscape will i ever wake up by nina de luz anaya are you here would you like to speak hi can everyone ,7177.5
salon-087,Galina Shevchenko,"Galina, shvenko",0.88,"s and then up above us here we go we have chapter three bye Galina, shvenko hi hi I'm here well I'm so thankful to be included in this ",7357.56
salon-088,Karen LaFleur,Karen laflor,0.88,hat the the December Salon is going to be ranata yaneva and Karen laflor introducing Mariana which is their Exhibition at the Cape C,4606.0
salon-089,Andy Young,and Yon,0.82,"ality, that'd be great.  Sure, and I'd like to invite Sahar and Yon, who've been using it more than I have, to jump in if I'm n",0.0
salon-089,Tommy Mintz,Tommy mints,0.91,"ink that's something that's been introduced to somebody. By Tommy mints. By the name of Neil Blum Stein, who. Him and a partner run",1696.58
salon-090,Soy Nando,Sony Quando,0.8,ds and DA David bloody synchronisions in video recorded via Sony Quando Van Halen near CR��uy Ferrer studio in digoラテ Imperium C na,1006.0
salon-090,David Bloom,David bloody,0.87,'ve created 5x5 musical photographs with music cards and DA David bloody synchronisions in video recorded via Sony Quando Van Halen ,1006.0
salon-090,Steve Miller,see me,0.67,"sions. And I can show you what I mean. Can you see? You can see me, right? Because I can't see me.  Oh, yeah, I see me. Okay. ",3759.86
salon-092,Ariel Barron-Robbins,Ariel Baron,0.71,nd putting it together. So the artists presenting today are Ariel Baron Robbins. System Michael Pierre Price and Randy Matsu shevit,2.19
salon-092,Randi Matsushevitz,Randy Matsu,0.69,ay are Ariel Baron Robbins. System Michael Pierre Price and Randy Matsu shevitz. And each artist is going to be given. 10 minutes t,2.19
salon-092,Patrick Lichty,Patrick licky,0.89,st Salon was held on September 1st 2020 and included myself Patrick licky Steve Miller and Oz van Rosen all of whom are artists in th,2.19
salon-092,Ariel Barron-Robbins,Ariel Baron,0.71,First presenter is Ariel Baron Robbins who is an interdisciplinary artist in academic spec,288.12
salon-092,Andy Wauman,and human,0.8,he use of AI and art has sparked debates about authenticity and human intention I believe Art Is defined by its ideas messages an,1099.0
salon-092,Karen LaFleur,Karen laflor,0.88,ition of two TCH impressionist artists work rata yaneva and Karen laflor so this next Salon is going to be taking place as a hybrid ,2573.24
salon-093,Oz Van Rosen,Osvan Rosen,0.87,"search for Techspressionism, and I saw that an artist named Osvan Rosen had independently used the term to describe her work in sev",953.88
salon-093,Anne Spalter,and Spalter,0.87,"ussions with many pioneers in the field, such as the artist and Spalter, who is the founder of the digital art programs at the Rhod",1319.28
salon-093,Allen Hirsh,Alan Hirsch,0.82,"from Zoom, that would be great. And I see I'm going to pick Alan Hirsch first. Since he's had his hand raised for a little while. T",4489.48
salon-094,Tommy Mintz,two minutes,0.64,"Artists, which is composed of four audiovisual pieces, each two minutes in duration.  My work is featured alongside commissioned pi",0.0
salon-094,Darcy Gerbarg,Darcy Gabarg,0.88,o scroll past this until we get to some people showing up.  Darcy Gabarg has a beautiful augmented reality sculpture here that Sungj,781.04
salon-094,Tommy Mintz,two main,0.63,"o however you want to address it. I mean, I think those are two main approach that the artists have taken. Yeah, I think it's a ",1162.72
salon-094,Tommy Mintz,two minute,0.67," and representation. So here you see an abstract part of my two minute piece. The piece is called Pastel Souffle, which in English",2904.66
salon-095,Tommy Mintz,Tony Mintz,0.86,"I'll jump right in here. And by the way, this is Tony Mintz. Most of you know him, but he's the curator. He's the direc",203.58
salon-095,Patrick Lichty,Patrick Lickety,0.9,anybody else who was doing it and I looked it up and it was Patrick Lickety was named for the person who was on the internet to have do,370.26
salon-095,Patrick Lichty,Patrick Lifty,0.89,"ed for as a studio assistant when I was a undergraduate and Patrick Lifty, who I met in graduate school, we were both doing our MFAs ",1073.2
salon-095,SURPRISE CAMEO!!,surprised,0.64,"ech person and what's going on in this group, but I'm super surprised I'm here in today's, like very, you know, like center side ",1757.04
salon-095,zeitgeistmode,zeitgeist,0.82,you were talking about the the onion and the outer layer is zeitgeist too and and I think that this could be a zeitgeist moment I,2134.32
salon-095,TinTin23x,Tintin,0.8,"nt. Oh, we have a nice typed in thing here. One last thing. Tintin 23X said, my question for the panel relates to the somethin",3067.44
salon-095,Andrea Bonaceto,andrea bonchetta,0.84, how to mint through one of the artists came into the group andrea bonchetta who he created an nft with sophia which was a robot it was ,3305.8
salon-095,Anne Spalter,and spalter,0.87,"h. Yeah. She changes hands again and again, and again, like and spalter spacious, right? She mentioned a giant collection and it wa",3722.74
salon-096,eegun,even,0.67,"hysics and neuroscience, some theories of consciousness and even elements of Buddhism and several different indigenous. Beli",1028.4
salon-096,eegun,even,0.67, the words to? Will the band manage to save the universe or even just cut an album? Will the diva and rock god come together,2014.88
salon-096,Andy Wauman,and human,0.8,"pproach of putting like purely artificial, half artificial, and human characters in the same space interacting with each other. I",2014.88
salon-096,Trey Morgan,the organ,0.8,"eral.. Great.. I think we're going to have a salon based on the organ show at some point. Are we not? Yes, we decided that we wil",3040.23
salon-097,Allen Hirsh,and his,0.67,not a big fan of the present president of the United States and his pathological hatred of windmills. So this is sort of my int,874.42
salon-098,Michael Woodruff,michael wood,0.86,is what's online so far we're really excited to share it uh michael wood woodruff has is a professional videographer like really pro,2.94
salon-099,Erin Ko,Erin Co,0.86,"an see the monument for Angela Davis, Mr. Backlash by Erin, Erin Co. She was the first artist to get on board, which I was supe",2295.59
salon-099,Colman Jones,Carolyn Jones,0.8,noculture. At the same speed of technological innovation as Carolyn Jones notes here is by actually taking up these technologies in t,3747.67
salon-100,Gregory Patrick Garvey,Greg Garvey,0.67,"e spirit of this exhibit, this is a cooperative effort, and Greg Garvey is controlling the actual slideshow.  So we will get going.",180.76
salon-100,Gregory Patrick Garvey,Greg Garvey,0.67,"dn't come. And his work had to go up with magnets as well.  Greg Garvey just signed off. I think he, this is, you know, the problem",3089.06
salon-100,Andy Wauman,and human,0.8,"rnational flavor of this group, and just the wonderful work and human beings that all of you are. So thanks. Great. Thank you. I ",3089.06
salon-100,Michael Farmer,Michael came,0.85, had a couple of people who were able to print it. And then Michael came up with Michael Woodruff with the patterning that we had th,3089.06
salon-100,Patrick Lichty,Patrick Licktee,0.83,e patterning that we had that we became our theme. And then Patrick Licktee and Greg Garvey started to brainstorm how we could work tha,3089.06
salon-101,Tommy Mintz,to point,0.63,. And this one as well here on the right. And I'd also like to point out the color palette in this painting is very soft. It's p,222.02
salon-101,ST Rivera,strive,0.8," work.  All this drawing by hand is something that I really strive to retain in my work. In much of my artwork, whether I'm, i",222.02
salon-101,Tommy Mintz,two minutes,0.64,ould stop making contact with people at one minute and then two minutes later they'd stop making contact with people at two minutes,4113.5
salon-101,Gregory Little,Greg Little,0.88,"that I did. And then I printed it as a monoprint, which now Greg Little, who is my graduate advisor, I gave it to him as a gift bef",4113.5
salon-102,Andy Thomas,and Toma,0.84,. Her work is represented in Spelter Digital Art Collection and Toma Foundation and she has been featured on Science Friday. Her,312.08
salon-102,David Cohen,David von,0.8,"st seen in 1832.. Recorded as a specimen collected by Lewis David von Schweinets [music] in Bethlehem, Pennsylvania in pools and ",1385.76
salon-102,Andy Wauman,and human,0.8,ng for me. So that kind of like started my focus on animals and human animal interaction..  Fascinating. I can kind of jump on to,3984.32
salon-102,Richard E,Richard,0.88,"with Gil Weinberg, I met his PhD candidate, Richard Savory. Richard has now gone on to. Leave. Get his PhD and move on. And. I ",3984.32
salon-102,Anna Hamer,anac chamber,0.82,", composer using her vocals inside of we recorded her in an anac chamber at Nokia Bell Labs.. The first time AIAN performed was at t",3984.32
salon-102,Tim Fabian,time AIAN,0.84,orded her in an anac chamber at Nokia Bell Labs.. The first time AIAN performed was at the new museum and it was really a pretty ,3984.32
salon-103,Ben Red,been fed,0.8,"with short text descriptions. Then the AI analyzes what has been fed and it learns patterns, like what cat sunset or in the styl",272.52
salon-103,Ben Red,been fed,0.8, it has very sophisticated concept of patterns because it's been fed on the patterns of the world. So what it did was in encount,4112.5
salon-104,Anna Hamer,Anna Merch,0.8," Let's see if we can advance the slide. Yeah, this would be Anna Merch who's. So I know Anna Merch from Sky Dance, that big instal",1896.96
salon-104,Erin Ko,Erin Co,0.86,n is going to be coming to you live from New York City with Erin Co who's moderating the every woman every woman bianol which i,5202.96
salon-105,Erin Ko,Erin Co,0.86,"'re also on Tik Tok.. Now, I'm going to hand things over to Erin Co, who is my co-odderator, coming from the pre pen and brush ",7.03
salon-105,Simone Gad,since grad,0.8,"rt, we are Pineapple Staircase. we've been working together since grad school at NYU Game Center.. And. Essentially we we always t",1888.4
salon-106,Systaime,systems,0.67,"'d like to break in for just a moment because. I. I cropped systems video. Oh, and so that that ending, which might have seemed",3826.32
salon-106,Isabelle Arvers,Isabelle,0.7,"thank you, Isabelle. Isabelle is perfect. She was the first in French.",4079.64
salon-106,Systaime,systems,0.67,"zmo Pond. Exactly, sure. He's making like tons of videos of systems.",4090.16
salon-108,Victor Acevedo,Victor Asavdo,0.81,"salon. and they are Randy Matushevitz, Lucy Boyd Wilson and Victor Asavdo. So without further ado, I'm going to pass the mic on to Ra",6.87
salon-108,Patrick Lichty,Patrick Liy,0.88,"he idea with fellow artists Oz Van Rosen, Steve Miller, and Patrick Liy, as well as art historian Helen Harrison, who served as dir",6.87
salon-108,Leila Pinto,leap into,0.8,es.. And our work is an exploration and investigation and a leap into the present and the future and the very nature of what art ,198.0
salon-108,Cynthia DiDonato,Cynthia Dia,0.81,gt; I think we can get Rex. I'm going to ask him to reprint Cynthia Dia Donado's piece. I think something happened with the color p,1128.72
salon-108,Cynthia DiDonato,Cynthia Donado's,0.81,f the layout. the front and back covers feature a detail of Cynthia Donado's piece. She was gracious enough to allow us to have a detail,1311.36
salon-108,Victor Acevedo,Victor Asavdo,0.81,"bian. And Patrick Liki who also work as an artist team. and Victor Asavdo.  Is a photo of Cynthia Donato's piece dons.  So, I'm just ",1689.75
salon-108,Allen Hirsh,Alan Hirs,0.8," on the left is Colin Goldberg, Gre Gregory Patrick Garvey, Alan Hirs, and the monitor on the right has Bill Rogers and Maria Tri",1689.75
salon-108,Shirin Tashova,Shireen Tashova,0.9,"veral expressionist artists went over to Urgent. curated by Shireen Tashova, who's the director of Camuz.. And part of the part of the ",2330.23
salon-108,Reed Hearne,reel here,0.8,"ruff and music by Steven Pereé.. I'm I won't be showing the reel here, but it was really great to have it at in this laca exhibit",2330.23
salon-108,Cynthia DiDonato,Cynthia Donado,0.87,"lip of Cynthia's image the other way and darker. And again, Cynthia Donado was wonderful about saying, ""Sure, use my image. I want the",2877.92
salon-108,Cynthia DiDonato,Cynthia Doninato,0.88,"'m I'm very proud of it as well..  &gt;&gt; Thanks, Victor. Cynthia Doninato, &gt;&gt; I just want to say thank you again to the curator",3071.28
salon-108,Patrick Lichty,Patrick Licky,0.89,. Presentation with Greg Garvey and. And Randy and possibly Patrick Licky. And maybe Lucy will be there. We're trying to figure out a,3266.08
salon-108,Cynthia DiDonato,Cynthia Donado,0.87,salon that you missed.. And I just wanted to add on to what Cynthia Donado said about the videos on YouTube.,5123.2
salon-109,Visheh,Vishay,0.67,"'m going to introduce our first artist.  Viva! She's called Vishay. So would each artist, if you could, before you start shari",2.6
salon-109,Adrianne Wortzel,Adrian Wardsell,0.71,Really cool. Thank you. All right. So our next presenter is Adrian Wardsell.,67.56
salon-109,Visheh,Vishay,0.67,Hello everyone. Thank you for having me here. I'm Vishay. I'm from Iran and I'm multidisciplinary artist. My focus i,67.56
salon-109,Tommy Mintz,to paint,0.63," Amiga artist Jack Hager to sit in with them. Are you ready to paint me? Yeah. Ladies and gentlemen, I'm here tonight to help as",1436.38
salon-109,Visheh,Vishay,0.67," Yeah, I really enjoyed that as well. Go ahead, Russ. Yeah, Vishay, if you're still here, I thought that was fascinating. What",2832.1
interview-001,Ann Shapiro,and Shapiro,0.91," two painting professors. So I had two professors, Ippolito and Shapiro. And I remember Shapiro telling us, you know, it's great to",143.16
interview-001,Gregory Little,Greg Little,0.88,"ut digital overriding. And I also studied under a guy named Greg Little, who was, he studied painting at Yale, really interesting a",1305.3
interview-001,Oz Van Rosen,"Osvan Rosen,",0.87," Techspressionism. And I saw that there was an artist named Osvan Rosen, who was in Southampton, who had used the term in a magazine",1910.9
interview-002,Anne Spalter,a paper,0.63,"of going to some kind of college where I never had to write a paper ever again, seems just absolutely fantastic to me and that'",88.3
interview-002,Anne Spalter,and water,0.67,ng for decades so these things like lighthouses and spheres and water and airplanes um so they have this sort of symbolic persona,509.0
interview-002,Anne Spalter,and scale,0.67,"ity, the ability to undo things and save different versions and scale things. So many things that now we take for granted using t",892.4
interview-004,Trey Morgan,the organ,0.8,. I am able to use his percussion and the left-hand half of the organ manual in his version. Okay.,678.98
interview-006,Carla Gannis,carl ganas,0.82,this is also something that and spalter is working with and carl ganas and and so the thing is is then carl ganas and introduced m,2889.56
interview-006,Anne Spalter,and spalter,0.87,ay form um project and you know this is also something that and spalter is working with and carl ganas and and so the thing is is t,2889.56
interview-007,Andy Wauman,any human,0.8,to become integrated so science and math has its foibles as any human endeavor uh new areas that break new ground um take a while,2991.94
interview-008,Ben Red,be fried,0.8,"es and the potatoes here had too high of a water content to be fried commercially for McDonald's. So this potato, kind of potato",691.96
interview-010,Brandon Gellis,brown lines,0.64,es of people were taken and were murdered and so all of the brown lines on here are houses that were taken and all of these open sp,2088.34
interview-011,Reed Hearne,read here,0.8,"sense that it's the next, you know, title that I'm going to read here. Let's see. Oh, more. Yeah.",1089.68
interview-011,Andy Wauman,and Nauman,0.86," you know, basically, they were essentially algorithms. So, and Nauman, I don't think it's well known or well talked about, had st",1733.02
interview-011,Carla Gannis,carla ganas,0.87,ppenheimer tamiko theil gardens of the anthropocene and and carla ganas did a comedy routine with the inflatable boy that was very ,3972.62
interview-012,Margaret Dolinsky,Margaret Jelinski,0.82," know, these are, yeah, I think these are people we should. Margaret Jelinski. Well, you know, you know something? She is, she's our next",1773.36
interview-013,Oliver Peterson,older person,0.81,"ied. So in 2015 or 16, I decided to go back to school as an older person with lots of little people.  So that was that was fun. And ",263.78
interview-013,Lee Day,like day,0.8,like um or i'm not sure if i'm also like mexican culture so like day of the dead and uh you know catholicism and and things like,952.88
interview-014,Francis Mariano,Francisco Asian,0.8,eing in San Francisco was a boon to that because of the San Francisco Asian Art Museum and just the incredible mix of people from all o,150.34
interview-016,Gregory Little,Greg Little,0.88,", one of the artists who presented an artist by the name of Greg Little, who's one of my graduate advisors, mentioned that he was a",613.28
interview-019,Malavika Mandal Andrew,"Malavika Sharan, And",0.71,"hen I was the first person who gave me the chance for this. Malavika Sharan, And. Malavika Sharan, I mean that made me more you know open yo",2462.4
interview-019,Malavika Mandal Andrew,"Malavika Sharan, And",0.71,"ea see similar designs out there. Malavika Sharan, Oh yeah. Malavika Sharan, And the same came here.",2555.76
interview-021,Patrick Lichty,patrick right,0.81,ties and i think i meant it was fascinating to to bump into patrick right before we started our session because i know i met patrick ,308.24
interview-021,Oz Van Rosen,osvan rosen,0.87,r first salon it was like me him steve miller um this woman osvan rosen who kind of was the first person that she knew i used to us,335.96
interview-021,Gregory Little,greg little,0.88,actually um at bowling out in ohio and we both studied with greg little um over there and did our mfas and computer art together th,335.96
interview-021,Victor Acevedo,vector based,0.69,", old digital drawings from, you know, 99 to 2004 that were vector based and then animating them and adding audio and kind of bringi",4561.52
interview-024,Michael Farmer,Michael Shamberg,0.8,"it with three other people. Marco Vasi. See Louis Jaffe and Michael Shamberg. They should all get credit. Well, after one year of me bei",815.3
interview-025,Verneda Lights,very bright,0.64,"ow, so. The tech expression is community. I find them to be very bright. Very. Beautiful. They're very creative with their wide var",2086.24
interview-025,Andy Wauman,any human,0.8," accountable.  To be accurate and able to create a face for any human being. Regardless of your ethnicity. You know, they should ",3615.66
interview-026,Christina Galbiati,Christina Albu,0.81,"ormances concurrently with brainwave drawings. And to quote Christina Albu, Just as Sobel's video performances involve a gestural dial",1658.5
presentation-001,Discussion,disruption,0.7,e particularly a technique called glitching. glitching is a disruption of an image.  So I start with photographs. I use photograph,1324.84
presentation-001,Ann Shapiro,and share,0.7,"rtant. But the great thing about when you make an art world and share it with the world, I mean an art piece is that it speaks",2396.72
presentation-001,Ann Shapiro,a happier,0.7,We all work differently. That's that's what makes the world a happier place when it can be. Yeah. So any more questions? I'm curi,3146.48
presentation-004,Discussion,distinction,0.67,", maybe techspressionist in spirit, you know, but there's a distinction there. And I think a big reason that I came up with this te",2367.04
presentation-004,Mark Klink,mark like,0.84,"the spirit of the abstract expressionists. So, say I make a mark like that, and then I use these 3D tools in Adobe Illustrator th",2551.36
presentation-004,Mark Walker,mark like,0.8,"the spirit of the abstract expressionists. So, say I make a mark like that, and then I use these 3D tools in Adobe Illustrator th",2551.36
presentation-004,Allen Hirsh,Alan which,0.67,derful and it inspires people and you produce fabulous work Alan which people can see in the moving image program once we get that,2741.44
presentation-006,Reed Hearne,read here,0.8," I needed. I'm not going to go over everything that you can read here. But basically, you know, my continued schooling was headin",2.3
presentation-008,Ben Red,be read,0.86,"age file. Unfortunately, the Reality Studio IVR file cannot be read by current browsers. So this project now exists only in doc",931.2
presentation-009,Peter Borges,Peter Bourget,0.88," That came into. The, the Techspressionist group. I'm named Peter Bourget. Who is based in Brooklyn. And I saw his work. He was one o",3078.46
presentation-009,Mark Klink,mark like,0.84,"osition so I draw on the tablet. A lot of times I'll make a mark like a gestural mark, and then I rotated in space within a vecto",3831.68
presentation-009,Mark Walker,mark like,0.8,"osition so I draw on the tablet. A lot of times I'll make a mark like a gestural mark, and then I rotated in space within a vecto",3831.68
presentation-009,Verneda Lights,Vernaida Light,0.86,"there's Vernaida, Vernaida Light is the last one that I see on there.",5121.04
roundtable-001,Nina Yankowitz,Nina Yankovic,0.81,"el Rees, Christine Schooley, Nina Sobell, Anne Spalter, and Nina Yankovic.  I'm going to close this monologue, hopefully it wasn't to",3.0
roundtable-001,Michael Strevens,Michael Rhee's,0.8," So we have different media. So in the center here, we have Michael Rhee's augmented reality work relating to sculptural work. And the",737.24
roundtable-001,Nina Yankowitz,Nina Jankowicz's,0.8," animated as well. In fact, in your fly-through, you showed Nina Jankowicz's two-panel animation. And you could only do that digitally. ",1397.64
roundtable-001,Michael Strevens,Michael Rees's,0.8,ntational status. How do they interact with the real world? Michael Rees's work is a perfect example of that. And I would not say that,1710.2
roundtable-001,Divine Bradley,Davante Bradley,0.83,"e to me, it describes what I'm doing. There was one artist, Davante Bradley, Davo, who came in and he was the moderator of most of our ",1895.84
roundtable-002,TinTin23x,Tintin,0.8,"ou this. And this is a graphic novelist who did the beloved Tintin books. So this one here, this particular brush is Tibetan. ",361.54
roundtable-002,TinTin23x,Tintin,0.8, I was holding this mirror picture up. Your repeated use of Tintin in catching the vase. Right. Yeah. And I think that's why I,979.06
roundtable-004,Steve Miller,see later,0.67,"dical checkup by X-raying the flora and fauna, which you'll see later. So one of the you know, what happens in this, you know, le",86.38
