word,times,recordings,suggestion,type,example (recording),example context
th,418,109,,"check: unusual word, term or non-English",salon-009,"that out after the fact.  Today is January 19th, 2021. My name is Davonte Bradley, otherwise"
ipad,170,64,iPad | pad,likely misspelling / mishearing,salon-009,ture of me and a couple other people with an ipad and we're interacting with what is like a ve
iphone,140,55,iPhone | phone | iPhones,likely misspelling / mishearing,salon-008," screen. Okay. So, I photograph them with my iPhone, because I like the lack of detail. And, and"
coworking,46,15,cowering,likely misspelling / mishearing,salon-072,bout the idea of having some kind of virtual coworking time. Just maybe if this time works actually
nd,37,23,Ned | nod,likely misspelling / mishearing,salon-009,ne. And here's an example. Today's January 22nd. I'm going to be interviewing Colin this Fri
icolorama,31,10,,"check: unusual word, term or non-English",salon-014,"e interested in an app that's super deep, is iColorama. I've taken at least two or three classes in"
leonard,20,11,Leonard | Leonardo | leopard,likely misspelling / mishearing,salon-017,"h. Just a footnote. Roy Rogers real name was Leonard Sly. See, he wasn't real.. And I know he had"
bernada,18,7,Brenda,"check: unusual word, term or non-English",salon-055,e'll see. All right. Moving right along with Bernada.
pokemon,14,6,Pokémon | Pokemon | packman,likely misspelling / mishearing,salon-012,e NFC they're like the digital equivalent of Pokemon cards and I was talking to someone recently 
monoprint,14,6,mono print | mono-print,likely misspelling / mishearing,salon-009, these are all prints this one particular is monoprint monotype and screen print just kind of explo
memetics,14,9,memetic | mimetic | emetics,likely misspelling / mishearing,salon-013,"we call internet means.  You know, there was memetics, which was, you know, started by this guy, R"
ipads,14,11,iPads | iPad's | pads,likely misspelling / mishearing,salon-013,t of video and present things on iPhones and iPads. I use the LED matrixes to present some work
io,14,12,ion,likely misspelling / mishearing,salon-011,ith Playboy. I've been working with Playform.io along with people like and Spalter. And I ju
abex,14,10,apex | Abel | abet,"check: unusual word, term or non-English",salon-008,and all of those sort of groups preceded the abex painters but it's all sort of the same tradi
solomon,13,2,Solomon | Salomon,likely misspelling / mishearing,salon-110,ocation in western Iran called the throne of Solomon. Takhte Soleiman. This project allowed me to
lable,12,1,label | table | able,likely misspelling / mishearing,salon-086,t there.  And I'm just going to say the name lable. And I'm just going to say the name lable. A
ios,12,9,its | is | iOS,"check: unusual word, term or non-English",salon-008," for ArtPot, A-R-T-P-O-T, I know it's in the iOS app store and I believe on Google Play, is i"
gallerist,12,10,galleries | gallerias | gallerists,likely misspelling / mishearing,salon-011,at that and see what it's like. I have had a gallerist up here who seems somewhat interested. I'm h
cubicomp,12,3,,"check: unusual word, term or non-English",salon-020,just a crop. There's me in 85 working on the Cubicomp system on a PC clone. Here's some other crop
viscom,11,1,Viacom | viscous | viscose,likely misspelling / mishearing,salon-088," AI tools useful for jewelry design, such as Viscom, Leonardo.  AI, and Bing image Creator, and "
unshare,11,10,unsure | unshared | unswore,"check: unusual word, term or non-English",salon-010,one. And I think that's it. So I will try to unshare my screen here. I can figure out how to stop
morphic,11,4,morphia | morphemic | Orphic,likely misspelling / mishearing,salon-008,gree too. It's a language. And a language is morphic. Language grows. Brings things in from other
imovie,11,4,movie | iMovie | iMovies,likely misspelling / mishearing,salon-016,the Leap Suite.  I am learning and I'm using iMovie and Premiere. Just bought a new laptop so I 
glbs,11,1,gabs | gobs | gibs,"check: unusual word, term or non-English",salon-110, of the exhibition. So these are some of the GLBs I made from real pictures. I also created se
js,10,5,is | us,"check: unusual word, term or non-English",salon-010,it's creative coding using open processing P5JS language. And so it's incorporating a variet
idma,10,2,imma | idea | ima,"check: unusual word, term or non-English",salon-045,ve any information you could share about the IDMA show too.
vanitas,9,2,vanities | vanity's | Danita's,likely misspelling / mishearing,salon-077,"t, mapping. And here are several more of the vanitas in a Petri dish, and you know that vanitas i"
telerobotic,9,4,tele robotic | tele-robotic,likely misspelling / mishearing,salon-033,rico maresca gallery its key component was a telerobotic camera alice's eye and alice's eye was mount
jenna,9,2,Jenna | Jenny | henna,likely misspelling / mishearing,salon-034,d of the video we're going to get to that so jenna we're going to have to say for that so jenna
ity,9,7,it | its | qty,likely misspelling / mishearing,salon-008,e find my Instagram. Okay. Okay. Okay. Okay. ity. Just let the other members know where you'r
iphones,9,9,iPhones | iPhone's | phones,likely misspelling / mishearing,salon-013,n. I do a lot of video and present things on iPhones and iPads. I use the LED matrixes to present
fx,9,5,vex,"check: unusual word, term or non-English",salon-034,mint. But now you have object.com.  You have FX hash. I think is the latest one. I mean obje
flipbook,9,2,flip book | flip-book,likely misspelling / mishearing,salon-089,is something that I'd never seen before in a flipbook.  And it's a way that video can be incorpora
colour,9,7,color | cooler,likely misspelling / mishearing,salon-042,d forms that I used are very lush. And I use colour expressively. I use it extravagantly. And it
oldtape,8,1,old tape | old-tape,likely misspelling / mishearing,salon-020,of thing you're gonna get in the case of the oldtape. And that's the kind of thing you're gonna g
diamondscapes,8,7,diamonds capes | diamonds-capes,likely misspelling / mishearing,salon-009,the 911 memorial museum it's one of my first diamondscapes about finding hope when all is lost and I ta
degrasse,8,5,deGrasse | degrease | degreases,likely misspelling / mishearing,salon-038,and this book I was lucky enough to get Neil deGrasse Tyson. To write the forward for the book. So
alhambra,8,2,Alhambra,likely misspelling / mishearing,salon-068,"ening in Islam. You know, take a look at the Alhambra, take a look at what was going on in China a"
skelly,7,2,Kelly | Shelly | smelly,likely misspelling / mishearing,salon-031,"ly, that's a good place we'll go we'll go to Skelly bots. So, I've started doing a lot of digita"
neo-expressionist,7,6,net-expressionist | ned-expressionist | nee-expressionist,likely misspelling / mishearing,salon-020,I'm doing a lot of study of the you know the neo-expressionist movement you know like what you were involve
neo,7,7,new | net | nee,"check: unusual word, term or non-English",salon-020,"t work, but I wanted, it was also the age of neo expressionism, late seventies and early eigh"
munich,7,3,Munich | munch,likely misspelling / mishearing,salon-024,"bs and, like, our record label is owned by a munich. It's like a munich company. We're like a mu"
ipod,7,4,iPod | pod | bipod,likely misspelling / mishearing,salon-021,"id I get to digital? Well, in 2010, I had an iPod Touch and I found that I could hold it in th"
gen,7,6,get | ten | gee,"check: unusual word, term or non-English",salon-030,o look at art with fresh eyes by providing a Gen Z female perspective of a woman depicted in 
einstein's,7,5,Einstein's | Feinstein's | Weinstein's,likely misspelling / mishearing,salon-042,scientist Emmy Noether mathematically proved Einstein's theory of relativity. She changed quantum ph
crit,7,4,grit | crib | writ,"check: unusual word, term or non-English",salon-049,"e for our salons to do sort of an old school crit, you know, and have people sign up in advanc"
wordpress,6,5,Wordpress | warders | word press,likely misspelling / mishearing,salon-008,"ge. Yeah, totally. And there's a lot of nice WordPress plugins too, that allow you to embed playlis"
sumi,6,4,semi | sumo | sums,"check: unusual word, term or non-English",salon-015,h of work that I did during grad school with sumi inc and sort of based around the idea of sho
sofia's,6,1,Sofia's | Sonia's | sofas,likely misspelling / mishearing,salon-015,going from. What is it? Basically going from Sofia's from my piece. Then morphing into Sofia's pi
presup,6,6,press | pressure | prep,"check: unusual word, term or non-English",salon-019,st do here here's a very quick video of that presupích So that gives you an idea of that.  That 
porth,6,1,porch | worth | north,likely misspelling / mishearing,salon-050, that's do you have one more question at the porth dollars in and the porth fall at the porth d
plein,6,4,plain | Klein,likely misspelling / mishearing,salon-009,"ike, why am I using this as opposed to doing plein air watercolor, which I'm personally perfect"
nother,6,5,another | mother | other,likely misspelling / mishearing,salon-050,d going into Kuntz Matrix. So that's a whole nother medium going online into the museum interfac
alice's,6,3,Alice's | slices | slice's,likely misspelling / mishearing,salon-033,y its key component was a telerobotic camera alice's eye and alice's eye was mounted on a wireles
yous,5,3,you | your | yours,likely misspelling / mishearing,salon-021,s what I have. And here are some of my thank yous. Basically everybody here today gets a thank
unlockable,5,3,unlock able | unlock-able,likely misspelling / mishearing,salon-012,interesting about Rarible is it accommodates unlockable content. So you can provide a URL which gets
transmedia,5,5,,"check: unusual word, term or non-English",salon-099," separate, such as, you know, games, VR, AR, transmedia storytelling, web, theater, dance, and, you "
transhumanism,5,1,,"check: unusual word, term or non-English",interview-028,"t online. You know you have this interest in transhumanism, and I was kind of wondering if you could so"
skele-bots,5,2,stele-bots,likely misspelling / mishearing,salon-031,hese things are just fun. I think about like skele-bots. It's just that art. It shows skill and show
semic,5,3,semi | semis | semi's,likely misspelling / mishearing,salon-009," the Codex Seraphinist, that, you know, is a semic, you know, with, you know, that's kind of be"
recontextualize,5,4,decontextualize,likely misspelling / mishearing,salon-020,has new tools to describe it they can almost recontextualize the work and yeah that's a little mind-blowi
nipdicks,5,2,,"check: unusual word, term or non-English",salon-068,"o work. So these are, I call them the CanCon nipdicks. That's what we, CanCon is the word that the"
neo-expressionists,5,5,net-expressionists | ned-expressionists | nee-expressionists,likely misspelling / mishearing,salon-014,"y for us to you know who might be considered neo-expressionists, not working with technology, but certainly "
neo-expressionism,5,5,net-expressionism | ned-expressionism | nee-expressionism,likely misspelling / mishearing,salon-014,eptually I'd like to think it picks up where neo-expressionism leaves off that is you know artists like bos
neftorian,5,5,Nestorian,likely misspelling / mishearing,salon-030,"  So I put the link in the chat. It's called Neftorian. Possibly in a couple weeks, maybe I'll like"
mycography,5,2,,"check: unusual word, term or non-English",salon-021,"with some gradients.  The manuscript has the mycography, little writing, which conceptually is like "
monoprints,5,4,mono prints | mono-prints,likely misspelling / mishearing,salon-012,nd of played around with the idea of digital monoprints on canvas. But nothing really felt right unt
kun's,5,1,runs | Ken's | sun's,"check: unusual word, term or non-English",salon-009,wanted to contribute or just having had used kun's matrix also I was just gonna mirror that kin
gigapixel,5,5,,"check: unusual word, term or non-English",salon-017,"and that is really tough. Yes. Yes. So I use gigapixel from Topaz Labs.  And it, it takes some prac"
diamondscape,5,4,diamonds cape | diamonds-cape,likely misspelling / mishearing,salon-009, switch to chrome to just go inside here's a diamondscape it's at a museum there's a picture of me and
crits,5,5,cries | grits | crates,likely misspelling / mishearing,salon-088," I did all of the software teaching in group Crits, I mean. So you'd bring it up. And I'd say, "
un-american,4,2,un-American | un-americas | un-americano,likely misspelling / mishearing,salon-015,seum contexts and this is another one called un-American Unfamous was positing the idea that it's un-
threed,4,2,three | thread | threes,likely misspelling / mishearing,salon-077,e to show this is the fun of navigating in a threed space. But A.  As I get. Closer to the wall 
texpressions,4,1,expressions | expression's,likely misspelling / mishearing,salon-034,twitter account which is under the handle at texpressions and that twitter account has a!  Banner that
soundcloud,4,2,Soundcloud | sound cloud | sound-cloud,likely misspelling / mishearing,salon-011,"e loud parts. So, and if you've ever been to SoundCloud or even just typed in Soundwave art, that's "
sheroes,4,2,heroes | sherries | she roes,likely misspelling / mishearing,salon-029,"lture, cultural issues on championing unsung sheroes which is something I'm very involved with no"
savantism,4,1,savants,likely misspelling / mishearing,salon-037,"uired savant, and a cynist. What is acquired savantism? Some might know, some might not. But basica"
sai,4,3,as | saw | say,"check: unusual word, term or non-English",salon-010,a is very similar to Photoshop or Paint Tool Sai or any other... A piece of digital painting 
rumore,4,2,rumors | rumor | rumored,likely misspelling / mishearing,salon-018,"ou're seeing there are what he called intono rumore, or sound generators. And the audience was f"
prokofiev's,4,2,,"check: unusual word, term or non-English",salon-057,"ion that I made in 2,021. The title of it is Prokofiev's cave and it's about losing your mind, losing"
phil,4,2,Phil | phi | pail,likely misspelling / mishearing,salon-093, reason that I chose to do this work is that Phil. His whole life was a very early transplant 
panoramics,4,3,panoramic,likely misspelling / mishearing,salon-015,o. So I had another show with another set of panoramics and printed those on. Okay. Printed this pan
obscura,4,4,obscure | obscurer,likely misspelling / mishearing,salon-033,d the following is from an article in Camera Obscura Journal 2020 telepathic brainwave drawings w
neuro,4,3,near | Nero | euro,"check: unusual word, term or non-English",salon-083," my Galileo series. Cardboard box, a ceramic neuro frame. Now. Vinchets netting is a vegetable "
muchas,4,4,mochas | mutes | much-as,likely misspelling / mishearing,salon-018,the collab project going you know definitely muchas gracias on that no problem I like to think o
marissa,4,2,Marisa | Larissa | Carissa,likely misspelling / mishearing,salon-037,r the internet and a colleague of mine named Marissa Olson did these pieces where she did drawing
machinima,4,1,,"check: unusual word, term or non-English",salon-106,"scans of big baobab trees. And I created the machinima, liquid forest, with a song creation of Gaël"
kilovoltage,4,1,kilo voltage | kilo-voltage | kilovolt age,likely misspelling / mishearing,salon-032, CT scanning mode. That means you have a low kilovoltage acquisition blended with a high kilovoltage 
ities,4,3,ties | cities | sties,likely misspelling / mishearing,salon-012,you'll see that these are the results of the ities.. These are things that you would never see 
guernica,4,1,Guernica,likely misspelling / mishearing,salon-035,. This was a very interesting one I typed in guernica as a street fight. And I don't know whether 
garde,4,4,grade | garden | grad,likely misspelling / mishearing,salon-022,"oned cubism, photography. Being in the avant garde is actually where you want to be, I think, I"
fidgetal,4,1,fidget | fidgets | fidgety,likely misspelling / mishearing,salon-098,e artist list is there. And today's topic is Fidgetal.  And I'll just read you a little definition
epiphanous,4,3,epiphanies,likely misspelling / mishearing,salon-029,"erface, a metaphysical snapshot of a joyful, epiphanous frenzy.  Note the refractive smoke bubble pi"
ecopsychology,4,1,,"check: unusual word, term or non-English",salon-063,t a lot some of you know my background is in ecopsychology so I'm always interested in how they work ho
colorama,4,4,Colorado,"check: unusual word, term or non-English",salon-061,quares were a brush that is in the program I colorama there are a number of hundreds of brushes th
banksy,4,4,Banksy | banks | bank's,likely misspelling / mishearing,salon-025,it. But if you want me to- It's the month of Banksy. Why not keep it going? If you want to be ad
wird,3,2,word | weird | wild,"check: unusual word, term or non-English",salon-046,"omes from the, it comes from the German word wird. Which, you know, the three, you know, the f"
vaporwave,3,2,vaporware | vapor wave | vapor-wave,likely misspelling / mishearing,salon-107,"it became a YouTube channel mostly featuring Vaporwave. At some point, I even leased a broadcast TV"
tter,3,1,tier | utter | otter,"check: unusual word, term or non-English",salon-036,"e to New York. And as you can see, this is Mütter. I did in almost two years before. Yeah. Thi"
transdisciplinary,3,3,,"check: unusual word, term or non-English",salon-018,"t is Uli Ap, hailing out of the UK. She is a transdisciplinary artist working at the intersection of art, s"
tractography,3,1,,"check: unusual word, term or non-English",salon-032," Ducreux. And very interestingly, he uses MR tractography. This is a specific MR technique that knows "
tos,3,1,too | top | ton,"check: unusual word, term or non-English",salon-059,lso the case like even even if you do sign a tos in terms of service and people agree to the 
techy,3,2,tech | techs | techie,likely misspelling / mishearing,salon-095,"e of us, like people say, oh, Raj, you're so techy. Had nothing to do with like knowing how to "
techism,3,1,techies,likely misspelling / mishearing,salon-036,ad slight discussion about a movement called techism from Krista Kim was a founder. I've personal
synthropic,3,1,,"check: unusual word, term or non-English",salon-102," York City. Each walk highlights a different synthropic animal, and you might ask yourself, what are"
synergetics,3,2,synergetic,likely misspelling / mishearing,salon-020,"d about through Fuller's writings, you know, synergetics, it's important. So I went through different"
stevemiller,3,3,,"check: unusual word, term or non-English",salon-011," a matter of fact, I got my internet. I have stevemiller.com, if you can imagine that. And that's bec"
squarespace,3,1,square space | square-space | squares pace,likely misspelling / mishearing,salon-077,"sing imguire, or for in my case I'm using my squarespace account and I've got all my images saved on "
sketchfab,3,1,,"check: unusual word, term or non-English",salon-110,und the lake those are glbs that I used from sketchfab I didn't make it myself because I was new to
seward,3,1,Seward | reward | steward,likely misspelling / mishearing,salon-012, know if any of you have been there but it's seward johnson's sort of pet project he was he fanc
serratium,3,2,serration | seriatim,"check: unusual word, term or non-English",salon-021,"pretty representational. So working with the serratium, I put in backgrounds from my earlier painti"
rockable,3,2,Rockwell | lockable | rock-able,"check: unusual word, term or non-English",salon-090," finished doing my presentations, I made the rockable, the movable ceiling, the cones, balloons, a"
raz,3,3,ran | raw | ray,"check: unusual word, term or non-English",salon-039,Getting back to what raz and david and lee were talking about the eph
rareable,3,3,rare able | rare-able | rarefiable,likely misspelling / mishearing,salon-014,es the same same thing I have two minutes on rareable and like 13 or 17 semi you know on open c wa
plov,3,2,plot | plow | ploy,"check: unusual word, term or non-English",salon-074, Carolina. This is a wonderful hot table and plov.  Make your own plov bowl. So I'm just givin
pigmentosa,3,3,pigments,likely misspelling / mishearing,salon-037, some health issues myself. I have retinitis pigmentosa and glaucoma. And so what happens is that I 
photoliminalism,3,2,,"check: unusual word, term or non-English",salon-027,"ied my digital, my technological photography photoliminalism.  And our book came out in 2020, in October "
pandemia,3,2,pandemic,likely misspelling / mishearing,salon-032,really have an idea about this quantity of a pandemia. Yeah. And then I thought I have to do an ar
ossevato,3,1,,"check: unusual word, term or non-English",interview-021,rking on for three to four years and we call ossevato in context which is a career survey from 77 
orific,3,1,,"check: unusual word, term or non-English",interview-021,o make. I didn't know how he made these zoom orific tessellation so I made. I went there every d
nonfungible,3,1,non-fungible | non fungible,likely misspelling / mishearing,salon-017,"ar? SuperRare. SuperRare. I mean, go look at nonfungible.com and tell me the sales of each and every "
neptorian,3,2,Neptunian | Nestorian,"check: unusual word, term or non-English",salon-031,hey've been working together on this project neptorian so I'm just going to read what you have to s
negeen,3,1,neg.,"check: unusual word, term or non-English",salon-026,avebes we have going to havearazally we have negeen and brandon's I believe yes yep yes like
mem,3,1,me | mom | nem,likely misspelling / mishearing,salon-055, platform. The app I use that I can actually mem my music so I can start from presentation. Y
medianstream,3,2,median stream | median-stream,likely misspelling / mishearing,salon-072,"ured works on our website. The website is 150medianstream.com. And on the archive page, there's a lot "
mccluhan,3,2,,"check: unusual word, term or non-English",salon-048,You know this is this is mccluhan you know in other words it's like you know i
mainnet,3,2,Maine | main net | main-net,likely misspelling / mishearing,salon-014,re you know that are written to the ethereum mainnet blockchain and that particular document if y
madison,3,2,Madison | Maddison,likely misspelling / mishearing,salon-046,ign but they're currently having an event at madison uw madison the day we are so we're not you k
lorraine,3,2,Lorraine | Loraine | loraine,likely misspelling / mishearing,salon-019,in cleveland and here I had bird counts from lorraine county which is where I live I had a bird co
lightbox,3,3,Lightbox | light box | light-box,likely misspelling / mishearing,salon-013," one was shown in New York in a place called Lightbox, I think it's called. And so it was projecte"
interschool,3,2,inter-school | inter school,likely misspelling / mishearing,salon-088," all artworks exhibited online second event. Interschool expressionist, digital collaborative project"
generativity,3,3,generatively,likely misspelling / mishearing,interview-006,"t this point is, you know, AI and glitch and generativity and all these sorts of things, which is kind"
ganas,3,2,gains | Dana's | gainers,likely misspelling / mishearing,interview-006,ng that and spalter is working with and carl ganas and so the thing is then carl ganas and intr
freakers,3,1,freaks | breakers | freezers,likely misspelling / mishearing,salon-076,erience of it and then there were also these freakers that I think the that originated I just actu
fran,3,3,Fran | ran | fren,likely misspelling / mishearing,salon-031,"e with that oh yeah question from michael hi fran michael price Let me see.  Well, maybe a que"
favourite,3,3,favorite,likely misspelling / mishearing,salon-033,I minted back in February and it's one of my favourite pieces. It's kind of about the power of the 
epigenetics,3,2,epigenetic,likely misspelling / mishearing,salon-056,"source material is emotional in the sense of epigenetics. I believe we all.  Have imprints, generatio"
electronism,3,1,electrons,likely misspelling / mishearing,salon-107,eans and modern technology. My art is called electronism.  My style freely borrows from pop culture a
digitality,3,3,digitally,likely misspelling / mishearing,interview-004," of art as a physical entity and virtuality, digitality. And I think it's this third space which is "
digitalism,3,1,digitalis | digitalis's,likely misspelling / mishearing,salon-054,hat term. And along in there was the idea of digitalism. Digitalism doesn't sound as artistic as tax
davobradleyart,3,1,,"check: unusual word, term or non-English",interview-005,yet but the majority of my artwork is at www.davobradleyart.net my instagram is also davobradleyart my f
chet,3,1,Chet | chat | chef,likely misspelling / mishearing,salon-100,ato actually proofread our the uzbek because chet without being able to read it because chet G
artbase,3,2,artless | art base | art-base,"check: unusual word, term or non-English",salon-016, check it out. It's I think it's rhizome.org.artbase or it's artbase.rhizome.org.  Yeah. They jus
youtubers,2,2,you tubers | you-tubers,likely misspelling / mishearing,salon-028,ke personalized like you'll see like popular youtubers endorsing a product like a brand will reach 
xp,2,2,,"check: unusual word, term or non-English",salon-019,running it on a mac that was running windows xp oh my what I had and so I recoded much of it
wozniak,2,1,Wozniak | wooziness,likely misspelling / mishearing,salon-076,m but the inventor of the blue box was steve wozniak designed and built by steve wozniak and mark
wachowski,2,2,,"check: unusual word, term or non-English",salon-032,"uld say. This is a friend of mine, Christoph Wachowski, who did this painting actually with colored"
vqgan,2,2,vegan,likely misspelling / mishearing,salon-035,m but the search term would be would be this vqgan plus clip yeah okay that would be the search
vpn,2,2,von | van | vin,"check: unusual word, term or non-English",salon-015,t's hard to buy Tezos or Tez. You may need a VPN if it's not available where you are. I see. 
volun-telling,2,1,,"check: unusual word, term or non-English",salon-038," blasts. I mean, we might just have to start volun-telling people. All right. Victor, you're presenting"
vishwati,2,2,,"check: unusual word, term or non-English",salon-008,s and master's degree in textile design from vishwati shantiniketan at west bengal india it is fou
vfriends,2,1,friends | friend's,likely misspelling / mishearing,salon-049,"ly Christiana Paul retweeted something about vFriends, like is vFriends art or not? And I think he"
verneta,2,3,Verne,likely misspelling / mishearing,salon-060,ons are kind of like and I was speaking with verneta about this you know there's a lot of people 
variousartistrecords,2,1,,"check: unusual word, term or non-English",salon-109,"the wrong, the, the, the wrong URL. It's www.variousartistrecords.com.  And there is information about my show"
ultraspace,2,2,ultra space | ultra-space | ultras pace,likely misspelling / mishearing,salon-081,"derstanding what happens in Alt, it's called ultraspace. So what happens in outer space and let most"
tweening,2,2,tweeting | twinning | twining,likely misspelling / mishearing,salon-064," to create the animation by a process called tweening, where each one of these elements is in a di"
tronics,2,2,trunks | tropics | tonics,"check: unusual word, term or non-English",salon-088," think 80, 85, or something like that on our tronics that predated The color, Max."
trevor,2,3,Trevor | tremor | trover,likely misspelling / mishearing,salon-014,different people but there's an artist named trevor jones who you know if you google him you'll 
techpresso,2,1,,"check: unusual word, term or non-English",salon-109,"it, I'm gonna try to pronounce it correctly, techpresso.  Have any of you heard of techpresso? Let m"
tandy,2,2,Andy | candy | handy,likely misspelling / mishearing,salon-048, computer engineer actually I was I was with tandy corporation I was in their qa thing and then
sperberg,2,2,,"check: unusual word, term or non-English",salon-040,gazine called electronic directions by roger sperberg and they had interviewed al gore who had jus
sobre,2,1,sober | sore | sorb,likely misspelling / mishearing,salon-057,ar remains una fresca da huge preocupaciones sobre humans ¿ influenza world en medio de toda es
skelebots,2,1,,"check: unusual word, term or non-English",interview-013,is completely okay cool so the deal with the skelebots is like I said this is kind of my way to dif
shopify,2,1,Shopify | choppily,likely misspelling / mishearing,salon-084,integrate directly with other platforms like shopify Etsy. Also through. There's sort of like a c
shlane,2,1,Shane | shale | silane,likely misspelling / mishearing,salon-052,ther hard sciences are anchored to this rock shlane tells us revolutionary art and visionary phy
shakti,2,1,shake | Shasta | shaky,"check: unusual word, term or non-English",salon-024,s one of the theme for one exhibition called shakti shakti means power so we have one goddess is
seratium,2,1,seriatim,likely misspelling / mishearing,salon-084,"f paper, and I started drawing, and that's a seratium, a kind of plankton. And there's the Seratiu"
segs,2,1,sets | legs | sees,"check: unusual word, term or non-English",salon-009,"verybody. Yeah, and they kind of, it kind of segs, thanks Davo, it kind of segs because into t"
sedent,2,1,sediment | sedan | sedans,likely misspelling / mishearing,salon-107,"to make any changes. And after that, I use a sedent or a cling. It's really nice to work.  It's "
scooch,2,2,scotch | smooch | scorch,likely misspelling / mishearing,salon-074,", here's one of my pieces. I'm just going to scooch a little bit forward, because the thing I wa"
schmidt,2,2,Schmidt | Schmitt | stemmed,likely misspelling / mishearing,salon-020," did a collaboration with my friend, Bastien Schmidt, at the Southampton Art Museum.  And my piec"
schlain,2,2,Stalin | Sakhalin | stallion,"check: unusual word, term or non-English",salon-051,called again art and physics yeah by leonard schlain I'll put it in the chat it's
schaefer,2,2,Schaefer | Schaffer | Schafer,likely misspelling / mishearing,salon-041,"ect that I worked on with a guy named Nathan Schaefer, who's now doing climate-based comic books w"
runer,2,1,ruler | runner | tuner,likely misspelling / mishearing,salon-035,"ustria. During that time, I went to a lot of runer and castle.  And the runer I saw a fight goa"
rugpano,2,1,,"check: unusual word, term or non-English",salon-024,"nother aspect of this that some of the older rugpano people. Talk about is like here where. Oh, i"
ros,2,2,row | pros | aros,"check: unusual word, term or non-English",salon-013,know working in an agency so I've been there ros has been there you know I mean yeah that's w
rory,2,2,Rory | Roy | Tory,likely misspelling / mishearing,salon-008,now the piece I think it was Michael Pointer rory rogers and you know there are things in ther
rocco,2,2,Rocco | Rocio | rococo,likely misspelling / mishearing,salon-032,". For instance, this beautiful painting from Rocco Valente from Italy shows this gentleman with"
robertson,2,1,Robertson | Roberson,likely misspelling / mishearing,salon-067,he difference between the truth or the lie.  Robertson.com robertson.com pretty interesting. Moce a
rewilding,2,1,rewinding,likely misspelling / mishearing,salon-046,edia okay so in other words the idea of like rewilding spaces or then how can we how can we you kno
renat,2,2,rent | Rena | Renae,likely misspelling / mishearing,salon-057,"ommunicated well enough. So thank you again, Renat. All right, moving right"
rec,2,2,red | rep | sec,"check: unusual word, term or non-English",interview-029,"o the band, so… I have no idea where all the rec… you know?"
realised,2,1,realized,likely misspelling / mishearing,salon-107,fixed but fluttering from one to the next. I realised that this was my architectural training. Wit
rationism,2,1,rations | rationalism,likely misspelling / mishearing,salon-014, know like I think that the initial show tax rationism 2021 you know the nft show sort of just came
rabboni,2,2,ribbon | ribbony,"check: unusual word, term or non-English",salon-032,"And I draw. I draw from the shoulder. And my Rabboni continuously interrupted me and said, just c"
presuprisk,2,1,perspires,"check: unusual word, term or non-English",salon-029,efore sharing accessibility features such as presuprisk presuprisk at Bowling Green State University
presuplegacy,2,1,,"check: unusual word, term or non-English",salon-026," very, it's very, very interesting. Yeah. I, presuplegacy was sort of where we left off about how many"
preocupaciones,2,1,,"check: unusual word, term or non-English",salon-057,aver navigate tar remains una fresca da huge preocupaciones sobre humans ¿ influenza world en medio de t
precarity,2,1,precocity,"check: unusual word, term or non-English",roundtable-002,"t's kind of representative of this moment of precarity that we do have, that we're all sensing, whe"
polycast,2,2,polecats,"check: unusual word, term or non-English",salon-075,ecorded interview with Helen Harrison of the Polycast recently. And Patrick Lichty sort sort of ca
politicals,2,2,political | politically,likely misspelling / mishearing,salon-041,as far as and being kind of cognizant of the politicals going on here about doing anything about the
pocus,2,2,focus | locus | pouches,likely misspelling / mishearing,salon-089," to that technology or did you do some hocus pocus, something else? No, no. There's a couple of"
patlichty,2,1,,"check: unusual word, term or non-English",presentation-007,her initiatives in Uzbekistan. My website is patlichty.com and neginete.com and we currently live i
parabolics,2,1,parabolic,likely misspelling / mishearing,salon-082,"ad. I had one for a long time, the one those parabolics that you, you put over something, and you it"
paperwhites,2,1,paperweights | paper whites | paper-whites,"check: unusual word, term or non-English",salon-025,l get that sort of functionality because the paperwhites are like really scaled down bare bones versi
oppressionism,2,1,oppressions,likely misspelling / mishearing,salon-054,"his idea, you know, and ultimately, like tax oppressionism is just a word. It's just a term that's, you"
olson,2,2,Olson | Olsen | orson,likely misspelling / mishearing,salon-037,ternet and a colleague of mine named Marissa Olson did these pieces where she did drawings from
objectness,2,1,objectless | abjectness,likely misspelling / mishearing,salon-034,"now, I think it's interesting to think about objectness and rarity. Like I've seen some things where"
non-american,2,1,non-americano | non-americas,likely misspelling / mishearing,salon-071, a non. That's a very U.S. Centric term in a non-American node. Because Lee is also in a non-American 
nintendo,2,2,Nintendo,likely misspelling / mishearing,salon-009,like this one is you know baby jesus playing nintendo on mary probably a little sacrilegious to so
nihilismo,2,1,nihilism | nihilism's | nihilisms,likely misspelling / mishearing,salon-045,asically this was my very first piece batman nihilismo of I believe of 2021 to my most recent creat
nevermind,2,5,never mind | never-mind,likely misspelling / mishearing,salon-018,"hink, essentially. No, no, I didn't miss it. Nevermind.  It's, it's, I wasn't actually expecting th"
neginete,2,1,,"check: unusual word, term or non-English",presentation-007," Uzbekistan. My website is patlichty.com and neginete.com and we currently live in Winona, Minneso"
mudras,2,1,madras | Audra's,likely misspelling / mishearing,salon-033,"t to take up too much time. Oh, I have these mudras. These are yoga mudras. Oh, and I have them "
mudd,2,1,Rudd | Judd | mud,"check: unusual word, term or non-English",salon-110,"was asked by Rodolfo Peraza, who is from the Mudd Foundation. And you can go and find it at mu"
mindscapes,2,2,minds capes | minds-capes,likely misspelling / mishearing,salon-087,reality to that end I create seen and unseen mindscapes and landscapes.
milan,2,2,Milan | Milano | Ilan,likely misspelling / mishearing,salon-050," recently exhibited in the Mads galleries in Milan, Italy and in the Canary Islands.  Now when "
mes,2,1,yes | met | men,"check: unusual word, term or non-English",salon-068,ctures I took this summer at the museum in Nîmes.  There's a Roman museum in Nîmes. It's wond
mccoys,2,1,McCoy | McCoy's,likely misspelling / mishearing,salon-045,ve art blockchain experience.  Then also the McCoys Jennifer and Kevin McCoy from you know they'
mccluhan's,2,2,,"check: unusual word, term or non-English",salon-048,ou know in other words it's like you know in mccluhan's if you're not into marshall mccluhan he had 
mazelon,2,1,Massillon,"check: unusual word, term or non-English",salon-021,"ommentary back and forth about the nature of mazelon, whether it's something that's astrological "
maritz,2,2,Martin | Marita,"check: unusual word, term or non-English",salon-071,"a good thing.  You know, I'd encourage well, Maritz is the only one here, I believe, who's in an"
marie,2,2,Marie | Maria | Mario,likely misspelling / mishearing,salon-107,ents. And my birth name was Jean Tardy. Jean Marie Tardy. So you'll see a lot of my credit for 
mandel,2,3,Mandela | Manuel | Handel,likely misspelling / mishearing,salon-088,"al guest, moderate moderator here, Malavika. Mandel Andrew, who is here with us from India, with"
malvika,2,2,Malvika,likely misspelling / mishearing,salon-047,nvolved in creating some of that's beautiful malvika
lovin,2,1,loving | login | levin,likely misspelling / mishearing,salon-032,Have Tali from Lovin. Hi. Yeah. And my son's just going to come i
lionfish,2,1,lion fish | lion-fish,likely misspelling / mishearing,interview-013,ir trips to the aquarium photo of course the lionfish and all that good stuff oh yeah you gotta ha
lickley,2,2,likely,"check: unusual word, term or non-English",salon-015,actually this stuff has out on out on my pat lickley underscore art you know kind of triggered me
libris,2,2,Liberia | Libra | lib's,"check: unusual word, term or non-English",salon-103,"cts, including the study of the! The of the!!libris.com. She has been a leading researcher in th"
lawrenceville,2,2,,"check: unusual word, term or non-English",salon-009,ia starts with g and I actually I grew up in lawrenceville and lived in norcross before moving to virgi
kyrgyzstan,2,2,Kyrgyzstan,likely misspelling / mishearing,salon-100,in other exhibitions you can see over in the kyrgyzstan state museum so this is dead exhibition is d
kunz,2,2,kuna | kung | kudzu,"check: unusual word, term or non-English",salon-010,just a little bit distant from that yeah the kunz matrix platform does allow for both a mat an
kobe,2,1,Kobe | lobe | robe,likely misspelling / mishearing,salon-097,"here is my contact information. My email, my kobe, arroba, my kobe at gmail. My handle, Garaba"
kinsella,2,2,kindle | kindles,"check: unusual word, term or non-English",salon-031,", so with that, I'm going to introduce Brett Kinsella, who I met recently on the Zoom, through Sko"
kalani,2,2,kaolin | kaoline,"check: unusual word, term or non-English",salon-059,e that right now so if you all are following kalani nicole's eat works it's a consortium of peop
kaha,2,1,haha | aha | Kahn,"check: unusual word, term or non-English",salon-052,"n Santiago remote. Cynthia D Donato, M.D.: E kaha. Cynthia D Donato, M.D.: drew on curgie cell"
juponese,2,1,Japanese,"check: unusual word, term or non-English",interview-005, was like oh when are you gonna message that juponese guy you know and now and then I actually lik
junksmithing,2,2,,"check: unusual word, term or non-English",salon-067,n they used to.  I don't know if you call it junksmithing. Just like going through all the all the cre
joel,2,2,Joel | Joe | Noel,likely misspelling / mishearing,salon-031, your presentation I appreciate it thank you joel pleasure having you back again all right mov
janelle,2,1,Janelle | jangle,likely misspelling / mishearing,interview-013,r sure music is also really influential like janelle monae's music I think I listened to metropol
jaggedy,2,2,jagged | raggedy | jaggery,likely misspelling / mishearing,salon-070,"ated with, I can see there's learning how to jaggedy line. So that led. So after I'd taken some o"
itunes,2,2,iTunes | tunes | iTunes',likely misspelling / mishearing,salon-015, a remix version as well that will be on the itunes app store a little bit retro making making t
ito,2,2,its | into | Tito,"check: unusual word, term or non-English",salon-057,a. I want some nightmare fuel. Look up Junji Ito and his work. He's a horror manga artist and
intono,2,1,into no | intone | into-no,likely misspelling / mishearing,salon-018," what you're seeing there are what he called intono rumore, or sound generators. And the audienc"
imageet,2,1,image | images | imaged,likely misspelling / mishearing,presentation-007,"ligence. Text image generation, for example, imageet16384. All the media found at the internet ar"
icatch,2,2,catch,likely misspelling / mishearing,salon-042,Nice. Thanks. ICatch is next. And the piece is called Shape Shift
hyperallergic,2,1,hyper allergic | hyper-allergic,likely misspelling / mishearing,salon-059,at came out from... Isa was a Sagetovic from Hyperallergic. And I think it just says it all. And I was 
hubbs,2,1,Hobbs | hubby | hubs,likely misspelling / mishearing,salon-077," So hopefully, that's an introduction to the hubbs, Mozilla, world discussion that's coming up "
hipstomatic,2,1,,"check: unusual word, term or non-English",salon-085,"lideshow today. Oh, here we go.  So the just hipstomatic camera app takes a picture Of what does a na"
hemispherium,2,2,hemispheric,likely misspelling / mishearing,salon-019, on the right here is another slide from the Hemispherium in the UK showing the user inside of the bod
hemifacial,2,1,,"check: unusual word, term or non-English",salon-025,"ike my grandmother Deary.  And Deary has the hemifacial mask, which is a theme in synonyms. But she "
healthoftheplanet,2,2,,"check: unusual word, term or non-English",salon-011,"bout selling.  There's a fashion site that's healthoftheplanet.art. And then my company is called Arternal,"
gullamee,2,1,Gulag | gulag,"check: unusual word, term or non-English",salon-056,"ant to learn more, you can go to my website, gullamee.com, G-U-L-L-A-H-M-E dot C-O-M and click on "
guicci,2,1,Gucci | gucci,likely misspelling / mishearing,salon-036,"al Instagram, like, the game character, but, guicci, with, his, like, personally, like, everyday"
glitchism,2,1,glitches | glitchiest,likely misspelling / mishearing,salon-042,berg was saying the early phones gave way to glitchism. And I pushed and I pulled and I went to the
giclee,2,2,girl | Gill | gill,"check: unusual word, term or non-English",salon-029,"this. And then I'll print them out like as a giclee, glue them to wood, and then repeat the proc"
giacomettis,2,1,Giacometti's,likely misspelling / mishearing,interview-026,o the to moma and I remember seeing my first giacomettis when I was like just barely 40 years old and
geotherapy,2,1,,"check: unusual word, term or non-English",salon-041,"s by 800%.  There's this amazing book called Geotherapy, not geoengineering, but geotherapy. And the"
gbt,2,2,get | got | gut,"check: unusual word, term or non-English",salon-067,", for instance, on ios devices for like chat gbt it's all paid Apps you know they're just usi"
gasless,2,1,gases | gasses | gas-less,likely misspelling / mishearing,salon-033,o test with open see is great because of the gasless minting and I love it. I like that. But then
garageband,2,2,GarageBand | garage band | garage-band,likely misspelling / mishearing,salon-103," reason I like working with Suno rather than GarageBand, which is how I used to make all my music. I"
fud,2,1,fun | food | fed,"check: unusual word, term or non-English",salon-055,ur podcast is that whenever we say bring the fud because we have this aversion whenever peopl
flexus,2,1,Lexus | flexes | plexus,likely misspelling / mishearing,salon-037,s see here. Did some things with some of the Flexus artists and things like that. So I've been a
flavella,2,1,flagella | flabella,likely misspelling / mishearing,salon-021,the movement. It's the same hetero sigma and flavella in the water. But it hadn't been filmed for 
ferrell,2,2,Ferrell | Farrell | Terrell,likely misspelling / mishearing,salon-055,"econd component to it. That's going to be on Ferrell File next month, actually. But no, it's stra"
ev,2,2,Eve | Eva | eve,likely misspelling / mishearing,salon-107,together en ancestor studio stuff like these ev Fortnite shockbutton sets which were definit
eurasia,2,2,Eurasia | Eurasian | eurasian,likely misspelling / mishearing,salon-095,center of the old Silk Road and the steps in Eurasia. I'm reading a lot of books that some of the
eronimous,2,1,enormous,"check: unusual word, term or non-English",interview-020,e on the left that comes off the cap is from eronimous bosch from the garden of earthly delights so
ella,2,2,Ella | Bella | hella,likely misspelling / mishearing,salon-108,". So I worked with, a composer, his name was Ella… formal name and real name is Alessandro Fad"
dystopic,2,1,dystopia | despotic | dystonic,likely misspelling / mishearing,interview-018,"nd the music was whirring. And it was a very dystopic moment where I want, where I was looking for"
dowd,2,1,down | Dow | dood,"check: unusual word, term or non-English",salon-046,ia college chicago michael niederman and tom dowd tom dowd was the was the game designer for l
dokey,2,2,okey | donkey | pokey,likely misspelling / mishearing,salon-070,hort that I'm going to show like it you okey dokey thank you so oh okay I think I feel like it 
djsboobie,2,1,,"check: unusual word, term or non-English",interview-016,"l see the books or you can go to my website, djsboobie.com slash books. There's also djsboobie.com "
dino,2,2,Dino | dint | ding,likely misspelling / mishearing,salon-015,e are two Italian poems. Eugenie Montale and Dino Campana. That I really love. Then I started 
datawrapper,2,1,data wrapper | data-wrapper,likely misspelling / mishearing,presentation-003,sting shapes. So using a Microsoft Excel and DataWrapper (https://www.datawrapper.de) which is free s
dakota,2,2,Dakota | Lakota | Dakotan,likely misspelling / mishearing,salon-021, where we worked and where we lived in North Dakota and Dr. In northern Vermont. And I went to t
curatorially,2,2,curatorial,likely misspelling / mishearing,salon-049,"You know, I think that curatorially it would be interesting to look at sort of s"
croppings,2,2,droppings | cropping | crossings,likely misspelling / mishearing,salon-020,comp system on a PC clone. Here's some other croppings of that. It was quite sophisticated at the t
cretinizing,2,2,criticizing,likely misspelling / mishearing,salon-067,ing. Just like going through all the all the cretinizing images and the television commercials and ev
conce,2,2,once | conte | conch,likely misspelling / mishearing,salon-075,g times for us is that we didn't want to use Conce matrix are as we will this we will not be ab
colours,2,2,colors | coolers | color's,likely misspelling / mishearing,salon-035,sh with. But there were two pieces where the colours that he did in his digital piece I had alrea
collageist,2,1,collagist,likely misspelling / mishearing,salon-051," the artistic process, much as a traditional collageist or a digital collageist may incorporate piec"
collaborativeartspace,2,2,,"check: unusual word, term or non-English",salon-072,the website in the chat.  And the website is collaborativeartspace.com slash space. There's also a Google form 
clumpiness,2,1,clumsiness | lumpiness,likely misspelling / mishearing,salon-035,"lanets is that there was a very, very slight clumpiness in the distribution of the energy and ultima"
clich,2,1,click | cliche | cliché,likely misspelling / mishearing,salon-107,"gn and becomes integrated.  And it becomes a cliché, to use another Marshall McLuhan term. But,"
cia,2,2,via | Mia | Tia,"check: unusual word, term or non-English",salon-065,"ial and nefarious, you know, his head of the CIA, I believe, before he was president. George "
chronotype,2,1,,"check: unusual word, term or non-English",interview-016,"tions of time. And a sample is a fragment, a chronotype. Some people call it, you know, instead of a"
chanel,2,2,Chanel | channel | chapel,likely misspelling / mishearing,salon-050,ey do printing for large fashion houses like chanel and they do excellent art paper reproduction
caran,2,2,Cara | carat | Karan,likely misspelling / mishearing,salon-023,", this would be water media. Water color and Caran d'ache. This is one that I completed this su"
caddequez,2,1,,"check: unusual word, term or non-English",interview-021,e I'm we were in salvador dali's hometown in caddequez no I'm sorry in figueres this is hometown bu
brosco,2,1,bronco | brisk | brusk,likely misspelling / mishearing,interview-006,"o I'm living now, you know, near name. Roman Brosco when I was living in the twin cities and I w"
bioprinting,2,1,,"check: unusual word, term or non-English",salon-011,"ics of biology and computation.  I work with bioprinting, 3D bioprinting, and sometimes also before I"
bg,2,2,by | big | bag,"check: unusual word, term or non-English",salon-016, emotions. So these are some NFTs I made for BG Gallery out here in Santa Monica.  And he di
bernetta,2,2,Brent | burnt | Beretta,"check: unusual word, term or non-English",salon-060, third person and if you choose third person bernetta it's almost more like watching a video game 
beatrice,2,1,Beatrice,likely misspelling / mishearing,salon-087,ing back to where we were okay we'll look at beatrice crone who is not here with us today but long
barnard,2,2,Barnard | Bernard | barnyard,likely misspelling / mishearing,salon-016,marily I was I started looking at works from barnard newman and frank stella and people like that
avant-gardist,2,1,avant-gardism,likely misspelling / mishearing,interview-024,"al motions. I consider myself not as much an avant-gardist. I hate those terms, by the way. Number one,"
asus,2,1,asks | assess | as-us,"check: unusual word, term or non-English",interview-013,tly but they've been replaced by things like asus or asus however you're supposed to pronounce
artstory,2,2,artistry | art story | art-story,likely misspelling / mishearing,salon-050,nd people. Love that sitting on the couches. Artstory.net has been going on since 1997 and I recen
artronics,2,1,,"check: unusual word, term or non-English",salon-091,"ut anyway, this is my very first piece on an Artronics computer. It wasn't meant to be a finished p"
arielle,2,2,Arielle | Brielle | Marielle,likely misspelling / mishearing,salon-095,the top hello bernetta hello everybody hello arielle hello cynthia hello marilyn patrick nochmal 
anil,2,2,nail | ani | anis,"check: unusual word, term or non-English",salon-034,r had to reschedule but yeah kevin mccoy and anil dash the supposedly the first known nft was 
algorithmist,2,2,algorithms,likely misspelling / mishearing,salon-009,"Ohio, outside of Cleveland. And I do, I'm an algorithmist. I do algorithmic art. I kind of move all ov"
alaykum,2,1,,"check: unusual word, term or non-English",salon-100,"ld hear you, but I think you said, As-salamu alaykum, didn't you, when you greeted everyone? Yeah"
abbex,2,2,abbey | abbe | abbess,likely misspelling / mishearing,salon-029," to revive things like German expressionism, Abbex, or neo-expressionism, it means that we are "
zuzbuki,1,1,,"check: unusual word, term or non-English",salon-020,"e opportunity to have a talk there with Paul Zuzbuki and physicist Stefan Alexander, who's puttin"
zuska,1,1,Azusa,likely misspelling / mishearing,salon-108,"re also thanking Colin and Renata. John is a Zuska here. For all they've done, for their contin"
zur,1,1,our | fur | zir,"check: unusual word, term or non-English",salon-100,ilpert Ke planes ad��inha Lee Rel Lebenssche zur nh introduce season 30 helps tell some stori
zuma,1,1,zoom | Yuma | puma,"check: unusual word, term or non-English",salon-052, that philosophers like jumbo Drillard or do Zuma. Totally two of my favorites. Or three of my
zulfia,1,1,sulfa,"check: unusual word, term or non-English",salon-100," an installation shot.  On the right you see Zulfia, who's one of Shirin's assistants. And all t"
zuhair,1,1,,"check: unusual word, term or non-English",salon-048,Okay. Next up. Zuhair.
zoroastrianism,1,1,Zoroastrianism | Zoroastrians,likely misspelling / mishearing,salon-072,"anted in honor of King Vishtas conversion to Zoroastrianism. In Mithraism, it is believed that Meh or Mi"
zoroaster,1,1,Zoroaster,likely misspelling / mishearing,salon-072," Shahnameh, the tree had grown from a branch Zoroaster had carried away from paradise and which he "
zoroark,1,1,,"check: unusual word, term or non-English",interview-013,etch of charizard right here and a sketch of zoroark from the fourth generation right over here n
zoro,1,1,zero | zoo | toro,"check: unusual word, term or non-English",salon-030, that compares to minting on ethereum yes so Zoro is actually a platform that I found when I f
zoomorphics,1,1,zoomorphic,likely misspelling / mishearing,interview-021,"hat's what this is using. And this is the 2D zoomorphics, but abstracted, juxtaposed against the poly"
zoomcast,1,1,zoom cast | zoom-cast,likely misspelling / mishearing,salon-086,"gital art, which hopefully we can webcast or Zoomcast at some point.  Or hopefully when it's happe"
zoller,1,1,holler | roller | loller,likely misspelling / mishearing,salon-021,"which is how I first got on a computer. Noel Zoller, who did the music, was doing computer music"
zolansky,1,1,,"check: unusual word, term or non-English",salon-039, communicating with people the same way that zolansky is doing is doing now it's a it's a progress
zirkow,1,1,zircon,"check: unusual word, term or non-English",interview-029,"s curated into a two-person show with Marina Zirkow, who also works, still with BitForms by Mich"
zige,1,1,zine | zip | zing,"check: unusual word, term or non-English",salon-094,"a collaborative work between Megan Price and Zige Zhang. So as you can tell, artists have sort"
zielinski,1,1,,"check: unusual word, term or non-English",interview-030,"mmunity is familiar with. Lars Bland, Ashley Zielinski, a whole crew of new artists that I met from"
zhang,1,1,Zhang | hang | Zheng,likely misspelling / mishearing,salon-094,"laborative work between Megan Price and Zige Zhang. So as you can tell, artists have sort of ut"
zgrass,1,1,grass,likely misspelling / mishearing,interview-021,"ing class and he was using a language called Zgrass.  And so it was, it was simple programming, "
zeyda,1,1,Zelda,likely misspelling / mishearing,salon-028,"e the feedback. Thanks.  Hi, Stephanie. It's Zeyda. Sir. Hi. Hi. I joined late, but I did catch"
zevchenko,1,1,,"check: unusual word, term or non-English",salon-038,oin the main guy there. I forgot his name as Zevchenko. It's something like that. But there's anoth
zessa,1,1,Tessa | zest,likely misspelling / mishearing,salon-079, and I just like to hand it over now to Joey Zessa for a talk about his project.
zennial,1,1,zinnias | zinnia,"check: unusual word, term or non-English",salon-033,And also I'm a techie. I think you call it a zennial. I'm between Gen X and the millennials. So I
zendagi,1,1,,"check: unusual word, term or non-English",salon-061,f the tree is zan which means woman and then zendagi life azadi freedom so it's woman life freedo
zell,1,1,well | sell | tell,"check: unusual word, term or non-English",salon-093,"ould thank David Bloom and the curator, Hugo Zell, for this show. It's in Chicago. It opens at"
zelen,1,1,Helen | Belen,likely misspelling / mishearing,salon-087, look at and here we have face space by jody zelen really fun animation Colin Goldberg hey carr
zbrush,1,1,brush,likely misspelling / mishearing,salon-096,oing more augmented reality and working with zbrush and a lot of like 3D. Stuff. And this is som
zaxxon,1,1,,"check: unusual word, term or non-English",salon-091,"ems for the ColecoVision. Here's a screen of Zaxxon.  And then in 83, there was a groundbreaking"
zawsze,1,1,,"check: unusual word, term or non-English",salon-106, kannstolden. All lieu de trouver des incons zawsze? Yes. It will be presented in augmented real
zavi,1,1,Ravi | Navi | Ziv,"check: unusual word, term or non-English",interview-027,"fying. And that was Mary Hale and myself and Zavi, which was our builder in unreal so we had a"
zatarver,1,1,,"check: unusual word, term or non-English",salon-106,w us on Instagram. Yeah. Yes. Go ahead. I am Zatarver.
zard,1,1,hard | yard | card,"check: unusual word, term or non-English",salon-027,f charlotte and I did a lot of character art zard right behind me because it still happens mor
zara,1,1,Zara | Sara | Tara,likely misspelling / mishearing,interview-006,at you know rather than trying to be another zara or another you know breton or someone like t
zaporizhzhia,1,1,zaoprizhzhia,likely misspelling / mishearing,salon-052,"But here we are with the war in Ukraine, the Zaporizhzhia nuclear power plant. And it's not just that "
zanny,1,1,Danny | Manny | nanny,likely misspelling / mishearing,salon-082,"from those people. And you know you're doing Zanny Bars, I mean. Come on, man. You can't be doi"
zangbo,1,1,,"check: unusual word, term or non-English",salon-087," This was made with a friend of mine, Sophia Zangbo, who is a radiology artist. We created many "
zan,1,1,can | man | an,"check: unusual word, term or non-English",salon-061,rk.  Work what you see on top of the tree is zan which means woman and then zendagi life azad
zaitseff,1,1,,"check: unusual word, term or non-English",salon-062,"t who we'll be presenting.  And that is Zach Zaitseff, Zachary Zaitzeff. So just a quick intro. I "
zagreb,1,1,Zagreb,likely misspelling / mishearing,salon-045,"and then also Also, there were the people in Zagreb, you know, the new something with Vera Molna"
zagra,1,1,Zara | Agra | Zagreb,likely misspelling / mishearing,salon-045,e out that I said the thing that came out of zagra but it I mean it's kind of like saying like 
zabriski,1,1,,"check: unusual word, term or non-English",salon-102," happening, in, University of Houston at the Zabriski Lab, there were… they were… Breeding rats, a"
zabina,1,1,Zambian | Sabina,"check: unusual word, term or non-English",salon-025,"le I have the mic, I just wanted to say that Zabina, I'm messing up her name horribly. I'm sure."
yves,1,1,yes | Ives | yees,likely misspelling / mishearing,salon-069,"nally I was going to show a little bit about Yves Klein, who is a great artist. And he created"
yupo,1,1,yup | yups,likely misspelling / mishearing,salon-023,d on watercolor mylar. Also on TerraSkin and Yupo. Yupo is a polypropylene paper that you can 
yuli,1,1,Juli | yule | Yule,"check: unusual word, term or non-English",salon-018,"ay if I ask a question? Yeah, no, go for it. Yuli, I very much appreciated what you're doing h"
yukons,1,1,Yukon's | Yukon | Yukons,likely misspelling / mishearing,salon-102,you're dreaming me. You're playing with your Yukons on my small fish. As you lay between my abun
yugzell,1,1,,"check: unusual word, term or non-English",salon-094," to thank everybody for 150 Media Stream and Yugzell, my colleagues, David Bloom for getting thin"
yuga's,1,1,yoga's | Yuma's | yuca's,likely misspelling / mishearing,salon-094,"o like to thank Yuga. I'd also like to thank Yuga's assistant Colin Mason for providing support,"
yue,1,1,yup | due | sue,"check: unusual word, term or non-English",salon-108,"Yes, Stephen Paray. Steven Ferre is one, and Yue Hao Gao. So it was just wonderful working wi"
youtuber,1,1,YouTube | you tuber | you-tuber,likely misspelling / mishearing,salon-028,g a product like a brand will reach out to a youtuber like hey you want to you want to plug our pr
yousefar,1,1,,"check: unusual word, term or non-English",salon-088,"So I chose one of my students artworks, Sara Yousefar. She's actually a classic jewelry designer w"
yousafe,1,1,you safe | you-safe,likely misspelling / mishearing,salon-088,rtwork again. So another artwork was by Sara Yousafe. Far as right you can see the simple pencil 
yourkonworking,1,1,,"check: unusual word, term or non-English",salon-038,igher intensity alpha Starting point D where yourkonworking keeps yourself alive as well as faster energ
yourfirstst,1,1,,"check: unusual word, term or non-English",salon-092,Detective@yourfirstst
youngbloods,1,1,Youngblood's | young bloods | young-bloods,likely misspelling / mishearing,interview-021," my gosh, look at these samples from NYIT at Youngbloods class. So I go and I was also interested in "
yoshi,1,1,Yoshi | iota,likely misspelling / mishearing,presentation-009,as a colleague of Roy Nicholson at LIU named Yoshi Higa. Who is a photographer primarily. But I
yoruba,1,1,your | Yoruba | yours,"check: unusual word, term or non-English",salon-106,"ists. And we created IFA, that refers to the Yoruba oracle, FA. And it's an interactive installa"
yoru,1,1,your | you | yore,"check: unusual word, term or non-English",salon-027, and so that's where Goldflesh came from and Yoru soon thereafter also developed in kind of th
yorkie,1,1,York,likely misspelling / mishearing,interview-022,On I got to get my barking Yorkie one second that's okay come
yor,1,1,you | your | for,"check: unusual word, term or non-English",salon-042,"think the way you're going to go in the back yor the back, I just think the way you're going "
yopoa,1,1,yup | yippee | Yuppie,"check: unusual word, term or non-English",salon-098,"nized name Skinner Butte, but it is actually Yopoa, which is the original name of this area mea"
yopo,1,1,yup | yippee | yolo,"check: unusual word, term or non-English",salon-098,"m.  Beginning along with the other film, the Yopo film. Showed in Korea. All because I was in "
yoldas,1,1,yolks,"check: unusual word, term or non-English",salon-018,now they don't the one thing I like is pinar yoldas is a piece in which the AI that basically ta
yokozawa,1,1,,"check: unusual word, term or non-English",salon-094,"d that way. But first I'd like to thank you, Yokozawa, for this amazing opportunity to be on such "
yo-hyeon,1,1,,"check: unusual word, term or non-English",salon-101,rt symposium held in Seoul.  The curator was Yo-Hyeon Ahn. She's an artist on our Expressionist Ar
yidma,1,1,,"check: unusual word, term or non-English",salon-046, So this is the Expressionist artists in the Yidma show. So I think Patrick is coming back. He 
yi,1,1,hi | ii,"check: unusual word, term or non-English",salon-105,"nity was made for. I love it. Please welcome Yi Ting!  Hello, everyone. My name is E.T.  How"
yggdrasil,1,1,Yggdrasil,likely misspelling / mishearing,salon-086,"hemes that remind me of the Norse world tree Yggdrasil, which has a which has which spans between w"
yeroboros,1,1,,"check: unusual word, term or non-English",salon-054,obius strip is created from the Enso and the Yeroboros. And they come together to form the Mobius s
yerma,1,1,Yerba | Erma | derma,likely misspelling / mishearing,presentation-002,rns out that it's called a tambour hook or a yerma.  So this small hook allows you to do embroi
yerevan,1,1,Yerevan,likely misspelling / mishearing,salon-030,"'s like, you know, like Baku and Azerbaijan, Yerevan and Armenia and Turkey, you know, most of th"
yeremenko,1,1,,"check: unusual word, term or non-English",salon-032," for instance here from Russia from Katerina Yeremenko. Or this one since looks, this is a red mand"
yemeni,1,1,Yemeni | Yemen | Yemenis,likely misspelling / mishearing,salon-102,"orked with a wide range of individuals, from Yemeni refugees in Djibouti to an ice expert and Ar"
yellowonym,1,1,,"check: unusual word, term or non-English",salon-098,ased montrage colors because what was called yellowonym 16 meters ten rebuild change lines 19isen me
yelinski,1,1,,"check: unusual word, term or non-English",salon-049,"er, and I'm back in engine scheme winter and Yelinski."
yeldon,1,1,Weldon | Eldon | weldon,likely misspelling / mishearing,interview-026,orced myself to talk while sculpting Rebecca Yeldon. But when it came time to concentrate on the
yazd,1,1,yard | Yazd,"check: unusual word, term or non-English",salon-030,"d be fine in Tehran or Isfahan or maybe even Yazd, you know, but I mean, it's like, you know, "
yaz,1,1,yas | yay | yah,"check: unusual word, term or non-English",salon-110,trians and part one part is still burning in yaz city so they never let the fire to get off s
yaro,1,1,yard | yarn | aro,"check: unusual word, term or non-English",salon-072,"wesome.  Vernetta, please take the stage. Is Yaro on mute? Here we go for the second trial. Th"
yarkon,1,1,yarn,likely misspelling / mishearing,salon-102,"House, and it's augmented reality, a walk at Yarkon Park, and it focuses on the Golden Jackals. "
yanoshevska,1,1,,"check: unusual word, term or non-English",salon-108,"or, it's, artwork by Susan Detroy and Renata Yanoshevska, and this is a photo showing Susan Detroy's "
yannishawska,1,1,,"check: unusual word, term or non-English",salon-096,"the 96th Techspressionist Salon. I'm Renada, Yannishawska, and I'm coming to you from the village of L"
yann,1,1,Ann | yang | yarn,likely misspelling / mishearing,presentation-002,three-dimensional world and then more recent Yann LeCun who was formerly at Meta left because 
yanaszewska,1,1,,"check: unusual word, term or non-English",salon-088,"t. The December salon is going to be Renata, Yanaszewska, and Karen LaFleur introducing Mariniana, wh"
yanashewska,1,1,,"check: unusual word, term or non-English",salon-092,"n of 2 Techspressionist artists work Renata, Yanashewska, and Karen LaFleur. So this next salon is go"
yanal,1,1,canal | banal | kanal,likely misspelling / mishearing,interview-020,"will be screened in November, when the wrong Yanal begins. Good."
yana,1,1,Dana | Ana | nana,"check: unusual word, term or non-English",salon-093,"in just yesterday from Lion's Head, Canada.  Yana. Jana. Jana. Jana Schilling. Jana Schilling "
yan,1,1,can | an | yay,"check: unusual word, term or non-English",salon-021,as was coined for me in 2011 by the novelist Yan Martel.  It serves me really well on all my 
yale-y,1,1,hale-y | tale-y | wale-y,likely misspelling / mishearing,interview-012,y different kind of environment than being a Yale-y undergrad. It was kind of a different kind o
yaddo,1,1,yard | yak | yam,"check: unusual word, term or non-English",salon-091,"guess it was also 1989, I had a residency at Yaddo. And I'd been thinking about trying to make "
xypc,1,1,xpc,likely misspelling / mishearing,interview-006,drawing which is a small which is a tabletop xypc plotter I would love to have an eight by six
xy,1,1,,"check: unusual word, term or non-English",salon-077,II don't see the XY. And Z. I'm viewing this on my iphone. And I
xu,1,1,,"check: unusual word, term or non-English",interview-026,e brainwave information.  The real-time Lisa Xu pattern changed in accordance with the brain
xth,1,1,4th | 5th | 7th,"check: unusual word, term or non-English",salon-102,"the public imagination.  She also co-founded XTH, a company creating novel modes of expressio"
xs,1,1,XS,likely misspelling / mishearing,salon-109,"eeder and it would read the hand little made Xs and update the CSV file, and it said it coul"
xolobert,1,1,,"check: unusual word, term or non-English",salon-108,"he three, kind of technology people, Pierre, Xolobert, who does sound, but also does visuals, Slav"
xk-erx,1,1,,"check: unusual word, term or non-English",salon-087,"gosh. If you've seen our trailer, Posture by XK-ERX.  Not sure if they're with us today. But thi"
xiaomi,1,1,,"check: unusual word, term or non-English",salon-034,"eurs, the people, the artists about NFTs and Xiaomi fund. And also startup funders who can just "
xenopher,1,1,,"check: unusual word, term or non-English",salon-037,"own way. And in 2003, I had this show called Xenopher Bot. And it's like where I had started worki"
xenomorph,1,1,,"check: unusual word, term or non-English",interview-007,"umber of things there. Created a game called Xenomorph, which was based loosely on Alien and Aliens"
xanthu's,1,1,,"check: unusual word, term or non-English",salon-110,"ion.  And I would talk about it as, like, in Xanthu's work. Because it is inside of a space that i"
xanthopia,1,1,,"check: unusual word, term or non-English",salon-106,emporary art. This piece you see is from the Xanthopia collection. This work reinterprets Van Gogh'
x-acto,1,1,x-auto | x-acts | x-alto,likely misspelling / mishearing,salon-019,t. I sometimes cut it up with scissors or an X-Acto knife. And I play around with it. I move aro
wynonna,1,1,,"check: unusual word, term or non-English",interview-001," the States. He's going to be a professor at Wynonna University.  And then the five of us, myself"
wp,1,1,,"check: unusual word, term or non-English",interview-026,"e Blanton Museum, MIT, Whitechapel, Zwirner, WP Phillips Gallery, and the Louisiana Museum o"
worlding,1,1,wording | worldling,likely misspelling / mishearing,salon-108,"ressed in a augmented reality, and also in a worlding, as they say, sort of environment. One was k"
woolworth,1,1,Woolworth,likely misspelling / mishearing,salon-098,"e. He commissioned two of these. He's in the Woolworth building. These are huge. I mean, they're si"
woodrow,1,1,Woodrow | woodwork | woodworm,likely misspelling / mishearing,interview-016,"ker school. Friends Seminary. I also went to Woodrow Wilson, which is a public school. And I also"
woocommerce,1,1,woo commerce | woo-commerce,likely misspelling / mishearing,salon-017,p. It's a WordPress based site. So I use use WooCommerce as an e-commerce platform. And it's just an 
wondershare,1,1,wonder share | wonder-share | wonders hare,likely misspelling / mishearing,presentation-008,. And mainly I use all free tools except for Wondershare Filmora which I use for video editing. And o
wolman,1,1,woman | Holman | Colman,likely misspelling / mishearing,salon-042,"onato, Reese Schroeder, Sarah Song, and Andy Wolman, and Colin Goldberg."
wo,1,1,so,"check: unusual word, term or non-English",salon-096,"AI tools, including runway pica, cling halo, wo, flux, stable diffusion, midjourney and doll"
wnie,1,1,wine | win,"check: unusual word, term or non-English",salon-103,s correct scenes by exaggerating images or również Deputy graphics created by Heavenjo space e
wliu,1,1,wile,"check: unusual word, term or non-English",salon-104,"ty, lectured widely, and hosted Art Waves on WLIU 88.3 FM. She's also the author of five art w"
wittgenstein,1,1,Wittgenstein,likely misspelling / mishearing,salon-090,"k of many books, but that I'm showing today, Wittgenstein was also looking at language. And he wrote a"
witt-like,1,1,watt-like | wilt-like | wits-like,likely misspelling / mishearing,roundtable-006,". Look at these as sort of almost like a Sol Witt-like, you know, instruction set. And I just sat d"
withpekoli,1,1,,"check: unusual word, term or non-English",interview-026,ynamic in results of interactive antecedents withpekoli—ằng presupmarkt क
withlas,1,1,withal,"check: unusual word, term or non-English",salon-106,"ion year journey to MIT, based on his studio withlas Miller onige ahead of him. His composition P"
witheur,1,1,wither,likely misspelling / mishearing,salon-097,ust open where they didn't grow up out there witheur humble Many weeks ago back when it came out 
withence,1,1,wit hence | wit-hence,likely misspelling / mishearing,salon-098,ed my art world.  So I'm thrilled. This year withence project will accrue something really underne
wirklich,1,1,,"check: unusual word, term or non-English",salon-107,". Thank you., weil eine kleineellschaft wird wirklich beschrieblich wie hier sehen Sie bis durch T"
winx,1,1,wine | wins | win,"check: unusual word, term or non-English",salon-105,"ss, the games that I make, like Sailor Moon, Winx Club… Pony, like, all of that. Like, I just "
winkelmann,1,1,,"check: unusual word, term or non-English",salon-012,"ris Manzione.  And the show is curated by Ed Winkelmann and Marat Orozcov. Right? And so, you know, "
windsor,1,1,Windsor,likely misspelling / mishearing,interview-023,ng up an interesting point I mean as long as windsor and newton is still in business they'll be a
windowsillant,1,1,windowsill ant | windowsill-ant,likely misspelling / mishearing,salon-083," glass. Rendering of a cat, a steeple on the windowsillant. I never saw any cats on campus.  But in med"
winchester,1,1,Winchester | winchesters,likely misspelling / mishearing,salon-106,"e.  There's Juicy Parita, by the way, at the Winchester School of Art. And so, right. We try to do, "
winchell,1,1,winches | wincher | winch ell,likely misspelling / mishearing,salon-046,"yone, let's hear what is it? What did Walter Winchell used to say to Mr. And Mrs. America and all "
wimbley,1,1,nimbly | wimble,"check: unusual word, term or non-English",presentation-003,c Institution and I'm also working with Finn Wimbley who is a research and technical adviser at W
wim,1,1,him | win | Jim,"check: unusual word, term or non-English",salon-028, screenshot from the film Wings of Desire by Wim Wenders. She was an acrobat on the high wire
wilpert,1,1,Wilbert,likely misspelling / mishearing,salon-100,ing Franc Mama That came up as well with bei Wilpert Ke planes ad��inha Lee Rel Lebenssche zur nh
willoughby,1,1,Willoughby,likely misspelling / mishearing,salon-077," gallery and one on the north work at Pamela Willoughby Gallery. But what I love about. I mean, my w"
williamsville,1,1,Williamsville,likely misspelling / mishearing,salon-056, like I don't really like my curation in the Williamsville Hotel. I don't charge artists because the Wi
williamsport,1,1,Williamsport,likely misspelling / mishearing,salon-032,xpressionism.com slash Brooklyn. It's at the Williamsport Hotel. And Giovanna Sun is the curator and o
willendorf,1,1,,"check: unusual word, term or non-English",salon-033," I always think of them as like the Venus of Willendorf, like the earliest primordial image of woman"
wilkin,1,1,Wilson | Wilkins | Wilkie,"check: unusual word, term or non-English",salon-090," renowned critic, author, and curator, Karen Wilkin, visited my studio and gave me her opinion o"
wiley,1,1,Wiley | Riley | Miley,likely misspelling / mishearing,roundtable-001,"anion to Digital Art, published by Blackwell Wiley in 2016. Digital Art, published by Thames & "
wilde,1,1,Wilde | wild | wide,likely misspelling / mishearing,salon-055,s. Dorian Gray's done that already. So Oscar Wilde was one up on us regarding NFTs.  So I just 
wilcox,1,1,Wilcox | Wilco | wilco,likely misspelling / mishearing,salon-034, of shut down and her husband. Terry few gay Wilcox who was another artist that was part of the 
wikty,1,1,witty,likely misspelling / mishearing,salon-047,"m, I'm putting it, everything on the Patrick wikty.com server on dream host. But you know, it's"
wie,1,1,we | die | owie,likely misspelling / mishearing,salon-107, kleineellschaft wird wirklich beschrieblich wie hier sehen Sie bis durch Trans immense attem
whizpill,1,1,whiz pill | whiz-pill,likely misspelling / mishearing,salon-092,"ed class in 2024, with Artist and Podcaster, Whizpill, titled Animation and AI Skills and Tools of"
whittaker,1,1,Whittaker | Whitaker | Whittier,likely misspelling / mishearing,salon-098, called the hybrid in my neighborhood in the whittaker neighborhood of eugene oregon this show is i
whitt,1,1,white | Whitt | whit,likely misspelling / mishearing,salon-095,t making those connections between like Saul Whitt you know where he's giving instructions that
whispy,1,1,whips | whisky | wispy,"check: unusual word, term or non-English",presentation-008,"ypes of light; transparent ones solid brown, whispy ones, and particles floating between them al"
whackham,1,1,whack ham | whack-ham,likely misspelling / mishearing,presentation-009,at I'll do is I'll make a mark. I use this.  Whackham drawing tablet for all my composition so I d
weth,1,1,with | Seth | Beth,"check: unusual word, term or non-English",salon-012,"ereum. Or at this point, it's moving towards WETH, which is wrapped Ethereum. But, you know, y"
westwood,1,1,Westwood | westward | west wood,likely misspelling / mishearing,salon-104,"ckground includes roles at RKO, H2O Studios, Westwood Studios, and Electronic Arts. Her work has b"
werson,1,1,person | Wesson | worsen,likely misspelling / mishearing,salon-090," who got there before me. His name was Roger Werson.  Okay. So she says, now come over here. And"
werner,1,1,Werner | Warner | Lerner,likely misspelling / mishearing,salon-052,"hat not only did we launch this missile with Werner Von Braun, who was a former Nazi, but James "
wenwick,1,1,wen wick | wen-wick,likely misspelling / mishearing,roundtable-005,"variety of prestigious venues, including the Wenwick Gallery of The Smithsonian and the Cape Cod "
wentky,1,1,wintry,"check: unusual word, term or non-English",salon-097,hs home run reading books went reading books wentky dressings half 12 14 weeks ago 10 weeks ago 
wenders,1,1,wonders | tenders | wanders,likely misspelling / mishearing,salon-028,eenshot from the film Wings of Desire by Wim Wenders. She was an acrobat on the high wire. And I 
wellesley,1,1,Wellesley | Wesley,likely misspelling / mishearing,presentation-009,"expressionism by Alfred Barr in New York, in Wellesley College.  That was the first use of it, 1929"
weitzmann,1,1,Weizmann,likely misspelling / mishearing,salon-102,"fically. Was when I did my fellowship at the Weitzmann Institute, I was studying bat navigation in "
weitz,1,1,wait | waits,"check: unusual word, term or non-English",salon-042," moving across in the second room to Vernada Weitz, her piece called Falling. Very dramatic pho"
weiss,1,1,Weiss | weir | weirs,likely misspelling / mishearing,salon-056,"te. It looks, in my opinion, I can see Fritz Weiss' influence in that work. I can see Paul Klee"
weill,1,1,well | will | we'll,likely misspelling / mishearing,salon-098,"ercial realm. It was coined in 2007 by Chris Weill, then chairman and CEO of Momentum Worldwide"
weil,1,1,well | Neil | Weil,"check: unusual word, term or non-English",salon-107,"build something forgotten. Okay. Thank you., weil eine kleineellschaft wird wirklich beschrieb"
weihao,1,1,whoa,"check: unusual word, term or non-English",salon-108,"Stuff, making it interactive. And Steven and Weihao were doing the music. Very different types o"
weeknd,1,1,Weeknd | weekend,likely misspelling / mishearing,salon-015,"s, like Calvin Harris made a sale there, The Weeknd made a sale there. So when I entered into Ni"
webster,1,1,Webster | wester,likely misspelling / mishearing,salon-058," is dreams and dreams, as defined by Merriam Webster, are a series of thoughts, images or emotion"
webb,1,1,Webb | web | webs,likely misspelling / mishearing,roundtable-004, when I saw the photos from hubble and james webb telescope from pillars of creation I was fas
wb,1,1,w.b.,"check: unusual word, term or non-English",salon-019,ner. That's not me. The scanner was called a WB four whole body scanner. And it was used at 
wayne,1,1,Wayne | Dwayne | Jayne,likely misspelling / mishearing,interview-003,ago. I'm 11 by 14. This is mixed media. John Wayne is alive and well and writing the IRT anothe
wayfront,1,1,way front | warfront | way-front,likely misspelling / mishearing,salon-085, it was very exciting sponsored by Microsoft wayfront. You usually don't get all these people. Rob
wawel,1,1,wale,"check: unusual word, term or non-English",salon-032,nk it's clear that I was influenced a lot by Wawel. Since it looks really like pop art. And I c
watermel,1,1,watermelon | waterfall | watermen,likely misspelling / mishearing,salon-077,"this combination was at the Parish Museum in Watermel in 2,016 and I had 24 of the prints with 24,"
wassily,1,1,sassily | wassail | wassails,likely misspelling / mishearing,salon-029,"nt to quote one of the fathers of the genre, Wassily Kandinsky. And he says, You know, what we di"
wasserbower,1,1,,"check: unusual word, term or non-English",interview-030,"digital stone project, and I'm like, oh, Pat Wasserbower is part of this, and she was one of my."
wasove,1,1,waste,"check: unusual word, term or non-English",salon-033,t iranian sun webs and all of the technology wasove from the book of alice's position and what w
wasile,1,1,weasel,"check: unusual word, term or non-English",salon-022,pressionist artist who was teaching me about Wasile Kandinsky and Arshaad Gorski and all these o
washington-based,1,1,washing ton-based | washing-ton-based,likely misspelling / mishearing,salon-072,"ions. And this one you're looking at is by a Washington-based artist, Jonathan Manningin. He's represented"
washacks,1,1,was hacks | was-hacks,likely misspelling / mishearing,salon-077,mpton. Where I took an ink block from Herman Washacks psychology test and turned them into 3 dimen
warpy,1,1,warp | wary | harpy,likely misspelling / mishearing,salon-096,"o I guess my idea was to have kind of a time warpy intoxication, feeling, and it kind of echoes"
warpcast's,1,1,warp cast's | warp-cast's,likely misspelling / mishearing,salon-087,ist compensation and community interaction.  Warpcast's decentralization and Rodeo's equitable compe
warly,1,1,early | Carly | wary,likely misspelling / mishearing,interview-019,"Foundation grant under which she worked with warly artists from Talasari, Maharashtra, to creat"
waresing,1,1,warning | warming | warring,likely misspelling / mishearing,salon-012,"al work, that was sort of the end of like my waresing. Because I realized, you know, any piece of "
wardsell,1,1,Wardell | warbles | ward sell,likely misspelling / mishearing,salon-109,. All right. So our next presenter is Adrian Wardsell.
warchall,1,1,warchalk | warychall,likely misspelling / mishearing,salon-020,"hter piece.  These were by photographer Paul Warchall. He's an architectural photographer. Sorry, "
wallace,1,1,Wallace,likely misspelling / mishearing,interview-012,"ters, other writers, like Nabokov and Foster Wallace and writers like that. Yeah. I draw a lot fr"
walgreens,1,1,Walgreens,likely misspelling / mishearing,salon-051,thinking of getting one of those shot out at walgreens just to see what it looks like as a as a two
waldron,1,1,Waldron | Weldon | caldron,likely misspelling / mishearing,salon-101,"about a project I collaborated on with Kansu Waldron, who's the founder of Digital Arts Blog for "
waldorf,1,1,Waldorf | weldor | weldors,likely misspelling / mishearing,salon-038,heir backyards and nothing's there.  For the Waldorf. There's a lot to be said about the developm
wajah,1,1,rajah,likely misspelling / mishearing,interview-005,"nd like kind of similar to like the Egyptian wajah, kind of. And that's like one of the main th"
wagner,1,1,Wagner | Warner | wager,likely misspelling / mishearing,salon-033,"and the eye of a person in New York, Heather Wagner. And the more the globes showed up on the sc"
wadhams,1,1,wad hams | wad-hams,likely misspelling / mishearing,salon-041,"perts, right up there with a guy named Peter Wadhams. And, he's famous for saying what, what, wha"
wacoms,1,1,Wacom's | Waco's,likely misspelling / mishearing,salon-023,functionality with like drawing tablets like wacoms and things like that I know they wacom itsel
wac,1,1,was | Mac | way,"check: unusual word, term or non-English",salon-016,they're still around. It's a listserv called WAC. It's the WWW World Wide Web Artist Coalitio
wabisabi,1,1,,"check: unusual word, term or non-English",salon-080,w a lot of times. It's kinda like that whole Wabisabi thing where you know the imperfections are p
wabbo,1,1,web,"check: unusual word, term or non-English",salon-067,"e know that, but I generated this image with Wabbo because that's what I have on my iPad. And I"
wabash,1,1,Wabash | abash,likely misspelling / mishearing,interview-005,and I think there's one in Washington called Wabash I think it's in Washington don't quote me on
wa,1,1,we,"check: unusual word, term or non-English",salon-090,Imperium C nah wave fleando Bay Baybrook nit wa Ken Watkins theater TV studio near Brooklyn 
vy,1,1,by | vie,"check: unusual word, term or non-English",salon-106," some colleagues, Maurice Benayoun, Pierre Lévy. And the ambient was really. Very interestin"
vuforia,1,1,,"check: unusual word, term or non-English",salon-036," it, it just doesn't support video. And then Vuforia is still pretty strong under, under Unity. A"
vsauce,1,1,sauce,likely misspelling / mishearing,salon-020,"just before COVID. This is in a space called Vsauce Projects in Greenport, where I took over lik"
vreneta,1,1,Verne | venerated | venerate,"check: unusual word, term or non-English",salon-080,"fore all the abuse that Renata or yeah, that Vreneta was talking about. And the exploitation happ"
vrchat,1,1,,"check: unusual word, term or non-English",salon-060,going to show you is a piece that I made for VRChat. And this is just a video I created of this 
vrc,1,1,arc | orc | vac,"check: unusual word, term or non-English",salon-025,"d AltSpace VR. And it's actually part of the VRC VR 2021, which is Burning Man Online. And th"
vrasko's,1,1,,"check: unusual word, term or non-English",salon-097,"Absolutely. It reminded me somewhat of Roman Vrasko's work, who has recently passed away. I'm not "
vrasko,1,1,vars.,"check: unusual word, term or non-English",salon-047,"ravo. You know, and so, and, you know, Roman Vrasko is 93.  And, you know, and so I guess what I"
vq,1,2,,"check: unusual word, term or non-English",salon-035, of different styles that happened using it. Vq gan plus clip. And I find this very fascinat
vps,1,1,ops | bps | vas,"check: unusual word, term or non-English",salon-088,"There's also a telescope, so to add depth to Vps to an already beautiful piece.  Well."
vpl,1,1,ppl | val | vol,"check: unusual word, term or non-English",salon-019,"me no. Jaron Lanier started a company called VPL Research, which was one of the first compani"
vorgonoe,1,1,forgone,likely misspelling / mishearing,salon-090,one was taken over byyer photo Paris King at vorgonoe university in Puerto Rico and showed us how 
voda,1,1,soda | coda | vodka,"check: unusual word, term or non-English",salon-073,"he paper the adjutant had handed him, Nicola Voda, proprietor of the Circus of the Moon?  I am"
voc,1,1,doc | vol | roc,"check: unusual word, term or non-English",salon-011,nd lots of layers of gesso to counteract the VOC. What's the general scale of those? It was s
vla,1,1,via | val | Val,"check: unusual word, term or non-English",salon-107," have questions. So moving on. We have Mario VLA. VLA. From Brooklyn. So Mario, take it away."
vjs,1,1,vis | VJs | vas,"check: unusual word, term or non-English",salon-024,ew digital technologies and a lot of digital VJs.  And I ended up feeding in a band that was 
viz,1,1,via | Liz | biz,"check: unusual word, term or non-English",salon-096,"ehind the bowie figure is actually the data, viz. Of a gene sequence. And so this series is a"
vivian's,1,1,Vivian's | Viviana's,likely misspelling / mishearing,salon-075,"thing in this project is, I think, you know, Vivian's on Instagram, I'm sure she'd be happy to spe"
viveros,1,1,vireos,"check: unusual word, term or non-English",salon-032,ke that has just a mouse. Or here from Fanny Viveros. She was simulating Da Vinci's God's Hand pa
vivansh,1,1,,"check: unusual word, term or non-English",salon-088,"up who are presenting today is Keta Shah and Vivansh. Osla. Hey, Darsa, you are there."
vito,1,1,Vito | Tito | vita,likely misspelling / mishearing,interview-008," a lot of work. I mean, people like, I think Vito Acconci died penniless, you know, same with,"
vitaly,1,1,Italy | vital | vitals,likely misspelling / mishearing,salon-055," Gupta, who was part of the launch team with Vitaly Buterin, you know, for Ethereum. And he wrot"
vitale,1,1,vital | vitals | vitae,likely misspelling / mishearing,interview-019,'s my school. I did my schooling from Kendra Vitale. Central. It's a central school. And my art 
vistu,1,1,vista | virtu,likely misspelling / mishearing,salon-018,nd then.  This was the these are some of the Vistu venues that inspired it. But if you look clo
visites,1,1,visited | visits | visit's,likely misspelling / mishearing,salon-053,"ing cards. I think they were called carte de visites.  And now we have PFPs, which are these prof"
visio,1,1,visit | Visio | vision,likely misspelling / mishearing,salon-026,contemporary presuplegacy issue hit the kwwo visio
vishwa,1,1,Vishnu,"check: unusual word, term or non-English",interview-019,"xtile and Tapestry in 1995 from Kala Bhavana Vishwa Bharti University, Santini Kanatan. During h"
vishtas,1,1,visits | vistas | vista's,"check: unusual word, term or non-English",salon-072,"radise and which he planted in honor of King Vishtas conversion to Zoroastrianism. In Mithraism, "
virtualis,1,1,virtual | virtually | virtuosi,likely misspelling / mishearing,salon-043,"1973 in collaboration with Mike Trivich. And Virtualis, the first wireless telerobotic mobile webca"
virosko,1,1,visor | visors,"check: unusual word, term or non-English",salon-037,in Minnesota. And I met this guy named Roman Virosko. Who's part of this group called the Algaris
virginian,1,1,Virginia | Virginian | Virginians,likely misspelling / mishearing,salon-011," half British because the other half is West Virginian. Yeah. I'm from North London. So yeah, just "
vinci's,1,1,Vince's | Vance's | vinca's,likely misspelling / mishearing,salon-032,re from Fanny Viveros. She was simulating Da Vinci's God's Hand painting with X-ray. Okay. And th
vincennes-saint-denis,1,1,,"check: unusual word, term or non-English",salon-106,"d, yes, I am at the Université Paris-Rite of Vincennes-Saint-Denis, which used to be the experimental center ou"
villani,1,1,villain | villein,likely misspelling / mishearing,salon-109,fghanistan bones scroll dog patterns letters Villani mountains hacker hacker hacker hunter surviv
vihan's,1,1,,"check: unusual word, term or non-English",salon-088,ted by Vihan and ended by Kedar. And this is Vihan's individual artwork. He's not there today. Se
vihan,1,1,,"check: unusual word, term or non-English",salon-088,"So this, I mean, this artwork is started by Vihan and ended by Kedar. And this is Vihan's indi"
vigiana,1,1,Viviana,likely misspelling / mishearing,salon-095,within and without sort of Venn diagram with Vigiana. Right. Some kid. Do you want to talk about 
viggo,1,1,Viggo | virgo | Virgo,likely misspelling / mishearing,salon-046,"Hello, Viggo. Those are so fantastic. I really love those"
viet,1,1,diet | view | vet,"check: unusual word, term or non-English",salon-046,at. I'm honored to be in the company of this Viet Media. So I have work. There is like brain A
vielle,1,1,vile | veil,likely misspelling / mishearing,salon-107,"cess for creating conscious presence.  Mario Vielle, also known as Charity Cult from Brooklyn, N"
viejos,1,1,views | vies,"check: unusual word, term or non-English",interview-013,kwards it's supposed to this says los dioses viejos se están muriendo which means the old gods a
vieder,1,1,viewer | lieder,likely misspelling / mishearing,salon-084,"rly digital people Copper gill off, and Jane Vieder. And there was not this one, but there was a"
vieboe,1,1,vibe,"check: unusual word, term or non-English",salon-105,"kind of place where women could live like la vieboe. They could talk about criticism, they could"
vidas,1,1,videos | visas | Vidal,"check: unusual word, term or non-English",salon-070, that yeah looks good yes okay great so yeah vidas quezudas that's my name and I'm going to tak
vicente,1,1,Vicente | vacant | vaccinate,likely misspelling / mishearing,salon-042," Chat Noir, Lee Schnever, Prince Bernoullia, Vicente Rivera, Michael Poluconis, Michael Borras, A"
vibey,1,1,vibes | vibe | vibed,likely misspelling / mishearing,salon-107,t like finding a couple cool filters on like vibey apps that I thought matched up with it. And 
vhx,1,1,thx | vax | vex,"check: unusual word, term or non-English",interview-015,d you are the one that's in the back of the ΦVHx and you have a very good person you have a v
vgan,1,1,van | Egan | vegan,likely misspelling / mishearing,presentation-007,pt artificial intelligence. This case asking VGAN VQ GAN plus clip plus imageet16 384 model to
vesulka,1,1,,"check: unusual word, term or non-English",salon-091,"introduced to the work of Woody and Stane of Vesulka.  So in 1983, there was this exhibition at t"
vesalius,1,1,Vesuvius | Vesalius,"check: unusual word, term or non-English",interview-011,"id the drawings of the first anatomy book by Vesalius, right? Vesalius was the first anatomy book."
verrach,1,1,overreach | overarch,likely misspelling / mishearing,interview-004,"l, one thing I should probably say about the Verrach Valley is the text that I... Proposed here f"
vernissage,1,1,,"check: unusual word, term or non-English",salon-019," piece, which then goes up at the end of the vernissage, you know. And so this is this is this is th"
vernado,1,1,verdant,"check: unusual word, term or non-English",salon-051,inds of things that then get to kind of what Vernado is talking about as well in terms of the Eur
vermontian,1,1,,"check: unusual word, term or non-English",salon-034,"onter in there with me now. Is it Vermonter, Vermontian? It is a Vermonter. I've officially traded i"
vermont's,1,1,Vermont's,likely misspelling / mishearing,salon-053,al plotter drawings based on photos taken in Vermont's Green Mountain National Forest where I live 
vermeer's,1,1,Vermeer's,likely misspelling / mishearing,salon-020,"er. And it was based, influenced by Johannes Vermeer's same title painting, The Lace Maker. And, bu"
verieur,1,1,Vermeer | verger | verier,"check: unusual word, term or non-English",interview-026,"ple on the street directing her. Video phone verieur, 1977 in London.  Joseph Beuys thought of th"
verena,1,1,Serena | Verona | Vern,likely misspelling / mishearing,salon-061,"ew here and also if you're not new here like Verena definitely, you know, paste in you know, you"
verdi,1,1,Verdi | verde | Verde,likely misspelling / mishearing,interview-020,us and some Keeper and the music of Giuseppe Verdi. Interesting combination of things which I w
veo,1,1,Leo | ver | vet,"check: unusual word, term or non-English",presentation-002,le and simple movement. Google has developed VEO which can generate worlds in real time and y
venn's,1,1,veins | vents | vein's,"check: unusual word, term or non-English",roundtable-001,"m would say, well, you know, it's not really Venn's, but all I write is autobiographical because"
venmo,1,1,Venmo | venom,likely misspelling / mishearing,salon-073,"p. And I'm about to put it up, what I did on Venmo, as Cynthia Beth Rubin suggested. Do I, and "
velcroed,1,1,Velcro,likely misspelling / mishearing,salon-015,Picture frame around it and I use a Mac mini velcroed into the back and it's really surprising how
vcarve,1,1,carve,likely misspelling / mishearing,salon-107,"ing Photoshop, picked up a few new software, vCarve and G-Sender and other things. But it's, yea"
vbe,1,1,be | Abe | vibe,likely misspelling / mishearing,salon-031," the one that I got an MWB company. That was VBE. I closed that company, but I ran the compan"
vavia,1,1,verve | pavia,"check: unusual word, term or non-English",salon-042,"So we have Tomas Vavia, Squared Sun. Digital Monocast. I think thes"
vavanti,1,1,vacant,"check: unusual word, term or non-English",salon-032,"tions. And it also, I chose the term La Vita Vavanti, which means life goes on in Italian. Becaus"
vasulka,1,1,,"check: unusual word, term or non-English",salon-050,"now if any of you ever knew Woody and Staina Vasulka, but we they did some amazing custom stuff f"
vasuka,1,1,versus | versa,"check: unusual word, term or non-English",salon-020,he work among many others of Woody and Stena Vasuka. And their work was really mind-blowing. Bec
vasi,1,1,vast | vase | vasa,"check: unusual word, term or non-English",interview-024,sident. Of it with three other people. Marco Vasi. See Louis Jaffe and Michael Shamberg. They 
vasarely,1,1,,"check: unusual word, term or non-English",salon-086, of it. She's also in the collection. Victor Vasarely is there. So I have three pieces there. So a
vartari,1,1,,"check: unusual word, term or non-English",interview-016,"irilio, Gilles Deleuze, and of course, Felix Vartari, who wrote a series of works called Mieux Pl"
varsal,1,1,vassal | tarsal,likely misspelling / mishearing,salon-021,ge sheets of paper that would be soaked with varsal. And then you draw on that with either charc
varioy,1,1,vary,likely misspelling / mishearing,presentation-006,"like you're trying to say, like, it's not an varioy. Something interesting, I mean it's kept, le"
variente,1,1,variant,likely misspelling / mishearing,salon-097,t many times back then. There was also These Variente artists Right there. customers from riding f
varick,1,1,vatic,"check: unusual word, term or non-English",salon-107,"g a little bit more money.  We moved over to Varick Street, which is sort of Soho, I guess you w"
vari,1,1,Kari | Mari | vary,"check: unusual word, term or non-English",salon-064,dditions of three. And I call them additions varié. Which means there will be very small chang
vaps,1,1,vape | caps | naps,"check: unusual word, term or non-English",salon-015,"now, it's becoming a bit of a platform where VAPs go to do... You know, it's becoming a bit of"
vannevar,1,1,,"check: unusual word, term or non-English",interview-012,o me in the spirit of engelbart and fine and vannevar bush and people like that who really had a v
vander,1,1,Xander | sander | lander,likely misspelling / mishearing,salon-104,"ing time at Bell Labs, because they had Stan Vander Beek there, and Namjoon Pike, who was mentio"
vampity,1,1,vampy,likely misspelling / mishearing,salon-094,ork.  So I'm going to spend some time on the Vampity MediaStream installation. The installation i
vampiring,1,1,vamping,likely misspelling / mishearing,salon-102," early on at least, felt more like a kind of vampiring. That I would be interested in a science, sc"
valera,1,1,Valera | Valero | Valeria,likely misspelling / mishearing,salon-045,rdly more than a sign. The sign is read Paul Valera and Walter Benjamin because it's really inte
valente,1,1,valence | valiant,likely misspelling / mishearing,salon-032,"instance, this beautiful painting from Rocco Valente from Italy shows this gentleman with a coron"
valdostari,1,1,,"check: unusual word, term or non-English",interview-030,"g out of conceptual art, I'd read about John Valdostari setting his paintings on fire, and I was lik"
vailam,1,1,Vila | vial | vials,likely misspelling / mishearing,salon-077,e X. Rayed it that evening. From the Zoo. In Vailam we had live juvenile alligators that we fed 
vaguerities,1,1,,"check: unusual word, term or non-English",interview-017,"intain things. I don't have to depend on the vaguerities of the art market. Except in my work, which "
uzbeck,1,1,Uzbek,likely misspelling / mishearing,presentation-001,"that will come up in Russian. Unfortunately, Uzbeck is not a language translated by Zoom, but yo"
uzbe,1,1,Uzbek,likely misspelling / mishearing,salon-096,"n go to Techspressionism.com slash Oozebeck, UZBE, K, and that will take you to the micro site"
uy,1,1,,"check: unusual word, term or non-English",salon-090, recorded via Sony Quando Van Halen near CR��uy Ferrer studio in digo Imperium C nah wave fl
uw,1,1,us,"check: unusual word, term or non-English",salon-046,they're currently having an event at madison uw madison the day we are so we're not you know
utopos,1,1,Utopias | utopias,"check: unusual word, term or non-English",interview-016,"hat utopia comes from the ancient Greek term utopos, a place of no place. And of course, anyone "
uss,1,1,use | us | ups,"check: unusual word, term or non-English",salon-037,oodyear Zeppelin AirDock. And so this is the USS Macon. And it was an actual... It was a... I
uspto,1,1,upset,"check: unusual word, term or non-English",salon-036,egistered marks before. You could just go to USPTO.gov and file a form. I did that for my busin
useresponding,1,1,use responding | use-responding,likely misspelling / mishearing,salon-075,int of this for us is that we didn't want to useresponding times for us is that we didn't want to use C
usd,1,1,use | used | us,"check: unusual word, term or non-English",salon-077," If you're in Canada, Canadian dollars or 15 Usd outside of Canada. Is what I'm making them a"
usc's,1,1,uses | use's | usb's,"check: unusual word, term or non-English",interview-026,"e're now collaborating with Garrett Flynn of USC's Media Arts, Games, and Health Department and"
usbekistsan,1,1,Uzbekistan,likely misspelling / mishearing,presentation-005,"and to CAMUZ, the Contemporary Art Museum of Usbekistsan. It's been such a pleasure being part of thi"
usaide,1,1,usage | us aide | us-aide,"check: unusual word, term or non-English",salon-093,mer interaction and diversity in places like USAide and Boston and AsiaD Auto stores and Awesome
ursula,1,1,Ursula,likely misspelling / mishearing,salon-031,like the octopus too it's a fan favorite big Ursula fan so I like octopus or octopi octopi I thi
ursa,1,1,ours | urs | urea,"check: unusual word, term or non-English",salon-100, spending time in germany here's lee day and ursa and liquor you know basically doing us a fan
urias,1,1,arias | Uriah | Uris,likely misspelling / mishearing,salon-046,"Bot Genomics. Sure, exactly. And then Isabel Urias, who did these nice big prints. And so anoth"
urgansch,1,1,,"check: unusual word, term or non-English",salon-100,", these works that were in the exhibition in Urgansch were digital prints from scans of these artw"
urganche,1,1,urgent,"check: unusual word, term or non-English",salon-108,at our digital reel that we put together for Urganche was the entire exhibit was so well received 
urbino,1,1,urban | Urbino | urbane,"check: unusual word, term or non-English",salon-083, to look at works like you know the Venus of Urbino? The woman lounging the classic overly sort 
urak,1,1,arak | uric | ureic,"check: unusual word, term or non-English",salon-106,"a. And I was also doing a research about the Urak Lawoi people, who are these sea gypsies in T"
upsharing,1,1,up sharing | up-sharing | ups haring,likely misspelling / mishearing,salon-054,reate not so long ago. So trying to start to upsharing a new age of digital creators like us.
upmusic,1,1,up music | up-music,likely misspelling / mishearing,salon-100, organizations where there are folks who end upMusic requirement videos around When would this fo
upcycling,1,1,up cycling | up-cycling,likely misspelling / mishearing,interview-030," go in landfills, and I was like, what about upcycling them into art, but really thinking about obs"
unsharing,1,1,uncaring | untiring | unsparing,likely misspelling / mishearing,salon-033,"ave a question. Yeah.  Marla? Would you mind unsharing your screen, David? Yeah, let me do that. Th"
unrepent,1,1,unripeness,"check: unusual word, term or non-English",interview-028,"h technology, but I wouldn't say I'm like an unrepent, unrepentant tech optimist. I try to be very"
unrearable,1,1,unbearable | unreadable | unwearable,likely misspelling / mishearing,interview-005,hat you put up an NFT recently. Right. Yeah. Unrearable.
unrarible,1,1,,"check: unusual word, term or non-English",salon-012, noticed some of them are even services like UnRarible that guy Mark Cuban you know like from Shark
unrareable,1,1,unarguable,likely misspelling / mishearing,salon-014, sort of crew of people they're kind of like unrareable actually that I guess you know I've been inv
unpushed,1,1,unpunished,likely misspelling / mishearing,salon-109," to. I'm so sorry. That button is completely unpushed, isn't it? I thought I was sharing.  Oh, gos"
unprofound,1,1,,"check: unusual word, term or non-English",roundtable-003,are a final thought it can be as profound or unprofound as you want it to be. And maybe Cynthia sinc
unpeel,1,1,unreel,likely misspelling / mishearing,salon-063,ions with the natural world and also sort of unpeel all the layers of insulation that a modern c
unmonopolizable,1,1,,"check: unusual word, term or non-English",salon-055, to help fund a impact medicine fund to take unmonopolizable therapies and drugs and take them to market 
unminted,1,1,unmanned | unmated,"check: unusual word, term or non-English",salon-087,"e, a lot of the works in our exhibitions are unminted as well. Our priority first is to be a place"
unmike,1,1,unlike | unmake,likely misspelling / mishearing,salon-084,"oday. You can either raise your hand or just unmike. And. And if nobody does, I have a question "
unm,1,1,umm | um | uno,"check: unusual word, term or non-English",interview-021," went to Albuquerque, New Mexico, University UNM University of New Mexico in Albuquerque, cau"
unkachug,1,1,,"check: unusual word, term or non-English",salon-015,"Lenni, Lenape tribe, the Canarsie tribe, the Unkachug and Shinnecock tribes, who people the lands "
univers,1,1,universe,likely misspelling / mishearing,salon-097,es where I worked with math experts some use univers Gu Florida University level math Meliek beli
univac,1,1,Univ. | univocal,"check: unusual word, term or non-English",salon-083,ata. Honeywell Sperry ran super computer and univac at a research center in St. Paul. So I didn'
unger,1,1,under | anger | hunger,likely misspelling / mishearing,salon-013," started out a photographer, kind of a Felix Unger, weddings and portraits, a specialty. And as"
unfucked,1,1,untucked | unfocused | unfocussed,likely misspelling / mishearing,salon-099," I never would be putting stickers out about Unfucked the park, or things, you know, really the bu"
unexhibited,1,1,,"check: unusual word, term or non-English",salon-091,actually exhibited. So I was showing you the unexhibited pieces as I was feeling my way to this one. 
unexcusable,1,1,inexcusable,likely misspelling / mishearing,interview-024,"countering a greater onslaught of, you know, unexcusable and indisputable collapse. Social and ecolog"
underpaintings,1,1,underpainting | underpinnings | under paintings,likely misspelling / mishearing,salon-047,"know, kind of just completely apart from the underpaintings.  These were actually done a while ago, like"
underenter,1,1,under enter | under-enter,likely misspelling / mishearing,salon-101,h various cultures that we're all part of. I underenter thinking about.  Renaissance portraiture. Es
underdale,1,1,underdone | undersell | undervalue,"check: unusual word, term or non-English",salon-109," are lots of spaces here like Georgia states Underdale van and video performance. Oh, I forgot to t"
undercamera,1,1,under camera | under-camera,likely misspelling / mishearing,interview-030,"binet of Curiosities, but mine is called www Undercamera."
underappreciated,1,1,under appreciated | under-appreciated,likely misspelling / mishearing,interview-010,"hat talk about friends of his that have been underappreciated or the government, not paying attention to p"
unconsumable,1,1,,"check: unusual word, term or non-English",salon-096,"s. I never created objects. My stuff is very unconsumable. It's livable. You go inside it, and you lea"
unc,1,1,uno | inc | ounce,"check: unusual word, term or non-English",interview-030,"ainter was being an artist. And so I went to UNC Greensboro in North Carolina, and then I mov"
unblowered,1,1,,"check: unusual word, term or non-English",salon-084,"nally from Connecticut, whatever, and I just unblowered my background so that people can see that on"
umpta,1,1,ump | umps | umpteen,"check: unusual word, term or non-English",salon-039,t be here macro media director won't be here umpta you know it's and I guess with nfts as someo
umorphic,1,1,,"check: unusual word, term or non-English",salon-020," Fuller, the great circles. And it has these umorphic tessellations influenced by Escher. And, and"
umita,1,1,unit | unite | Sumita,"check: unusual word, term or non-English",salon-081,Sure. And I know about it through Umita actually and she couldn't join us today beca
umar,1,1,Umar | Omar | Kumar,likely misspelling / mishearing,salon-040,nstruction of Victor Bout's plane. That's in Umar Khawain from the ad that was actually repres
umalquain,1,1,,"check: unusual word, term or non-English",salon-037,movie. And it's in a Northern Emirate called Umalquain.  And I scanned it with my cell phone. And t
ulrich,1,1,Ulrich,likely misspelling / mishearing,interview-006,"t that was curated by Shumon Bashar and Hans Ulrich Obrist for God's sakes. You know, so I mean,"
uic,1,1,pic | Vic | sic,"check: unusual word, term or non-English",salon-094,"al class, School of the Arts of Chicago, the UIC, Northwestern, DePaul, just you name it. Ave"
ufiti,1,1,unit | unity | unite,"check: unusual word, term or non-English",interview-008,"d of like junior high school and went to the ufiti I mean had the lucky, lucky life that let me"
ueo,1,1,Leo | uno | geo,"check: unusual word, term or non-English",salon-102," materials. As an example, the label for one UEO that I worked on read, catalog number 1211. "
uel,1,1,Mel | fuel | url,"check: unusual word, term or non-English",salon-102,al collection information. The labels in the UEL collection lacked data for most categories. 
uecker,1,1,Decker | decker | necker,likely misspelling / mishearing,interview-011,"d in Dusseldorf. And. I studied with Gunther Uecker, even though I was really, I wanted to study"
udocast,1,1,addicts | adducts | edicts,"check: unusual word, term or non-English",roundtable-005,"d which blew my mind sound courses. So I had udocast Nabi Kubota as teachers, and I took everythi"
udis,1,1,dis | Audis | Judis,likely misspelling / mishearing,salon-091,r's work. It's the closest I've seen to what Udis and Tony Longston and myself did back in the
uda,1,1,Ada | ada | du,"check: unusual word, term or non-English",salon-087,k you sherry wonderful series I'm a pixel by Uda Renata one of our round artists we're both A
uc's,1,1,up's | UDC's | uv's,"check: unusual word, term or non-English",salon-108,"n't know. That's true. I don't know. I don't UC's piece, I love the sections of it. Organic ge"
ubermensch,1,1,,"check: unusual word, term or non-English",interview-018,"But they're also sort of the ubermensch, or every man and every woman. I mean, clown"
tycho,1,1,Tyco | tyco,likely misspelling / mishearing,salon-086,Thank you. And that's is that Morris? That's Tycho Browner from Netherlands.  Caro Ramonde righ
tybee,1,1,type | Tybee | Tyree,"check: unusual word, term or non-English",salon-091,"ide of New York City, but I'm reporting from Tybee Island. My husband and I are working remote."
tx,1,1,tax | tux,likely misspelling / mishearing,salon-078,", I know in that collective I mentioned that Tx collective. There are native mandarin speake"
twombly's,1,1,,"check: unusual word, term or non-English",interview-028,"ly. But anyway, it's a book about poetry and Twombly's love of poetry. And anyway, I love. I love T"
tweened,1,1,tweeted | twinned | twined,likely misspelling / mishearing,salon-057,gestural.  Marks that became masks that were tweened in Flash. So the video was composited in Fla
tuscany,1,1,Tuscany | Tuscan | Tuscans,likely misspelling / mishearing,interview-009,"y be Modigliani. You know, that is also from Tuscany like myself. So he's from Ljubljana. And I r"
tuscaloosa,1,1,Tuscaloosa,likely misspelling / mishearing,salon-078,ng in the big city has never been outside of Tuscaloosa wonders if they have the same kind of food. 
turnbull,1,1,Turnbull | turn bull | turn-bull,likely misspelling / mishearing,interview-014," I took some anthropology courses with Colin Turnbull, who was an amazing teacher and anthropologi"
turay,1,1,tray | turret | turvy,likely misspelling / mishearing,salon-096,"oration with very talented painter, Maderick Turay. Let me show you his art first.st It's very "
tunisia,1,1,Tunisia | Tunisian,likely misspelling / mishearing,salon-031,ideas. So I like to coordinate with tech for Tunisia. And actually I already found some European 
tuningnikwed,1,1,,"check: unusual word, term or non-English",salon-107,democracy MAEC Tuningnik Tuningnik Tuningnik Tuningnikwed It was a machine hell and I'm very proud bec
tulsa,1,1,Tulsa | tulsi | Tula,likely misspelling / mishearing,salon-078,t's just a line like this. The bus ride from Tulsa was enough for me for a lifetime. Then she s
tulane,1,1,Tulane | Toulon | Tulare,likely misspelling / mishearing,salon-014,ved in New Orleans. I went to grad school in Tulane. So I lived in New Orleans for a number of y
tukoi's,1,1,tuck's,"check: unusual word, term or non-English",salon-053,"most fringes of a direction. I'm thinking of Tukoi's.  Cyanotype and Van Dyck brown prints, which"
tsx,1,1,tax | thx | tix,"check: unusual word, term or non-English",salon-074,"t. We haven't decided what the first hashtag TSX will be, but if it is life on Mars, then tha"
tsh,1,1,tbh | ash | ish,"check: unusual word, term or non-English",presentation-008,landscape or replicate something that is in (TSH Kent??) for example. How do you go about ima
tsang,1,1,sang | tang | twang,likely misspelling / mishearing,salon-035,"re you can see, I have a picture from Po Sai Tsang. And probably this is how I started to be an"
trustless,1,1,crustless | trestles | rustless,likely misspelling / mishearing,interview-012," at least, or at least, or at least making a trustless Providence, you know, highly, highly quantif"
trumbull,1,1,Trumbull | turmoil,likely misspelling / mishearing,salon-068,"ure? I mean, I certainly, I just showed this Trumbull painting from 200 years ago. Typical America"
trs,1,1,try | Mrs | drs,"check: unusual word, term or non-English",interview-005,u know right when like I mean I grew up with trs 80s in the classroom learning basic their ap
trouver,1,1,trouser | trover | trouper,likely misspelling / mishearing,salon-106,All compressed. All kannstolden. All lieu de trouver des incons zawsze? Yes. It will be presented
trou,1,1,thou | trot | trio,"check: unusual word, term or non-English",salon-090," there were two cameras, one going up to the Trou, World Trade Sound Towers, and one coming do"
trivichigan,1,1,,"check: unusual word, term or non-English",salon-105,"maTime, this is very important, because Mike Trivichigan, Mike Trivich from 1972, sent me an article "
triple-quadrat,1,1,triple-quadrant | triple-quadrate | triple-quad-rat,likely misspelling / mishearing,salon-070,"that I use. And then this is another type of triple-quadrat. It's a quadruple exposure. Again, that's pa"
trina,1,1,Trina | Tina | trine,likely misspelling / mishearing,salon-078,"ances the body of text. On the left you have Trina Charmans, Peter Pan, and she is literally sh"
trienda,1,1,trained | trend,"check: unusual word, term or non-English",salon-108,nitor on the right has Bill Rogers and Maria Trienda Fellows. And here's a photo of Colin's artwo
tricia,1,1,Tricia | trivia | trice,likely misspelling / mishearing,interview-027,"o redesign the Rauschenberg Shiner piece for Tricia Brown's set and reset. So yeah, that's what "
trich,1,1,rich | Trish | Erich,likely misspelling / mishearing,salon-105,"nt, I… I asked a couple of friends, and Mike Trich again, said, well, there's a new computer st"
tribeca,1,1,Tribeca | tribe | tribes,likely misspelling / mishearing,salon-020,"w 19.  There. I have a piece up right now in Tribeca. And it's a small installation, but I had th"
triacontahedron,1,1,,"check: unusual word, term or non-English",salon-020,"ph. And then added this thing, it's called a triacontahedron that I built in the Cubicomp.  And then I ha"
trenton,1,1,Trenton | Renton | Brenton,likely misspelling / mishearing,salon-012,ich is in southern new jersey near it's near trenton it's in a place called hamilton township and
trejo,1,1,Trejo | tree | trey,likely misspelling / mishearing,salon-053,he original photograph was taken with a Palm Trejo smartphone in 2006. Here's another Michigan 
treffert,1,1,,"check: unusual word, term or non-English",salon-037,There is a doctor by the name of Darryl Treffert. He's the Rain Man doctor. And he talks abou
treescapes,1,1,trees capes | trees-capes,likely misspelling / mishearing,salon-024, figure out how can I break the plane of the treescapes.  And I have a video. I do sometimes do thes
treadwell,1,1,tread well | treadle | tread-well,likely misspelling / mishearing,salon-068,"nt to show something. Just, good show I'm in Treadwell New York, about 300 miles up in the middle o"
travaliers,1,1,travelers,likely misspelling / mishearing,salon-092,De l'erte travaliers et nouves alerts critiques.
traubach,1,1,,"check: unusual word, term or non-English",salon-031,ou guys have never heard of this bartholomew traubach guy he does the tree rings like where he's t
transultopia,1,1,,"check: unusual word, term or non-English",salon-031, I want to talk about a little bit about the Transultopia because this series is a kind of a booming t
transomination,1,1,transamination,likely misspelling / mishearing,salon-031,eet together.  So I also developed the other transomination. It's more like a geometric metric mathemati
transhuman,1,1,transhumant | transhumance,likely misspelling / mishearing,interview-028,"o or 100 years ago. And so we are, you know, transhuman to those ancestors of ours. Right? So I thin"
transgenerational,1,1,,"check: unusual word, term or non-English",salon-102, scientific studies citing the epigenetic or transgenerational inheritance Of sensitivity to the scent of c
transforma,1,1,transforms | transform | transformer,likely misspelling / mishearing,salon-099,"t recently, I've been collaborating with the Transforma theater group on BioAdapted, which is a reen"
transcape,1,1,transact,"check: unusual word, term or non-English",salon-098,"ollected. I know Roz actually owns this one, Transcape. And there's a few that were collected by th"
trans-atlantic,1,1,transatlantic,likely misspelling / mishearing,salon-065,ones that ended up in the Americas after the Trans-Atlantic slave trade. The ones that were forced to le
tr,1,1,,"check: unusual word, term or non-English",interview-007,en we all started seeing. I was working on a TR. That always became the graphics.
tquok,1,1,,"check: unusual word, term or non-English",salon-042," Dickey, Andy Thomas, Dean Stein-Hassenroff, Tquok Mugrower,"
tp,1,1,to | top | tip,"check: unusual word, term or non-English",salon-029,Well. We can't 2Tp you. We can't do that. We can't do that. All
toynbee,1,1,Tony | Toynbee,"check: unusual word, term or non-English",interview-024,"he significance of Native Americans. I mean, Toynbee, the great English historian of the 19th and"
townhill,1,1,downhill | town hill | town-hill,likely misspelling / mishearing,salon-107,Leroy Townhill from Prodigy. He plays here in Moscow and St
tova,1,1,nova | ova | toga,"check: unusual word, term or non-English",salon-099,"ame's Clara Francesca, and I'm Gemma Chatima Tova for those practicing today. I'm calling in f"
tournure,1,1,turner,"check: unusual word, term or non-English",salon-100,"hall, we're preparing cheese, cheese, cheese tournure, young people, play cheese, chess.  You know"
toulouse-lautrec,1,1,,"check: unusual word, term or non-English",salon-069,"eeling of the, Renata Krupa, the time around Toulouse-Lautrec, so Alphonse Mucha and that whole Art Nouvea"
toulouse,1,1,Toulouse,likely misspelling / mishearing,salon-016,"enie was showed alongside another character, Toulouse, who you had seen moving earlier. And togeth"
touchpoints,1,1,touch points | touchpoint | touch-points,likely misspelling / mishearing,salon-099,"sciousness. And I use all different types of touchpoints, sometimes together and sometimes separate, "
touchdesigner,1,1,touch designer | touch-designer,likely misspelling / mishearing,salon-042,"nerative artwork made with a software called TouchDesigner. The main idea of this is take some chaos, s"
toshiba,1,1,Toshiba | Toshibas,likely misspelling / mishearing,salon-070,g.  Computer technology. My very first was a Toshiba CPM computer. And I use C basic. To generate
torrance,1,1,Torrance | Terrance | torrence,likely misspelling / mishearing,salon-091,"g caption. A place called the video image in Torrance, California. And this was this cubicomp syst"
toront,1,1,Toronto | torrent,likely misspelling / mishearing,salon-081, could maybe become below Vermont or Hello.  Toront! So one of the things I'd like everybody con
topogram,1,1,tomogram,likely misspelling / mishearing,salon-032,"han in Germany, of course.  And this is a CT topogram of a shark that was actually examined for st"
toolside,1,1,poolside | tooled | tool side,likely misspelling / mishearing,interview-005,"the time. I was using a program called Paint Toolside, which was my go to program for the time. Th"
tonski,1,1,tons | ton ski | ton-ski,likely misspelling / mishearing,salon-021,"interactive web work. And I brought in Chris Tonski, who's a web designer.  And we made this int"
tono,1,1,Tony | too | tons,"check: unusual word, term or non-English",salon-052," of these what you call noise generators. In tono di rumore, if you speak Italian. Now, the sc"
tommaso,1,1,tomes,"check: unusual word, term or non-English",salon-032,"one since looks, this is a red mandible from Tommaso D'Angelo from Italy.  Also interesting, it l"
tombstrolling,1,1,tombs trolling | tomb strolling | tombs-trolling,likely misspelling / mishearing,salon-105,"similar, like, brain rot, how you are, like, tombstrolling, and for AI, it's… I think it's gonna be an "
tomar,1,1,Omar | Tamara | Tomas,likely misspelling / mishearing,salon-094,the most recent version was collected by the Tomar Art Foundation. This is another piece of min
toma,1,1,tome | soma | to-ma,"check: unusual word, term or non-English",salon-102,"sented in Spelter Digital Art Collection and Toma Foundation, and she has been featured on Sci"
toluca,1,1,Toluca | telco | talc,likely misspelling / mishearing,salon-106,"rn Art in the city where I was living there, Toluca, Mexico.  Among other people. Yeah. And we h"
tolkien,1,1,Tolkien | toluene,likely misspelling / mishearing,interview-007,"ng games from just strict mythology, kind of Tolkien based.  Games they were looking to do scienc"
tok,1,1,too | took | top,"check: unusual word, term or non-English",presentation-002,"CEO of OpenAI, is trying to compete with Tik Tok. And when you look at those videos, they're "
todi,1,1,Todd | Jodi | todo,"check: unusual word, term or non-English",salon-008," be a. An artist, the artist in residence in Todi, Italy and. In the fall. And I'm going to be"
toda,1,1,today | Todd | soda,likely misspelling / mishearing,salon-057,s sobre humans ¿ influenza world en medio de toda esta pandemia se alimentan muchas preocupaci
tobey-like,1,1,toby-like | obey-like,likely misspelling / mishearing,interview-021,"e marks on a small scale, you know, the Mark Tobey-like scale. So I like the idea of combining diffe"
tishan,1,1,Titan | Tisha | titan,"check: unusual word, term or non-English",interview-029,"My friend Tishan Su, who has since become extremely Blue chip"
tisch,1,1,tics,"check: unusual word, term or non-English",salon-090,"80, I began teaching computer art classes at Tisch School of the Arts, New York University. In "
tintorello,1,1,,"check: unusual word, term or non-English",salon-048,"et. You know, I mean, you know, we went from Tintorello to Manet. You know, so I mean, I think that "
tintan,1,1,Titan | titan | tin-tan,likely misspelling / mishearing,salon-042,", Randy Musischewitz, Janice Randenburg-Lee, TinTan23x, Jan Swinbur, Frederick Pons, Diana Diavo"
tinnit,1,1,innit | tint | tinting,likely misspelling / mishearing,salon-046,"on piece. That shows three versions of.  Tin tinnit, which is a long, thin plankton. And it's a "
tikowai's,1,1,,"check: unusual word, term or non-English",salon-042,eel is about an hour and 10 minutes long. So Tikowai's work is generally portraiture that involves 
tik,1,1,til | tip | ti,"check: unusual word, term or non-English",presentation-002,"the CEO of OpenAI, is trying to compete with Tik Tok. And when you look at those videos, they"
tiepolo,1,1,tupelo | Tiepolo | tie polo,"check: unusual word, term or non-English",salon-085,"it would have the kind of perspective that a Tiepolo painting has.  And she said, and I look at i"
tibor,1,1,timor | Timor | tabor,likely misspelling / mishearing,interview-011,"think, I can't remember. I'm thinking it was Tibor Danagi, but maybe it wasn't. And I saw these"
thurston,1,1,thrust | thruster | thrusting,"check: unusual word, term or non-English",interview-016,"e downtown people doing art rock. Like I met Thurston Moore from Sonic Youth, Yoko Ono. A lot of p"
thurse,1,1,Theresa | Therese,"check: unusual word, term or non-English",interview-029," also works, still with BitForms by Michelle Thurse, who was an early curator of weird experimen"
thurs,1,1,Theresa | thus | tours,"check: unusual word, term or non-English",salon-045,day. It was organized by myself and Michelle Thurs. And it's on YouTube. If you follow me on so
thoseimmer,1,1,,"check: unusual word, term or non-English",salon-101,per Bowl mainly which was sort of taking off thoseimmer shapes in different forms and variety of sce
thomas's,1,1,Thomas's | Tomas's | themas's,likely misspelling / mishearing,salon-040,"sian artist, Mounth, and this is one of Andy Thomas's NFTs at the top, there's Nagin's piece, whic"
thisub,1,1,this,likely misspelling / mishearing,salon-034,yeah our twitter link is at texpressions for thisub of at l texpressions that's at the end of th
thiscon,1,1,this con | this-con,likely misspelling / mishearing,salon-100,the time and we saw this hospital and we saw thisCon podcast last night which I started reading e
thingnet,1,1,thing net | thing-net,likely misspelling / mishearing,roundtable-006,"lace for them all to meet. Patrick mentioned ThingNet, which I was a part of, you know, you create"
thierry,1,1,their | Thierry | theirs,"check: unusual word, term or non-English",salon-106,he first piece I did with Olivier Aubert and Thierry Fournier. And it was for a museum. It was a 
theune,1,1,then,likely misspelling / mishearing,salon-011,"of a song, I take it apart and I put it into theune and I put it into theahannsheater and I put "
theseeting,1,1,,"check: unusual word, term or non-English",salon-087,ups for relevant methods of participation in theseeting activities. That will seem like an apartment
therong,1,1,Theron | throng,likely misspelling / mishearing,salon-029,"Biennale number five, which is opening up at therong.org on November 1st.  I envision the current"
thermohaline,1,1,,"check: unusual word, term or non-English",salon-041,"ody out, like about how the Gulf Stream, the thermohaline conveyor belt that keeps, regulates the temp"
theophrastus,1,1,Theophrastus,likely misspelling / mishearing,salon-102,"cription of it, because it was documented in Theophrastus' Inquiry into plants, in Pliny the Alder's H"
theooks,1,1,theirs,"check: unusual word, term or non-English",presentation-009,"but the post-impressionists and the folks in theooks, the same thing, and the first and the only "
theodore,1,1,Theodore | Theodora,likely misspelling / mishearing,interview-024,"School. I'm blocking his name at the moment. Theodore Ardorno once said, and I quote him, I also w"
theodora,1,1,Theodore | Theodora,likely misspelling / mishearing,salon-033,onal Women's Day. This woman here is Empress Theodora of the Byzantine Empire.  And she was really
themitation,1,1,,"check: unusual word, term or non-English",interview-026,The major impact of the Batman in themitation is me BAMF BAMF BAMF
thelonious,1,1,,"check: unusual word, term or non-English",interview-021," just, I remember he would always be playing Thelonious Monk in the studio and that kind of got me i"
thelibris,1,1,,"check: unusual word, term or non-English",salon-098,"nd was painting and I call this, I call this thelibris.  And so this was probably an early, fairly "
theil,1,1,their,likely misspelling / mishearing,interview-011,ight I mean this is will pappenheimer tamiko theil gardens of the anthropocene and carla ganas 
thehaven,1,1,the haven | the-haven,likely misspelling / mishearing,salon-015,t was not for an original project it was for thehaven did the process of like they've been doing i
theatocus,1,1,,"check: unusual word, term or non-English",salon-085,"board, then comes up the light layers of the theatocus. I'm a I'm actually copying my rabbi kept co"
theahannsheater,1,1,,"check: unusual word, term or non-English",salon-011,t and I put it into theune and I put it into theahannsheater and I put it into snapshot and I use that al
thaturas,1,1,theaters,"check: unusual word, term or non-English",salon-087,religion and nyogenlle content with religion thaturas worship in understanding trans chúngris netw
textonomy,1,1,,"check: unusual word, term or non-English",salon-101,by normal motion skills right now if you use textonomy doesn't over and over again people start fin
textfreshenism,1,1,,"check: unusual word, term or non-English",salon-046,Also available at textfreshenism.com
tetradic,1,1,tetrad | tetrads,likely misspelling / mishearing,salon-075,"ary colors. In fact, even pick analogous and tetradic colors. I really like that feature. And of c"
tessa's,1,1,Tesla's | Tessa's | tesla's,likely misspelling / mishearing,salon-095," also I really appreciated, particularly the Tessa's community and early on, you know, I think yo"
tesos,1,1,tests | Tess | pesos,likely misspelling / mishearing,salon-081," be minted onto the blockchains ethereum and tesos, and we'll be having a drop on the opening d"
terrence,1,1,Terrence | Terrance | Terence,likely misspelling / mishearing,salon-039,"his idea of novelty theory? There was a guy, Terrence McKenna, who, wrote a lot about like sort of"
terre,1,1,Terry | terra | Terra,likely misspelling / mishearing,salon-087, spent a lot of time I moved I'm coming from Terre Haute Indiana and I'm originally from Califo
tenzer's,1,1,tenders | tender's | tensor's,likely misspelling / mishearing,roundtable-003,called Aqua Turbulentum. It's based on Lucas Tenzer's studies of how waters of coastal and open wa
tenzer,1,1,tender | tenser | tensor,likely misspelling / mishearing,roundtable-003,Oceanographic Institute with scientist Lucas Tenzer. And I also have work. I'm working with Nanc
tencel,1,1,Tenneco | Tercel | tercel,"check: unusual word, term or non-English",interview-003,"y famous sculptor who, you know, worked with Tencel technology with his work and was really amaz"
teletubbies,1,1,Teletubbies,likely misspelling / mishearing,salon-057,"ings. It's sort of, there's a feeling of the Teletubbies just gone absolutely wild and scared. Yeah. "
teledeporting,1,1,tele deporting | tele-deporting,likely misspelling / mishearing,salon-099,"reness around the unfair immigration laws by teledeporting Spock. Or it could take the form of, like, a"
teja,1,1,deja | tea | Deja,"check: unusual word, term or non-English",salon-045,any called Monograph. And then finally Nadia Teja who is from Snark Art. And I don't know if y
tedx,1,1,Ted | ted | teds,likely misspelling / mishearing,salon-093,et News and has been archived for viewing at TEDx. Some INTODA immunizations data desk digitiz
techspressionum,1,1,,"check: unusual word, term or non-English",salon-023,"d. Well, hello, everyone, and welcome to our Techspressionum salon number 23, I believe, right? Yes. The "
techspressionistiness,1,1,,"check: unusual word, term or non-English",salon-040,es that are sort of analog but kind of early Techspressionistiness so I'll just see if I can share them with yo
techspressioncolab,1,1,,"check: unusual word, term or non-English",salon-009," address. What was it? It was like... It was techspressioncolab.com.  I will copy and paste it. Yeah, that m"
techspression,1,1,,"check: unusual word, term or non-English",salon-058,hat's what I call it on my portfolio website techspression but underneath I did write abstract because 
techspress,1,1,,"check: unusual word, term or non-English",salon-058,"Welcome, welcome, welcome to our Techspress virtual salon. I'm your moderator, Davonte B"
techspresh,1,1,,"check: unusual word, term or non-English",salon-037,"o, hello, hello, and welcome everyone to our Techspresh Newsome virtual salon. I am your host, Davon"
techspecialism,1,1,,"check: unusual word, term or non-English",interview-014,"ion show, Tech Specialism. And you can go to techspecialism.com and hear about all of these things. Have"
technoism,1,1,,"check: unusual word, term or non-English",salon-008,"ow, if I say how it is getting help, so your technoism, or I say the technique of zooming, then sca"
technoculture,1,1,,"check: unusual word, term or non-English",salon-099," to have a conversation about, you know, our technoculture At the same speed of technological innovatio"
techne,1,1,techno | techie,likely misspelling / mishearing,salon-107,in tubes. So technology is actually the word techne means art. So that's why I did that NFT that
techjury,1,1,tech jury | tech-jury,likely misspelling / mishearing,salon-043,ion. So I got these facts from a site called techjury.net and I can put the link in the chat for t
tech-squizit,1,1,,"check: unusual word, term or non-English",salon-068,at random? Them how about in the forest It's tech-squizit corpse. Does it have a spell checker? Obviou
tbilisi,1,1,Tbilisi,likely misspelling / mishearing,salon-092,"reasons. And yeah, before we were in Georgia Tbilisi. So yeah. So now in Moscow. Don't know. Mayb"
tb,1,1,t.b.,"check: unusual word, term or non-English",salon-016, were made up you know all the people in the tb commercial is just random people in the agen
tava,1,1,Java | lava | fava,"check: unusual word, term or non-English",salon-065,at but there was a lot thank you yeah thanks tava yeah that's kind of what I've been up to or 
tautangles,1,1,taut angles | taut-angles,likely misspelling / mishearing,salon-102,he brain because of the… Disruption with the tautangles and amyloid proteins is that these cells are
tatiana,1,1,Tatiana | Tatyana,likely misspelling / mishearing,roundtable-003,"ature Lab, said, do you have to hook up with Tatiana Rierson? And Suzanne Mendendor?  And I event"
tasmine,1,1,jasmine | Tasmania,likely misspelling / mishearing,salon-105,"  Yeah. So, absolutely.  Alright, my name is Tasmine. I am presenting to you today a video game t"
tasmania,1,1,Tasmania | Tasmanian,likely misspelling / mishearing,salon-109,"h for the study of oscillation. For Triassic Tasmania, it was a robot mouse with real cat whiskers"
tasmai,1,1,Tasman | tams,likely misspelling / mishearing,salon-072,"pace's second Biennale in collaboration with TASMAI, a Center for Art and Culture. And Malavika "
tashu,1,1,Tasha | tat,likely misspelling / mishearing,salon-063,"ions. So Michael, do you have a question for Tashu? Yes, thank you. Wonderful presentation so f"
tashkan,1,1,Tashkent,likely misspelling / mishearing,presentation-008,lding resembles a museum which is located in Tashkan (not sure of the spelling) and was construct
tashin,1,1,Tatiana,"check: unusual word, term or non-English",salon-080,"hing ways in Web 3, so that can be books. So Tashin put out a book on nfts which created a big b"
tashent,1,1,Tashkent,likely misspelling / mishearing,presentation-008,ure here in Qarshi. It's still available in [Tashent] fortunately but yeah it's being just decons
tarzan,1,1,Tarzan | tartan | tarpan,likely misspelling / mishearing,salon-076,es were you working on at that time oh golly Tarzan oh gosh a whole bunch of different ones I me
tard,1,1,hard | trade | yard,"check: unusual word, term or non-English",salon-037,", it's like, I'll just say here here's later tard here's Clifford still here's he's kind. And "
tapis,1,1,tapas | tapes | taxis,likely misspelling / mishearing,interview-008,"g like a San Francis watercolor, you know, a tapis drawing. So these are things that we had in "
tapest,1,1,tapes | tamest | tape's,likely misspelling / mishearing,interview-019,"k, if you don't mind. I have a question. Did tapest, your textile art, your tapestry and dresses"
tanzer's,1,2,tankers | tanner's | tanners,likely misspelling / mishearing,salon-089,rqua turbulentum and that was based on Lucas Tanzer's studies of eddies along water body boundarie
tantown,1,1,tan town | tan-town,likely misspelling / mishearing,salon-078," Er Jay, the Belgian who created the beloved Tantown books. And in this case there's even languag"
tantize,1,1,tantalize,likely misspelling / mishearing,salon-048,ake it wider or less so. And you can see him tantize. And the phone booth at the bottom in Englan
tantan,1,2,tartan | tan tan | tan-tan,"check: unusual word, term or non-English",salon-072,e transparent. And here's another bit where. Tantan is. Confronting a giant red mushroom that's 
tanta,1,1,Santa | Tanya | Tania,likely misspelling / mishearing,salon-076,"his work, you have some. Of the old familiar Tanta images. On the left, the black. Shapes are a"
tanny,1,1,Danny | Manny | nanny,likely misspelling / mishearing,interview-024,"ic dropout from the 60s. And so a lot of my, Tanny Hanninger wrote a great article on it in whi"
taninim,1,1,tanning | tannins | tannin,"check: unusual word, term or non-English",salon-102,"ently there's one word for both, it's called taninim.  And it's the first animal that appears in "
tandon,1,1,Landon | tendon | tandoor,likely misspelling / mishearing,interview-030,"umor. Gannis is an Industry Professor at NYU Tandon, and holds an MFA from Boston University.  H"
tamerlane,1,1,Tamerlane | timberline | tamer lane,likely misspelling / mishearing,salon-100,"another shot there of, from the, the Tomb of Tamerlane in Samarkand, which I had always wanted to v"
tambolini's,1,1,,"check: unusual word, term or non-English",salon-019,"et School and, you know, like, and, and Aldo Tambolini's space, that sort of thing. And just a lot of"
talda,1,1,told | Talia | Alda,"check: unusual word, term or non-English",salon-029,"Thank you, Talda. Glad to have you. All right. Next up. Next "
talasari,1,1,,"check: unusual word, term or non-English",interview-019,"der which she worked with warly artists from Talasari, Maharashtra, to create mixed media painting"
taklamakan,1,1,,"check: unusual word, term or non-English",salon-102,"thiopia, to the desert of western China, the Taklamakan Desert, which is a growing desert.  Into are"
takaki,1,1,tack | tacky,"check: unusual word, term or non-English",salon-102,"gy nuclear physicist from CERN, Daniel Tapia Takaki, and a computational mathematician, Agnieska"
taishi,1,1,tight,"check: unusual word, term or non-English",salon-033, because she had a poetry meeting oh because taishi was a part of the piece ah yeah well she did
tahlequah,1,1,,"check: unusual word, term or non-English",salon-035," during the Dust Bowl. And I happen to be in Tahlequah, Oklahoma currently, whenever we were workin"
tagore,1,1,Tagore | Taggert | tag ore,likely misspelling / mishearing,salon-052,"in and the Indian Bengali poet, Rabindranath Tagore. They met backstage at the Nobel Prize Award"
tagalog,1,1,Tagalog | tagalong,likely misspelling / mishearing,salon-076,"ring languages. It seems like now I'm seeing tagalog, whatever. I don't even know what that is. B"
taenzer's,1,1,teaser's,"check: unusual word, term or non-English",presentation-003,"ioned, we worked on a project based on Lukas Taenzer's studies of eddies or water whirlpools along "
taenzer,1,1,teaser | teenier,"check: unusual word, term or non-English",presentation-003,"ion.  In 2025, I worked with scientist Lukas Taenzer from Woods Hole Oceanographic Institution an"
tacitile,1,1,tactile | tactual,likely misspelling / mishearing,interview-005,"ate VR. And they're trying to create VR with tacitile experiences within VR spaces. So, like, you "
tabo,1,1,taco | tabs | tab,"check: unusual word, term or non-English",salon-084,"Yes, absolutely. We miss you, Tabo. Hope you'll be back. Okay. So today's theme"
systeme,1,1,systems | system | system's,likely misspelling / mishearing,salon-106,incorporation of artificial intelligence. So Systeme. Yeah. Want to welcome you.
syria,1,1,Syrian | stria,likely misspelling / mishearing,salon-033,can art gallery owner. We had an artist from Syria is one of our judges and we put together a d
synodics,1,1,synodic | syndics,likely misspelling / mishearing,interview-012,o Fine was part of that. And this concept of synodics was a concept that in his mind joined input 
synnthrobe,1,1,,"check: unusual word, term or non-English",salon-102,"ect I wanted to share with you is called the Synnthrobe Preserve. And I do a lot of those immersive,"
synergizing,1,1,,"check: unusual word, term or non-English",salon-108,"er. Juxtaposition of how things were kind of synergizing together, if you will. And these are just so"
synchronisions,1,1,,"check: unusual word, term or non-English",salon-090,ographs with music cards and DA David bloody synchronisions in video recorded via Sony Quando Van Halen 
synagraphic,1,1,,"check: unusual word, term or non-English",salon-052, and art and technology and even some of the synagraphic. People when I would explain to them that I 
synaesthetic,1,1,synesthetic,likely misspelling / mishearing,salon-037,"'s on, I can see her. We are in touch with a synaesthetic expert. Her name is Dr. Barrett Brogard. And"
sydow,1,1,,"check: unusual word, term or non-English",salon-034,"to be as naive or as precious as the Max von Sydow character in Hand Under Sisters, where the g"
swinning,1,1,winning | swimming | swinging,likely misspelling / mishearing,salon-079,"o I switched to lying down on the ground and swinning, spinning, spinning the phone instead of the"
swinbur,1,1,swinger,"check: unusual word, term or non-English",salon-042,"ewitz, Janice Randenburg-Lee, TinTan23x, Jan Swinbur, Frederick Pons, Diana Diavola, Lee Day, Sus"
swedish,1,1,Swedish,likely misspelling / mishearing,salon-068,"r is an opera singer, otherwise known as the Swedish Nightingale. And I just love the exuberance "
sweden,1,1,Sweden | Swede | Swedes,likely misspelling / mishearing,salon-078,"in a at a large scale. And it was in London, Sweden. And you can see here that II was basically "
svalter,1,1,saltier | salter | svelter,likely misspelling / mishearing,salon-015,"h people a little bit. I remember asking and Svalter about this with working with AI and, and rec"
suu,1,1,us | sun | sub,"check: unusual word, term or non-English",interview-027,ly exciting and also has screened at the San Suu Kyi Film Festival and the San Francisco Danc
suturist,1,1,futurist | sutures,likely misspelling / mishearing,salon-029,reton's Surrealist Manifesto and Marinetti's Suturist Manifesto. I was inspired by the work of the
susana,1,1,Susan | Susana | Susanna,likely misspelling / mishearing,salon-021,"another one of my big breakthroughs was that Susana Mendendur, who's the head of the lab at URI,"
sus,1,1,sis | sue | sun,"check: unusual word, term or non-English",interview-030,"Become more sus, I know, yeah. Here we go, so this is me wit"
surpord,1,1,,"check: unusual word, term or non-English",salon-077,"ought this was how the sculpture project was surpord started. I was thinking, like people, stuff "
surimpose,1,1,surmise | surmises,"check: unusual word, term or non-English",salon-087,ation. I explore a rich cultural heritage. I surimpose my own contemporary theme and idea. The 12 f
suri,1,1,sure | Surrey | surf,"check: unusual word, term or non-English",salon-083,"ioneer, basically him Ver vera molnar chuck, Suri. I'm not sure if I'm pronouncing that right."
surfskate,1,1,surf skate | surf-skate,likely misspelling / mishearing,interview-008,"ublished as two monographs, radiographic and surfskate, published by Glitterati edition. His work h"
surfingthecosmos,1,1,,"check: unusual word, term or non-English",salon-052,ation at my website just for the book called surfingthecosmos.com. You can find a lot of information there
surfeying,1,1,surveying | surfing | surf eying,likely misspelling / mishearing,salon-052, the result of that time is this book called Surfeying the Cosmos. And Neil wrote a really interest
sunstrom,1,1,sunstroke | swnstrom,likely misspelling / mishearing,salon-052," Cynthia D Donato, M.D.: Pamela fat you know sunstrom is an artist driven by fascination with anti"
sunjin,1,1,Sunni,"check: unusual word, term or non-English",salon-095,"st of all, introducing myself is, my name is Sunjin and I'm a digital artist. Digital means phys"
summerkan,1,1,sumomerkan,likely misspelling / mishearing,presentation-003, Urgench which actually can still be seen in Summerkan. And urge anyone - everyone to join us for t
sumir,1,1,summer | Samir | Sumer,"check: unusual word, term or non-English",salon-009," called Sputnik's Sweetheart Love Letter for Sumir, and it's based on a Haruki Murakami novel. "
sui,1,1,sue | us | sun,"check: unusual word, term or non-English",salon-104,"is supposed to… everything is supposed to be sui generis and not rely on any outside,"
suggesture,1,1,suggester,likely misspelling / mishearing,interview-001,was kind of like a bridge piece. It's called Suggesture. And this is the first piece that incorporat
suburiana,1,1,suburban,likely misspelling / mishearing,salon-077,"even, or you want to talk a little bit about Suburiana and the sort of a next steps. I guess you're"
subramaniam,1,1,,"check: unusual word, term or non-English",interview-019,Yeah that's a work by kg subramaniam he's a very he was a famous artist now he is
submunaii,1,1,subhuman,"check: unusual word, term or non-English",salon-098,r context. They use apps like Maggi. Natalia submunaii Natalia �ίν attending artificial programming
sublining,1,1,subliming | sub lining | sub-lining,likely misspelling / mishearing,salon-102,r chromatin. And it was an absurd attempt at sublining the audience into understanding the complex 
suavec,1,1,suave | suaver,likely misspelling / mishearing,salon-015,"-Bresson, you know, that idea of images a la Suavec, just observing the things we see around us,"
stylee,1,1,styles | style | styled,likely misspelling / mishearing,salon-108,"ponents, one that I did. Using a tool called Stylee AR, and one that Slavica did. So you see bot"
stuyvesant,1,1,Stuyvesant,likely misspelling / mishearing,interview-011,"ad it, we rented it out. We did this that in Stuyvesant town or is that a little bit?"
stumple,1,1,stumble,likely misspelling / mishearing,salon-061,"manufacturer called Stuart Semple, or Stuart Stumple out of England. And if you go to his website"
sts,1,1,its | sis | sets,"check: unusual word, term or non-English",salon-102,"ion is actually a term that Karen Barad, the STS scholar, coined to replace the word interact"
strui,1,1,stray | strut | strum,"check: unusual word, term or non-English",salon-102,"into the fold. So I'm working here with Lena Strui, who's a plant biologist at Rutgers, and, I'"
struggleless,1,1,struggles | strugglers | struggle's,likely misspelling / mishearing,salon-106, of the FA. Yeah. These works from 2014 were struggleless years now. Well this art house came into exi
stripey,1,1,stripes | striped | stripe,likely misspelling / mishearing,salon-009,"f things and it's a lot of fun. These little stripey things were, I had to figure those out, but "
streetlamps,1,1,street lamps | streetlamp | street-lamps,likely misspelling / mishearing,salon-073,"ning air, climbing up the yellow cone of the streetlamps light as though captured. He thought of the "
stratton's,1,1,Stratton's,likely misspelling / mishearing,interview-030,", early Gannis models for that. And so, Hoop Stratton's was about a peep box, and you're peeping in "
strassenbahn,1,1,,"check: unusual word, term or non-English",salon-054,"g a piece in Basel and writing the, the, the Strassenbahn, the trans there. And so that's what this wo"
strandle,1,1,strangle | straddle,likely misspelling / mishearing,salon-042,Mary Ann Strandle. Titled streaming flowers to slash brain acr
stoyer,1,1,store | stayer | stopper,"check: unusual word, term or non-English",salon-105,"eople, Nazar Goth.  And He's the engineer at Stoyer Express."
storyzine,1,1,storyline,likely misspelling / mishearing,salon-087,"t my piece are Snapseed, Distressed Effects, StoryZine, Clip2Comic, iPad Editor, and CapCut, my mos"
storyz,1,1,story | story's,likely misspelling / mishearing,salon-063," framing I use is from Snapseed. And also in StoryZ, I'm doing some alterating.  And I just, I t"
storytales,1,1,storyteller | storytellers | story tales,"check: unusual word, term or non-English",interview-003,"ummest, most exciting job to create creative storytales.  Like I could take 24 pages of the year in "
stockholm,1,1,Stockholm,likely misspelling / mishearing,salon-102,"nna pronounce this correctly, the Javalks in Stockholm. Commissions include projects for Museum of "
stil,1,1,still | stir | soil,likely misspelling / mishearing,interview-028,st Sasha Stiles everywhere. Sasha Stiles.com STIL ES. So pretty easy to find.
steven's,1,2,Steven's | Steve's | sevens,likely misspelling / mishearing,salon-083,tic. Of course it could be like per Stephen. Steven's great thing today. I don't know how people c
stevemillerart,1,1,,"check: unusual word, term or non-English",salon-052," Instagram at stevemiller.com and Twitter at stevemillerart. The floor is yours, Steve."
stevebiller,1,1,,"check: unusual word, term or non-English",salon-011,"er dot com. There's a commercial site that's stevebiller.art, just about selling.  There's a fashion "
stevebeller,1,1,,"check: unusual word, term or non-English",salon-029," to get my domain. Which is pretty ordinary, stevebeller.com. I was lucky to get there, because I kne"
sterman's,1,1,Sherman's | sterna's | steersman's,likely misspelling / mishearing,presentation-003,"isticated equipment. So we went to Dr. Barry Sterman's neuropsychology lab in Sepulveda,, Californi"
sterman,1,1,Sherman | sterna | steersman,likely misspelling / mishearing,presentation-003, I wanted to say I found out about Dr. Barry Sterman in his neuropsychology lab through Dr. Barba
sterey,1,1,story | stereo | starry,"check: unusual word, term or non-English",salon-088," artwork. He's not there today. See, this is Sterey. C. Vihan Khusla is from Calcutta Internatio"
stelo,1,1,Stella | steel | stela,"check: unusual word, term or non-English",salon-057,thing that was really crazy is that wolfgang stelo was doing a webcam installation at postmaste
stein-hassenroff,1,1,,"check: unusual word, term or non-English",salon-042,"them fast. Patrick Dickey, Andy Thomas, Dean Stein-Hassenroff, Tquok Mugrower,"
stein-hassenhoff,1,1,stein-shassenhoff,likely misspelling / mishearing,salon-014,"n, evening, wherever you are. We have Deanne Stein-Hassenhoff, which I'm not sure. Yeah. No, you got it. O"
stefano,1,1,Stefano | Stefan | Stefani,likely misspelling / mishearing,salon-087,ble on the Highlight platform. The artist is Stefano Contiero. This work is sort of interesting. 
stapek,1,1,stake | stapes,"check: unusual word, term or non-English",salon-089,useum of Art senior marketing manager. Erica Stapek of the Cape Cod Museum of Art education prog
stanton,1,1,Stanton | Staunton,likely misspelling / mishearing,salon-025,"Right. All right. Well, thank you very much, Stanton. I don't think there's two. Oh. Too many que"
stane,1,1,stand | state | Shane,likely misspelling / mishearing,salon-091,"nd I got introduced to the work of Woody and Stane of Vesulka.  So in 1983, there was this exhi"
staina,1,1,stains | stain | satin,likely misspelling / mishearing,salon-050,"don't know if any of you ever knew Woody and Staina Vasulka, but we they did some amazing custom"
ss,1,1,as | SAs,"check: unusual word, term or non-English",salon-080,"made this film, and primer is called Das das ss, which is like digital art supply something "
squigglies,1,1,squiggles | squiggle's | squiggliest,likely misspelling / mishearing,interview-007, the bean and the circles and all the little squigglies you've got basically noise that goes to infi
spunkneality,1,1,,"check: unusual word, term or non-English",salon-021,"'m not sure if you're too familiar with Zoom spunkneality. But if you're on desktop, which I'm not, I "
springfield,1,1,Springfield,likely misspelling / mishearing,salon-080,"il intensive care unit in at Peace health in Springfield, Oregon. This was also a very much loved job"
spoopy,1,1,spooky | snoopy | spotty,likely misspelling / mishearing,salon-055,"ght before Halloween, and things are getting spoopy in some places. I know we've updated our doo"
spoonflower,1,1,spoon flower | spoon-flower,likely misspelling / mishearing,salon-021,"val. I mean, the big banners were printed by Spoonflower on fabric. I just found out my Makerspace ha"
spock,1,1,Spock | spoke | stock,likely misspelling / mishearing,salon-099,"the unfair immigration laws by teledeporting Spock. Or it could take the form of, like, a locat"
spiritsism,1,1,spiritism,likely misspelling / mishearing,salon-020,", hello, hello, and welcome to our 20th Tech Spiritsism Virtual Salon. Yes, 20. It has been that man"
spinny,1,1,skinny | shinny | spiny,likely misspelling / mishearing,salon-022,"th old school movies. And I saw one of those spinny things go around once. And I was like, yes, "
spikey,1,1,spike | spikes | spiked,likely misspelling / mishearing,salon-055," close by playing you an excerpt from Rock a Spikey, which has been screened in a few places. Bu"
spexler,1,1,speller,likely misspelling / mishearing,salon-031,ial effects so this is a great thanks to and spexler that I joined NETiNOW curation. So we all kn
sperry,1,1,Perry | speedy | sherry,likely misspelling / mishearing,salon-083,olis was the home of control data. Honeywell Sperry ran super computer and univac at a research 
spencer,1,1,Spencer | Spenser | spender,likely misspelling / mishearing,salon-102,"of a collaboration that was generated by the Spencer Museum of Art, their Arts Integrated Researc"
spelter,1,1,shelter | specter | smelter,likely misspelling / mishearing,salon-102,"Bruges Triennial. Her work is represented in Spelter Digital Art Collection and Toma Foundation, "
spelman,1,1,superman,likely misspelling / mishearing,interview-011,d done I had done a sort of a show with lisa spelman at 303 and that was this very kind of very a
speedetological,1,1,,"check: unusual word, term or non-English",salon-107,h easier in terms of moving between software speedetological failure who wants and understanding running 
spectalia,1,1,speculate,"check: unusual word, term or non-English",salon-098,at. The theme this year is that the title is Spectalia and the idea is spectacle and that 100 years
spearhanding,1,1,spearheading | spear handing | spear-handing,likely misspelling / mishearing,salon-008," about that. Roz, would you be interested in spearhanding an interview series of trying to like group "
spaulder,1,1,spader | sparred,likely misspelling / mishearing,salon-037,"e that. I work a lot with a platform that... Spaulder and Carl Aganis introduced me to, and I'd al"
spattler,1,1,spatter | spatular,likely misspelling / mishearing,salon-056,urator. I still try to curate more shows and spattler she curate shows called Mft. Now she do like
spatialness,1,1,,"check: unusual word, term or non-English",salon-023, that and I tried to do that at first is the spatialness of virtual reality just doesn't translate to
spalterdigital,1,1,,"check: unusual word, term or non-English",interview-002,online resource for curators and scholars at spalterdigital.com. Anne's own artworks reside in the perma
spalding,1,1,Spaulding | scalding | spalling,likely misspelling / mishearing,salon-043,"so without further ado, let's start with and Spalding. And then we have Walter who's going to shar"
soyer,1,1,sober | Boyer | foyer,likely misspelling / mishearing,salon-028," top, the figures, I took it in Mallorca, in Soyer, which is a little village in the north. And"
southamptonartscenter,1,1,southamptoxartscenter,likely misspelling / mishearing,salon-042," of the works in this show, you should go to Southamptonartscenter.org.  There's a phone number there. There is"
soundwave,1,1,sound wave | sound-wave,likely misspelling / mishearing,salon-011,"ver been to SoundCloud or even just typed in Soundwave art, that's what I kind of just took a pictu"
soundsscape,1,1,soundscape,likely misspelling / mishearing,presentation-004,ages of the book. I also created an original soundsscape for each of the 23 second animations.  In 20
souffle,1,1,shuffle | soufflé | scuffle,likely misspelling / mishearing,salon-094,"two minute piece. The piece is called Pastel Souffle, which in English means pastel size. And the"
sorwhel,1,1,,"check: unusual word, term or non-English",salon-080,"that book is still available. Yes, I did nft sorwhel with the roses. I'm not doing that now, but "
soriano,1,1,Soriano | saurian,likely misspelling / mishearing,salon-072," music for this was by my two friends, Karen Soriano and Mitchell Walker.  Ditch and flute as jus"
soren,1,1,Soren | siren | sore,likely misspelling / mishearing,salon-047,"a little bit surrealistic. You know, I said, Soren Kierkegaard as anime style Mecca. I said, ok"
sonya,1,1,Sonya | Sony | Sonia,likely misspelling / mishearing,interview-026,"ry BAMF Center for the Arts, Emily Hartzell, Sonya Allen and I created four images. The images "
sont,1,1,sent | song | wont,"check: unusual word, term or non-English",salon-109,o. After that. My expression like many muito sont sources for COVID so we having Go multicolor
sonrisa,1,1,sunrise | snores,"check: unusual word, term or non-English",salon-110," couple of GLB file of Cha's here, the green sonrisa, which is part of a really large series he's"
sonjin,1,1,Sonja,"check: unusual word, term or non-English",salon-085,"ow, is the principal curator. Also Giovanna, Sonjin, Lee and Oceana Andreas are Co curators. And"
sonification,1,1,signification,likely misspelling / mishearing,salon-029,d. So I did some works. In the field of data sonification or sound visualization. But this one is pure
somnium,1,1,omnium,likely misspelling / mishearing,salon-015,to go from Decentraland to CryptoVoxel or to Somnium.  That is another metaverse actually very po
someme,1,1,Somme | some me | somme,likely misspelling / mishearing,salon-087,there for training purposes. You'll also see someme audience groups for relevant methods of part
somatics,1,1,somatic | soma tics | soma-tics,likely misspelling / mishearing,salon-099," I'm really interested in sort of, like, the somatics of trauma, so the idea was to respond to the"
somalia,1,1,Somalia | Somali | Somalis,likely misspelling / mishearing,salon-106, topics two female diferentes cultures black Somalia versus Stand alone Addressing fantasy ocean 
solomay,1,1,Solomon | solo may | solo-may,"check: unusual word, term or non-English",salon-042,"ee. Yes, Sean Mitt, Stephanie Sydney, Nezrin Solomay, Karen LaFleur, Randy Musischewitz, Janice R"
soliy,1,1,solid | soli,likely misspelling / mishearing,presentation-002,ing photos. This is the local artist Qodirov Soliy and Uzbek artists in one of his paintings wh
soler,1,1,solar | sober | sole,likely misspelling / mishearing,salon-012,"ith a German drum and bass musician in Indra Soler, which, you know, after he released that pie"
soleiman,1,1,Solomon | solemn,"check: unusual word, term or non-English",salon-110,rn Iran called the throne of Solomon. Takhte Soleiman. This project allowed me to connect my artis
solana,1,1,Solano | Solon | solan,likely misspelling / mishearing,salon-031, their education in this will go on Tezos or Solana or one of these other chains. Yeah. Yeah. So
sokha,1,1,Sikh,"check: unusual word, term or non-English",salon-104,idency at the Intelligent Engineering Lab at Sokha University in Tokyo. And lectured for School
softbee,1,1,soft | softball | softly,"check: unusual word, term or non-English",salon-095,Gosh I saw it in the softbee show was so fantastic this animated and but 
sociopolitics,1,1,sociopolitical,likely misspelling / mishearing,salon-095,"burgeoning things just in the, you know, the sociopolitics.  And so I think it is kind of, for those wh"
societators,1,1,,"check: unusual word, term or non-English",salon-081,e. That festival is called sat fest. The sat societators are technologic and their dome goes all the 
soci,1,1,sock | soca | soli,"check: unusual word, term or non-English",salon-097,ly use or imagine them as plans for creating soci rahms or articles or interviews or education
sobisch,1,1,,"check: unusual word, term or non-English",salon-032,"ys, I did this with a friend of mine, Dagmar Sobisch, in a very productive x ray session. And x r"
sobel's,1,1,sobers | sober's | sole's,"check: unusual word, term or non-English",interview-026,"awings. And to quote Christina Albu, Just as Sobel's video performances involve a gestural dialog"
snowhole,1,1,snow hole | snow-hole,likely misspelling / mishearing,salon-055,"y Wilkinson, MD, Title compliance advisor at Snowhole eensafflesobics.com Corey Wilkinson, MD, Tit"
snowden,1,1,Snowden | snowed | snowmen,likely misspelling / mishearing,salon-011,"ith. The fact that I was working with Edward Snowden and Google, you know, creating new algorithm"
smoothaden,1,1,smoothened,likely misspelling / mishearing,salon-101,st super smart fast smooth smooth struggling smoothaden smooth çek alternatives soft0822 article bal
smashme,1,1,smash | smash me | smalltime,likely misspelling / mishearing,salon-105,"ust play this real quick.  Yeah, and that is SmashMe says, we will be demoing the game right afte"
slrs,1,1,sirs | slurs | strs,"check: unusual word, term or non-English",salon-023, slow shutter in manual cameras. I'm sure in SLRs. This is an app that you have on your phone.
slowshutter,1,1,slow shutter | slow-shutter,likely misspelling / mishearing,interview-026,"nt she'd done with a ShutterSpeed app called SlowShutter. And I tried it and then I was, it shed ligh"
slovakia,1,1,Slovakia | Slovakian,likely misspelling / mishearing,salon-011,"lready for 10 years, but I'm originally from Slovakia. Gotcha. From... Yep. All right. Well, thank"
slane's,1,1,planes | Shane's | lanes,"check: unusual word, term or non-English",salon-052," to have seen earlier in tandem with Leonard Slane's book, Art and Physics, is Douglas Hofstadter"
slane,1,1,Shane | plane | slate,likely misspelling / mishearing,salon-052, a friend of mine spoke regretfully. Leonard Slane was an old friend of mine. So he passed away
sla,1,1,sea | la | spa,"check: unusual word, term or non-English",interview-010,"lez Torres and they're really heavy. They're SLA 3d printed, a laser lithography, stereo lith"
sl,1,1,so | sly,"check: unusual word, term or non-English",salon-057,"n 2,000 and went back down from Boston on an sl train that like in powers were still smoking"
skywire,1,1,skewer | sky wire | sky-wire,"check: unusual word, term or non-English",salon-030,"? It's digital. Digital. All right. And from Skywire, are you making the sounds as well for the m"
skywalker,1,1,Skywalker | sky walker | sky-walker,likely misspelling / mishearing,salon-067,"ted. And then it can make a really good Luke Skywalker or a really good, you know, Darth Vader doin"
skyscapes,1,1,skycaps,likely misspelling / mishearing,salon-043,leaux that were not on this Earth. So I used skyscapes to put the shapes in. And the colors of the 
skyscape,1,1,skycap | skyscrape,likely misspelling / mishearing,interview-007,"ustrial area. At nighttime, it felt like the skyscape was more like a view of Mordor from Lord of "
skyness,1,1,skins | shyness | slyness,"check: unusual word, term or non-English",salon-087,to the leaves and then kind of evolving into skyness and that's my piece as true thank you thank 
skydance,1,1,sky dance | sky-dance,likely misspelling / mishearing,salon-104,"be an emert who's, so I know Anna Merch from Skydance, that big installation at Denver Airport. An"
skybetter,1,1,sky better | sky-better,likely misspelling / mishearing,salon-099,bodied Intelligent Shared Future with Sydney Skybetter and Melissa Painter. Sydney's a choreographe
skwarik,1,1,square | squared | squares,"check: unusual word, term or non-English",salon-037,"is another piece I did with a guy named Mark Skwarik, in which this was in Bushwick in Brooklyn, "
skrissle-driscoll,1,1,,"check: unusual word, term or non-English",salon-089,"eum of Art education program manager.  Kathy Skrissle-Driscoll, writer, Provincetown Independent Newspaper."
skowhegan,1,1,,"check: unusual word, term or non-English",interview-008, time art department. And then I went to the Skowhegan School one summer and then I was at a place 
skojo's,1,1,shoji's,"check: unusual word, term or non-English",salon-031, see what people would come up with. This is Skojo's piece. Here's Skywater. Michael Pierre Price
skogo,1,1,smog | slog,"check: unusual word, term or non-English",salon-050,ade partly by me and partly by Colin. Here's Skogo in front of the banner that was made. And he
skellybot,1,1,skeloybot,likely misspelling / mishearing,interview-013,s some of them are incredibly subtle so more skellybot stuff more kind of this android photo religi
skelebot,1,1,,"check: unusual word, term or non-English",interview-013,so this is kind of some experiments and more skelebot so is it cool that I'm just kind of going ye
sisyphean,1,1,Sisyphean,likely misspelling / mishearing,salon-092,and I'm trying to draw my own shadow. It's a Sisyphean task. I can't do it. Of course I'm wrestling
sistem,1,1,sister | system,likely misspelling / mishearing,salon-092,lucky spectators of what he presents to us.  Sistem has been a French contemporary digital artis
sioux,1,1,Sioux,likely misspelling / mishearing,salon-045,"Winona, the, you know, they're one of the, a Sioux princess who, you know, through her self int"
singlelogical,1,1,single logical | single-logical,likely misspelling / mishearing,salon-109,s so these never learned such problems every singlelogical aim out search held within emils graduate pr
sineggers,1,1,singers,likely misspelling / mishearing,salon-028,"aphic design, I stumbled into a place called Sineggers, a design studio. It was a studio that did m"
sindi,1,1,Hindi | Sinai | Sandi,likely misspelling / mishearing,salon-028," Mintz, one of our presenters, and Stephanie Sindi, one of the other presenters. And of course,"
simpsons,1,1,Simpsons | simp sons | simp-sons,likely misspelling / mishearing,interview-013,o draw it was donkey kong country book and a simpsons character drawing book and I remember drawin
simona,1,1,Simon | Simone | simony,likely misspelling / mishearing,salon-078,"Shepard Ferry Terry Jeffrey, David Ellis and Simona Black. So we are very welcome to have Seth p"
siltscreen,1,1,silkscreen | silt screen | silt-screen,likely misspelling / mishearing,interview-029,"When he was doing his siltscreen work, he was."
silla,1,1,silly | villa | sills,likely misspelling / mishearing,salon-058,"blic library using this browser called Class Silla, which is a modern day equivalent of Netscap"
silicium,1,1,cilium,"check: unusual word, term or non-English",salon-106,How can the silicium understand the memory of the hand of the cla
silas,1,1,Silas | silos | solas,likely misspelling / mishearing,salon-020,"ually, screaming and space and jumping and a silas is, let me see, let's take, let me get that "
sila,1,1,Lila | silo | sola,"check: unusual word, term or non-English",salon-030,"with it with my background.  So when I was a SILA student, I started working in an advertising"
sigur,1,1,Sigur | Sigurd | saguaro,likely misspelling / mishearing,salon-020,"l Park.  The audience is a canvas. And I got Sigur Rós to do the music for the day. At the end,"
sigriff,1,1,Sigrid,"check: unusual word, term or non-English",salon-090,"ie Mitchell and Jen Serleman, Directors, The Sigriff Archo Archives. Thank you very much. Okay, a"
siggraph's,1,1,,"check: unusual word, term or non-English",salon-064," for the end. Okay, great. Thanks, Cynthia.  SIGGRAPH's a wonderful organization. So, yeah, good ann"
siggrap,1,1,Sigrid | signup,"check: unusual word, term or non-English",salon-108,"ust wanted to say, for those who don't know, SIGGRAP special Interest Group on Computer Graphics "
sie,1,1,she | see | is,"check: unusual word, term or non-English",salon-107,t wird wirklich beschrieblich wie hier sehen Sie bis durch Trans immense attempted dieser Fir
sicario's,1,1,scar's | scare's,likely misspelling / mishearing,salon-035,", and yet more alive. The bone handle of the Sicario's knife looked worn and old. He asked if I was"
siberianan,1,1,Siberian | Siberians,likely misspelling / mishearing,salon-076,o but thanks so much tommy and team for this siberianan project it's absolutely amazing and I think 
siberiana-techspressionism,1,1,,"check: unusual word, term or non-English",salon-076,"hael and I, I think all have the password to Siberiana-Techspressionism at gmail.com. But I did send out a bulk emai"
sibelius,1,1,Sibelius | sables,likely misspelling / mishearing,salon-018, of forms to create my music. And then I use Sibelius and other forms of stuff to notate the music
sibachrome,1,1,,"check: unusual word, term or non-English",salon-036,"s and, they, I actually, had printed them on Sibachrome in early nineties.  And, this couple saw tha"
shvenko,1,1,shvenkox,likely misspelling / mishearing,salon-087,"here we go we have chapter three bye Galina, shvenko hi hi I'm here well I'm so thankful to be in"
shungi,1,1,shooing,"check: unusual word, term or non-English",salon-026,ned in the song. The name was Mono Mor Megyo Shungi. It's related with the rain. So our work is 
shumon,1,1,shaman,"check: unusual word, term or non-English",interview-006,f like post-internet art that was curated by Shumon Bashar and Hans Ulrich Obrist for God's sake
shuli,1,1,shall | Shelley | Shelly,"check: unusual word, term or non-English",salon-020,re. People can't say my name. I actually say Shuli like prosciutto because they can't spell it.
sholda,1,1,should | shoulder | shoeda,likely misspelling / mishearing,salon-042,"Thank you, Sholda."
shockbutton,1,1,shock button | shock-button,likely misspelling / mishearing,salon-107,ancestor studio stuff like these ev Fortnite shockbutton sets which were definitely parts of our stud
shockbox,1,1,shock box | shock-box,likely misspelling / mishearing,salon-016,re I recently showed them in a gallery in LA Shockbox where I just was able to project. This is a 
shlane's,1,1,Shane's | shale's | silane's,likely misspelling / mishearing,salon-052, the commentary in this presentation is from shlane's book so I'll make that mention of that. Cynt
shiran,1,1,Sharon | Shiraz | shrine,"check: unusual word, term or non-English",presentation-003,"nd also again thank Shirin Tashova, director Shiran Tashova who got us all together and got us t"
shipiro,1,1,Shapiro | shipper,likely misspelling / mishearing,salon-087,nk in the chat. Here we have Is It by Anne R Shipiro. I'm not sure if Anne's listening. Us today 
shinzo,1,1,Shinzo | Shinto | shins,likely misspelling / mishearing,interview-001,actually was created in 2019 and I called it shinzo because and that's the japanese word for hea
shinnecock,1,1,,"check: unusual word, term or non-English",salon-015," tribe, the Canarsie tribe, the Unkachug and Shinnecock tribes, who people the lands that I take pic"
shimshan,1,1,,"check: unusual word, term or non-English",salon-096," Zaza, but his collaboration with Carrie Ann Shimshan as a close, close collaborator in that codin"
sherbin,1,1,Sherwin | sherwin,likely misspelling / mishearing,salon-061, it's woman life freedom and the music is by sherbin named for freedom which is based on hundreds
shepard,1,1,Shepard | shaped | shaper,likely misspelling / mishearing,salon-078,"s include work with Paul Miller, Dj. Spooky, Shepard Ferry Terry Jeffrey, David Ellis and Simona "
shelley,1,1,Shelley | Shelly | shelled,likely misspelling / mishearing,salon-039,makes me think about some of the things that Shelley is involved in saying. And it's really like 
shazad,1,1,shared | Shazam | shaved,"check: unusual word, term or non-English",salon-020,ise. There was Chris Nappy on percussion and Shazad Ismaili on like a tiny little guitar off in 
shaz,1,1,shall | Chaz | shah,"check: unusual word, term or non-English",salon-030,"ere's like these reality TV shows, you know, Shaz of Sunset and that kind of stuff about peopl"
shayna,1,1,shaman | Shana,"check: unusual word, term or non-English",salon-102," qui remittance Ferzes. Uchmandata. La minim shayna.  So as you can see, the exploration of myth"
shattson,1,1,chats,"check: unusual word, term or non-English",interview-026,hannel while Anders Manson and I were at the Shattson Hotel. We made one-minute simultaneous drawi
sharin,1,1,Sharon | sharing | sharif,likely misspelling / mishearing,salon-100,", thanks so much. And also thanks so much to Sharin and I think for, you know, the kind document"
shara,1,1,share | Sara | sharp,likely misspelling / mishearing,interview-012,"exactly. He, he was the, he probably, he and Shara Davies later on probably did as much to popu"
shantiniketan,1,1,,"check: unusual word, term or non-English",salon-008,ter's degree in textile design from vishwati shantiniketan at west bengal india it is founded by great 
shanken,1,1,shaken | shanked | shanker,likely misspelling / mishearing,salon-106,"nd to whenever I can. Once, for instance, Ed Shanken asked too many people, Spanish speakers who "
shangri-la,1,1,Shangri-La,likely misspelling / mishearing,salon-084,"Understand. I put out all the lights and The Shangri-la Hotel in Singapore, like."
shamberg,1,1,Hamburg | sham berg | sham-berg,likely misspelling / mishearing,interview-024,"ple. Marco Vasi. See Louis Jaffe and Michael Shamberg. They should all get credit. Well, after one"
shakushu,1,1,,"check: unusual word, term or non-English",presentation-009,"panel with a resin top coat, and it's called Shakushu, which means tentacles and Japanese.  And so"
shahnaneh,1,1,,"check: unusual word, term or non-English",salon-046,"the king, the Persian book of the kings, the Shahnaneh, and I think they're really humorous, actual"
shahnameh,1,1,,"check: unusual word, term or non-English",salon-072,"gious symbol.  According to the Iranian epic Shahnameh, the tree had grown from a branch Zoroaster "
shabay,1,1,shabby | Shaba,likely misspelling / mishearing,salon-059,nd a hopeful Yalda to everyone so tonight is Shabay Yalda in Iran so it is all around the world 
sgi,1,1,sig | sci | ski,"check: unusual word, term or non-English",interview-029,"Because Silicon Graphics, SGI, was hooking them up with all these machines"
sg,1,1,sag,likely misspelling / mishearing,salon-108,"nthesizer. And he's doing something with his SG guitar, with scraping this electronic device"
sfu,1,1,sou,"check: unusual word, term or non-English",salon-030,"anada. And when I went to graduate school at SFU in 2009 through 12, I was studying with the "
sexpressionists,1,1,expressionists | expressionist's,likely misspelling / mishearing,presentation-009,I'm thrilled to be here. I got involved with Sexpressionists a few months ago. Delighted to meet everybod
seventy-nineth,1,1,seventy-ninth | seventy-ninety,likely misspelling / mishearing,salon-079,ice to see so many of you here today for our seventy-nineth Techspressionists salon. And the topic today
serp,1,1,derp | sera | sap,"check: unusual word, term or non-English",salon-030,"w, it's definitely in the. The first page of SERP search engine results page. Yes, I'm a nerd."
serotope,1,1,serotype,likely misspelling / mishearing,salon-052,"aid that right, Michael. Using data from the Serotope. Lolo Observatory in Chile. Michael has been"
serleman,1,1,,"check: unusual word, term or non-English",salon-090," of the Pixel, 2021. Bonnie Mitchell and Jen Serleman, Directors, The Sigriff Archo Archives. Than"
sergio,1,1,Sergio | serge,likely misspelling / mishearing,salon-055,called art next level a mentoring group with Sergio Gomez and at some point in the last year he 
serbian,1,1,Serbian | Serbia | Serbians,likely misspelling / mishearing,salon-106,"ée. Remarkable fact, it was exhibited at the Serbian Embassy during the last edition of the Paris"
seraphinist,1,1,,"check: unusual word, term or non-English",salon-009,"tive, like that, that design book, the Codex Seraphinist, that, you know, is a semic, you know, with,"
september's,1,1,September's,likely misspelling / mishearing,salon-008,d then hopefully this works for you. This is September's I work. This is the full minute. And I work 
seprikovic,1,1,,"check: unusual word, term or non-English",salon-108," does sound, but also does visuals, Slavica, Seprikovic. Who, is a technologist, but also does visua"
sephiroth,1,1,,"check: unusual word, term or non-English",interview-011,", little Darwinian famous thing. This is the Sephiroth, the tree of life thing. You know, I just wa"
sepalvida,1,1,,"check: unusual word, term or non-English",interview-026,to participants in the same manner as in the Sepalvida installation and an electroencephalogram was
seondles,1,1,soundless,likely misspelling / mishearing,salon-025, of artists working on the next round of the Seondles that's another pairing and then Michael Poin
senito,1,1,sent | Benito | senate,likely misspelling / mishearing,salon-087,nt to read my description about the yo apply senito yo pink sun and then talk a little about it.
seneca,1,1,Seneca | seance | senecas,likely misspelling / mishearing,roundtable-004, this title aspara astra which is latin from seneca it means rough paths lead to the stars and i
semple,1,1,simple | sample | temple,likely misspelling / mishearing,salon-061,", there's a paint manufacturer called Stuart Semple, or Stuart Stumple out of England. And if yo"
semap,1,1,seam | seams | remap,"check: unusual word, term or non-English",salon-025,"hat's all from me. Hi, my name's Alison with SEMAP. How are you?  Sorry. Co-office space. It's "
selfawareness,1,1,self awareness | self-awareness,likely misspelling / mishearing,presentation-002,e was looking at higher life forms that have selfawareness that they're aware of their existence and th
selena,1,1,Selena | Serena | Elena,likely misspelling / mishearing,salon-098,ut something and then we sing something from Selena and have a great time. These kids were preci
seisang,1,1,seizing | seising,"check: unusual word, term or non-English",salon-100,hich was exhibited in Urgench. Code. The Die Seisang Die Dijingo series is a continuation of a lo
sehen,1,1,seven | seen | sheen,likely misspelling / mishearing,salon-107,lschaft wird wirklich beschrieblich wie hier sehen Sie bis durch Trans immense attempted dieser
segway,1,1,Segway | seaway,likely misspelling / mishearing,salon-053,"saw myself as a changed individual, having a segway from my family to my family. So I'm being th"
seguirismo,1,1,,"check: unusual word, term or non-English",salon-095,"s like harder mask animals like jellyfish or seguirismo after eligible I trust them, I want to work "
segraf,1,1,serge | seraph,"check: unusual word, term or non-English",salon-108,"But I can't. I would say for those going to SEGRAF, there is a panel discussion scheduled about"
sedna's,1,1,Edna's | sedan's | sender's,likely misspelling / mishearing,salon-089,e in Lions Head in Canada. This piece called Sedna's Lament is based on an Inuit tale. It's about
sedgwick,1,1,Sedgwick,likely misspelling / mishearing,salon-020,"from one of Andy's Warhol screen tests, Edie Sedgwick, kind of a production still from a movie, I "
seda,1,1,soda | sea | sera,"check: unusual word, term or non-English",salon-046,"e people from the, we have Marjan, Ghazaleh, Seda Badi, Azra, Azra is that, I think I saw you "
secaucus,1,1,Secaucus,likely misspelling / mishearing,salon-074,erial for the screen. I purchased a place in Secaucus that specializes in it. And we sort of put i
seanmick,1,1,,"check: unusual word, term or non-English",salon-017," want to look me up, you want to pay me, I'm seanmick.eth, which is a little, you know, it makes f"
sd,1,1,sad | Sid | sod,likely misspelling / mishearing,salon-083,"h, this, I think I was making animations for Sd. Water, and doing my own work on the side an"
scybean,1,1,soybean,likely misspelling / mishearing,salon-105,"ic in real time. Performance as cathartic, A Scybean artist and DJ whose sets blur the line betwe"
scungy,1,1,scanty,"check: unusual word, term or non-English",salon-019,e to clean it sometimes. Because it's pretty scungy. And I put it out on the table in the studio
scully,1,1,sully | scaly | sculls,likely misspelling / mishearing,roundtable-002," We're doing rather than I mean, I love Sean Scully. He's playing right next to him, and he does"
scriptals,1,1,scripts | script's,likely misspelling / mishearing,roundtable-002,ng? Shows up and what we're picturing in our scriptals. And it sounds like you really have somethin
screenshare,1,1,screen share | screen-share | screens hare,likely misspelling / mishearing,interview-013,ctually hold on I think we can close out the screenshare for a bit now yeah well yeah that sounds lik
screenbased,1,1,screen-based | screen based,likely misspelling / mishearing,presentation-004,"he computer. And then especially work that's screenbased, like animation for instance, I would consid"
scotland,1,1,Scotland,likely misspelling / mishearing,salon-021,in the center and a fallen down cathedral in Scotland. So this kind of gets you through the 2000s.
schwinitzy,1,1,,"check: unusual word, term or non-English",salon-102,"ry 1. I began tracking the history of Elodia Schwinitzy, or Schweinitzy's waterweed. A plant said to"
schwinitzi,1,1,,"check: unusual word, term or non-English",salon-102,"here's an example here on the left of Elodia Schwinitzi, which is a, a plant which went extinct. May"
schweinitzy's,1,1,,"check: unusual word, term or non-English",salon-102,"racking the history of Elodia Schwinitzy, or Schweinitzy's waterweed. A plant said to have gone extinct"
schweinitz,1,1,,"check: unusual word, term or non-English",salon-102,"d as a specimen collected by Louis David von Schweinitz in Bethlehem, Pennsylvania, in pools and str"
schwarzenegger,1,1,Schwarzenegger,likely misspelling / mishearing,salon-070, I did with them. Which featured our! Arnold Schwarzenegger. And he went on and on about the guy. So tha
schwartzfield,1,1,,"check: unusual word, term or non-English",interview-011,"ulas are very similar to the formulas of the Schwartzfield metric, which describes, you know, the black"
schrock,1,1,schlock,likely misspelling / mishearing,salon-031,is. We're also doing a bunch of memes. Betsy Schrock has been doing a lot of really interesting w
schooley's,1,1,school's | schoolers | scholar's,likely misspelling / mishearing,salon-042," a little longer. This is where in Christine Schooley's room. And. I'm here. Hi, everyone. Light on."
scholder,1,1,schooled | scolder,"check: unusual word, term or non-English",salon-046,"at Ambika P3 with my other work, with Akselo Scholder, and this is where the brainy eye was expose"
schoeller,1,1,scholar,"check: unusual word, term or non-English",salon-020,"phy and the nature of light. And then Martin Schoeller, who is a famous photographer, celebrity pho"
schnever,1,1,stinker | stinger | stinter,"check: unusual word, term or non-English",salon-042,"ue Beyer, Mark Petruvanos, Le Chat Noir, Lee Schnever, Prince Bernoullia, Vicente Rivera, Michael "
schneiberg's,1,1,,"check: unusual word, term or non-English",salon-073,"so, today we're going to experiment with Lee Schneiberg's suggestion that at the end of each presentat"
schneiberg,1,1,,"check: unusual word, term or non-English",salon-109,pike on perception that an artist named Nate Schneiberg is going to be moderating. So it's really co
schneiber,1,1,Schneider,likely misspelling / mishearing,salon-061," work with sort of, you know, the I know Lee Schneiber calls it like rogue, rogue pano, like kind o"
schneeberg,1,1,,"check: unusual word, term or non-English",salon-024,"ing that correctly, yes? It's close, Schnee. Schneeberg, okay, Schneeberg. And Malavika Andrew. Yeah"
schnee,1,1,steno,"check: unusual word, term or non-English",salon-024,"erg, saying that correctly, yes? It's close, Schnee. Schneeberg, okay, Schneeberg. And Malavika "
schnabel,1,1,scannable,"check: unusual word, term or non-English",salon-075,"Basquiat would fit into that group or Julian Schnabel. And then, and then Techspressionism, you kn"
schmidt-rotloff,1,1,,"check: unusual word, term or non-English",presentation-009,"ridge, was founded by Haeckel, Kirchner, and Schmidt-Rotloff and others, and they were very anti-academic"
schloss,1,1,Schloss | schools,likely misspelling / mishearing,interview-021,had some mutual friends a lady called arlene schloss who was pretty famous in the 70s and 80s as 
schiller,1,1,Schiller | chiller | scholar,likely misspelling / mishearing,presentation-007,"ural icons of German romanticism, Goethe and Schiller.  There I rediscovered the work of Caspar Fr"
schelling,1,1,Schelling | schilling | shelling,likely misspelling / mishearing,salon-018,"ic work.  There's a very famous poem, called Schelling and the... There's a great phrase based in t"
schaefer's,1,1,Schaefer's | Schaffer's | schemer's,likely misspelling / mishearing,salon-057,"and the shared universe, which led to Nathan Schaefer's creative capital series called Winter Moot a"
schae,1,1,such,"check: unusual word, term or non-English",interview-024,". And I said yes, of course. No problem. Non schae problema, as we say in Rome.  And so I went "
scavolo,1,1,,"check: unusual word, term or non-English",salon-082," were shot by a photographer named Francesco Scavolo. And I show them, too, because they, the wom"
scarecity,1,1,scarcity | scare city | scare-city,likely misspelling / mishearing,salon-096,"t cosmic concert of the year. She arrives in scarecity, joins an East village band, but finds a met"
sayed,1,1,said | saved | stayed,"check: unusual word, term or non-English",salon-050,"l ceiling. This artwork was actually done by Sayed Elavi, who contacted me through my glass wor"
sawise,1,1,saws,likely misspelling / mishearing,salon-057,iant dreams I saw Educator NASA buy plants I sawISE exists why I wanna stay away from bagels yea
savoir,1,1,savior | savor,likely misspelling / mishearing,salon-092,Valorizet UN proven plus savoir Si problematic.  Tink.  Hi.
savannahs,1,1,Savannah's | Savannah | savanna's,likely misspelling / mishearing,salon-085,cause it The landscape was so similar to the savannahs in Africa. And here we have again on the bri
sauron,1,1,Sauron | saurian,likely misspelling / mishearing,salon-024,n the middle kind of looks like a the eye of sauron from the those ring movies so effect it's on
saul,1,1,Saul | Paul | soul,likely misspelling / mishearing,salon-095,aren't making those connections between like Saul Whitt you know where he's giving instruction
sas,1,1,was | saw | sad,"check: unusual word, term or non-English",salon-011, doing something kind of unusual. So we're a SAS based business that services a software. It'
sartre's,1,1,Sartre's,likely misspelling / mishearing,salon-063," English, we know this is no exit. Jean-Paul Sartre's famous work. I based that here with quantum "
sarsen,1,1,Larsen | Saracen,likely misspelling / mishearing,presentation-003,"  Seven artists, including 20-year-old Aygul Sarsen, who grew up in a town in the former seabed,"
sars-cov,1,1,,"check: unusual word, term or non-English",salon-102,"zation, to the research the lab was doing on SARS-CoV-2 at the onset of the COVID pandemic. And in"
sarrell,1,1,Darrell | Farrell | Harrell,likely misspelling / mishearing,salon-074,is piece is kind of really inspired by James Sarrell and I was researching his works a lot and wa
sarnoff,1,1,Sarnoff | sarong,likely misspelling / mishearing,interview-024,", as I said to Suzanne. But I remember David Sarnoff back in the 1930s at the dawn of television."
sarkowski's,1,1,,"check: unusual word, term or non-English",salon-061,"age, which is mirrors and windows after John Sarkowski's exhibition at the Museum of Modern Art in 19"
saraceno,1,1,Saracen | saracens | saracen,likely misspelling / mishearing,salon-020,oh we got one from Tommy have you seen Tomas Saraceno oh wait are they in Manhattan are they built
sappho's,1,1,Sapporo's | sap's,likely misspelling / mishearing,interview-028,"some of the ancient Greek writers, and loved Sappho's fragments. And that's a body of work that I'"
sao,1,1,say | saw | sad,"check: unusual word, term or non-English",salon-093,day and that's like to go through them. Yuka Sao is the curator for the 150 Media Stream proj
santini,1,1,suntan | Santino,"check: unusual word, term or non-English",interview-019," from Kala Bhavana Vishwa Bharti University, Santini Kanatan. During her time at Kala Bhavana, sh"
santhea,1,1,Santa,likely misspelling / mishearing,salon-023,"mment from Malavika. She says, amazing work, Santhea. Love the texture and freshness of the color"
sanna,1,1,wanna | San | Anna,likely misspelling / mishearing,salon-042,"e final piece in the bottom right is Alessio Sanna, Geometric Tales, Digital Art from Italy, cr"
sanjin,1,1,sanguine | sanjib,"check: unusual word, term or non-English",salon-042,", Susan Wong, Nina Sobell, Dana Jones, N3T4, Sanjin Lee, Cynthia DiDonato, Reese Schroeder, Sara"
sanibel,1,1,snail | senile | snaffle,"check: unusual word, term or non-English",salon-027,"connected we are. I would spend Januaries in Sanibel.  And of course, I would work on photographi"
sani,1,1,San | sane | sand,likely misspelling / mishearing,salon-086,Czech Republic thank you under that is Oleso Sani I believe yes and under that is oh geez Elio
sandusky,1,1,Sandusky,likely misspelling / mishearing,salon-068,ack then in the 90s was a woman named Sharon Sandusky. And it's called Towards an Appreciation of 
sandpiece,1,1,sand piece | sand-piece,likely misspelling / mishearing,salon-102,lls you into the brackish lagoon of my black sandpiece. I bite into your fine insects and watch you
samu,1,1,same | Sam | sam,"check: unusual word, term or non-English",salon-024," Now when I met this lady, her name is Kusum Samu.  I asked her, have you experienced about me"
samsung,1,1,Samsung | Samson | Samsun,likely misspelling / mishearing,salon-053,nt because there'll be other competitors but samsung has a new technology called the wall they're
sami,1,1,same | Sami | semi,"check: unusual word, term or non-English",salon-065,"ut, you know, eventually. Thank you so much, Sami. All right. Does anyone have any questions? "
samaricand,1,1,,"check: unusual word, term or non-English",presentation-006,ries of small prints. They are on exhibit at Samaricand Art Station and were previously exhibited at
samarakind,1,1,samara kind | samara-kind,likely misspelling / mishearing,presentation-004,"en was part of the exhibition in Urgench and Samarakind. The director of the museum, Shirin Tashova,"
saloms,1,1,Salome | salons | salon's,likely misspelling / mishearing,salon-096,"think that's 1 of the great things about the Saloms is, you can make connections with people fro"
salley,1,1,Sally | valley | sally,likely misspelling / mishearing,salon-071,"anguage. And I thought, wow, you know, David Salley is telling me this. This is pretty cool, you"
salivan,1,1,saliva | salvia | Salian,likely misspelling / mishearing,salon-079, in at the moment. Is kind of like the Jason salivan sort of like amalgamation. So I carry that o
saleh,1,1,sales | Salem | sale,likely misspelling / mishearing,salon-100,"f the photographs were present, and Khodorov Saleh, a Uzbek artist, is standing in front of his"
saleable,1,1,scaleable | salable | salvable,likely misspelling / mishearing,interview-013,ance it's like no I still have a interesting saleable hangable piece yeah so this was me using thr
salamone,1,1,salmon,likely misspelling / mishearing,salon-036,"cipants, artists, also, she, name is, Nicole Salamone, she, is based on, like, metamodalism concep"
salam,1,1,Salam | salad | salami,likely misspelling / mishearing,salon-077,"Is. Is there? Is there any way to end the Salam. You know, and then start back up again and "
salahi,1,1,salami | Sarahi,likely misspelling / mishearing,salon-035,And I worked in the influence is. Ibrahim el Salahi. Who is a Sudanese artist who I love his wor
sala,1,1,salt | sale | salad,"check: unusual word, term or non-English",salon-088,ur. Who presented just now and Dhruv is from Sala Villa Academy Bangalore. Am I right? Correct
sakne,1,1,sane | sake | sank,likely misspelling / mishearing,salon-090,ist. When she died on November 14th of Larry Sakne. She was 100 years old when she died.  This 
sakagura,1,1,,"check: unusual word, term or non-English",interview-014,"My first show was in, I think, Sakagura? No, where? It wasn't Tokyo. And I'm forgett"
sahara,1,1,Sahara | Samara | Shara,likely misspelling / mishearing,salon-077,"very quickly. So that should save sometime.  Sahara, we able to answer all of your questions. Ye"
sagrada,1,1,Sigrid,"check: unusual word, term or non-English",salon-064,toni Gaudi.  And the name of the place is La Sagrada Femia. And here I'm zooming in a little bit.
sagetovic,1,1,,"check: unusual word, term or non-English",salon-059,a great reel that came out from... Isa was a Sagetovic from Hyperallergic. And I think it just says
saferight,1,1,safe right | safelight | safe-right,likely misspelling / mishearing,salon-057,k out of nowhere that she doesn't feel quite saferight now going through her suffering right now wh
saddlemire,1,1,saddle mire | saddle-mire,likely misspelling / mishearing,salon-046,"as etched into a piece of slate. Was that in Saddlemire? Yeah, yeah, yeah."
sachs,1,1,sacks | sates | sac's,likely misspelling / mishearing,salon-065,the most ludicrous thing. And the ex Goldman Sachs CEO just was on the news lately. And he also
sachenhausen,1,1,,"check: unusual word, term or non-English",salon-010,"d Germany of students and I took students to Sachenhausen, which was a German Nazi work camp in outsid"
saberiana,1,1,Siberian,likely misspelling / mishearing,salon-082,"ing the objects into a scene like we did for Saberiana. And then I would go into my scene, or I had"
saadiyat,1,1,,"check: unusual word, term or non-English",salon-037,ece is this was a piece I did for Monorot Al Saadiyat called World Without End. And basically it w
ryerson,1,1,,"check: unusual word, term or non-English",salon-015,access to the Black Star photo collection at Ryerson University and I went into the background of
ryb,1,1,rub | rob | rib,"check: unusual word, term or non-English",salon-022,"ent, they use the CMY compared to the RGB or RYB more commonly learned. So there's a lot of j"
rv,1,1,rev,likely misspelling / mishearing,salon-084," where I Trigger. I. I aim my phone with the Rv app on, and I get not only images that move,"
ruthel,1,1,ruthless,"check: unusual word, term or non-English",interview-028," beautiful book by. I think her name is Mary Ruthel called Oh, gosh! I'm gonna forget the name. "
russo-sarkazian,1,1,,"check: unusual word, term or non-English",salon-058,d suffered a lot of extermination during the Russo-Sarkazian War. So there's 100 years of that war going 
russianism,1,2,Russians,likely misspelling / mishearing,salon-088,"erwards. So this will be posted on the text. Russianism site, I would say. Probably by the end of th"
russell,1,1,Russell | Russel,likely misspelling / mishearing,interview-021,ler would call it. And this a friend of mine Russell true. He built this out of toothpicks which 
rusavi,1,1,reserve,"check: unusual word, term or non-English",salon-085,"So Hi, everyone, I'm Sam Rusavi. I'm based in Iran. I'm zooming from Giram P"
rures,1,1,rules | cures | lures,likely misspelling / mishearing,salon-097,iting and online editing and easy detailed görures like village maps for example.  There were f
rupaul's,1,1,rappel's | repeal's,"check: unusual word, term or non-English",salon-100,sonal gains and athletes get mad about being RuPaul's haya sod or bold enough to tools are also em
rumi,1,1,rami | rum | rump,"check: unusual word, term or non-English",salon-101, actually based on one of the first story of Rumi in Mass. Navi book.  And I entered like the 
rui,1,1,run | rue | rub,"check: unusual word, term or non-English",salon-032,ed. This is Steve Miller with two pieces and Rui Reach and myself with several. So I thought 
rudy,1,1,Rudy | Judy | rude,likely misspelling / mishearing,salon-035,"ng to Cuba. I can. I face the. The ocean and Rudy to understand Ernest. The home way. How, how"
rubik's,1,1,Rubin's | rubies | Rubi's,likely misspelling / mishearing,interview-025,"t of the Trinity is sort of presented like a Rubik's cube. You know, Father, Son, and Holy Spirit"
rubenfeld's,1,1,,"check: unusual word, term or non-English",salon-058,tastic Jungian analyst who also she utilized Rubenfeld's synergy method which is essentially body wor
rtc,1,1,etc | roc | rtf,"check: unusual word, term or non-English",salon-051,"s kind of like that bit they call, you know, RTC Clark's thing, you know, Clark's third law. "
rtbipe,1,1,,"check: unusual word, term or non-English",salon-036,I just put on chat the app name. App name is RTBipe. So everyone can use this app. Yeah. And you
rsa,1,1,Rosa | rsh | rasa,likely misspelling / mishearing,salon-052," For example, when you create a mathematical RSA or NSA level of encryption, you're creating "
rpoiz,1,1,repose,"check: unusual word, term or non-English",salon-053,"Tomiko Teal's and P's augmented reality app, Rpoiz, to glitching photo using an app with a spid"
rozen,1,1,frozen | Rosen | dozen,likely misspelling / mishearing,salon-086,"in and Renata we have Paul Miller and Oz Van Rozen. And it's like we have Meltdown Love. Colin,"
royce,1,1,Royce | Joyce | Boyce,likely misspelling / mishearing,interview-005,g in somebody that they pulled up in a Rolls Royce and their dad pulled up in a Bentley and as 
rowley,1,1,Rowley | Crowley | rowel,likely misspelling / mishearing,salon-071," so I can understand why, you know, like the Rowley brothers started making bikes in 1888. So Du"
rowe,1,1,rose | Howe | rode,"check: unusual word, term or non-English",salon-099, Eva Davide Dover and Sharon Enlam.  And Sue Rowe created Hattie Anderson to be paired with Ge
rousseff,1,1,Rousseff | roused | rouses,likely misspelling / mishearing,interview-027,"t for large scale, Proscenium work for David Rousseff.  And for my collaborator, Emily Beatty, I'm"
roto,1,1,root | Toto | roti,"check: unusual word, term or non-English",interview-008,"creened. And then the red image is Duchamp's Roto Relief, which he called anemic. Anemic cinem"
rothblatt,1,1,,"check: unusual word, term or non-English",interview-028,"k Bostrom, and, like all these folks, Martin Rothblatt, and folks who are writing in really interes"
rosta,1,1,Rosa | costa | roster,likely misspelling / mishearing,salon-077,"at Richard Prince got sued from, called Yes, Rosta, and I love that book as well, and it starte"
rossler,1,1,roster | rosier,"check: unusual word, term or non-English",salon-032,"der school than me video artists like Martha Rossler, who would be very adamant about like their "
rossdiamond,1,1,,"check: unusual word, term or non-English",salon-109,"en't able to access the chat? Yeah, yeah. At RossDiamond.com, there's a link. Yeah. Okay, great. So, "
rossac,1,1,Rosa,likely misspelling / mishearing,salon-077," 3 dimensional axis. I had done this with my Rossac pieces, which I showed at Collins Tech, Pres"
rosinia,1,1,Rosina | rosin | rosiny,likely misspelling / mishearing,salon-042,tions in the slums of Rio. And this one's in Rosinia. It is also the cover of my next book called
rosenblatt,1,1,,"check: unusual word, term or non-English",presentation-002,fferent from the developments I think it was Rosenblatt who developed the first perceptron which bec
rosenberg,1,1,Rosenberg,likely misspelling / mishearing,interview-001,ially as it's still a painting you know if a rosenberg painting with a photo silkscreen on top of i
rorschachs,1,1,Rorschach's | Rorschach,likely misspelling / mishearing,interview-023,utely correct. And it's superimposed on some Rorschachs. And it's superimposed. On some of my own. I
rorschach's,1,1,Rorschach's,likely misspelling / mishearing,roundtable-004, an emotional response? And so I took Herman Rorschach's test. I digitized it.  Here you see it on an
roosevelt,1,1,Roosevelt | Rosevelt,likely misspelling / mishearing,salon-084,ke I had to stop drawing Lincoln and Eleanor Roosevelt. And just look at what I what I had to just 
rong,1,1,long | ring | song,"check: unusual word, term or non-English",salon-018,t's going to open up in conjunction with the Rong Biennial in November. And then Paul and I me
ronaldo,1,1,Ronaldo | Ronald | renaldo,likely misspelling / mishearing,salon-079,"Thank you so much, Ronaldo. I'm sorry. My mute button moved as soon as "
romare,1,1,roomier | roomer | roamer,"check: unusual word, term or non-English",interview-025,"e out any one particular person. I can't say Romare Bearden influenced me, although I admired hi"
rollless,1,1,rolled | roller | rollers,"check: unusual word, term or non-English",salon-101," out how that bagged together in any kind of rollless format? Well, there was very few techniques "
rollemann,1,1,,"check: unusual word, term or non-English",salon-086,fore here. And then around this wall we have Rollemann Kolonowski's scans next to Sue Byers. I'm so
rola,1,1,roll | Lola | hola,"check: unusual word, term or non-English",salon-016,'s the way I'm going to shoot. But I shot. A rola flex which the square format and to me I cou
rodolfo,1,1,Rudolph | Rudolf,"check: unusual word, term or non-English",salon-110,"it, but in some of it. And so I was asked by Rodolfo Peraza, who is from the Mudd Foundation. And"
roden,1,1,rodeo | Rosen | rode,likely misspelling / mishearing,salon-034,"as out in Arizona, which is. It's called the Roden Crater. And he's commissioned me to do some "
rodark,1,1,Roderick | Roark | rod ark,"check: unusual word, term or non-English",interview-020,ber of the Toronto Public Library and in the Rodark Gallery in Norbud. She joined the Expression
rockport,1,1,Lockport | lockport | rock port,likely misspelling / mishearing,salon-050,her in this. It's a hoarding. The client was Rockport. They were building a condo behind this hoar
rockburn,1,1,rock burn | rock-burn,likely misspelling / mishearing,salon-091,s interested in like Sol LeWitt and Dorothea Rockburn. So in my studio I engaged in a procedural d
rna,1,1,ran | Ana | rya,"check: unusual word, term or non-English",salon-018,"t. MRNA vaccines, which stands for messenger RNA that actually deals with all sorts of issues"
rmit,1,1,Amit | emit | omit,"check: unusual word, term or non-English",salon-107,time was very new. And I did my doctorate at RMIT on that subject. Creating visions and system
rko,1,1,rio | Rio | rho,"check: unusual word, term or non-English",salon-104,"er professional background includes roles at RKO, H2O Studios, Westwood Studios, and Electron"
riyanne,1,1,Ryan,"check: unusual word, term or non-English",salon-088,nting is Riyan Bari and Anaya Shah.  This is Riyanne Burri's work. Floating.
riyan's,1,1,Ryan's | riyals | Rican's,likely misspelling / mishearing,salon-088,"he early work, if you see everywhere this is Riyan's work, adapting wherever and everywhere. So a"
riyan,1,1,Ryan | Rican | rayan,likely misspelling / mishearing,salon-088,Now the next group who are presenting is Riyan Bari and Anaya Shah.  This is Riyanne Burri'
rivers-ryan,1,1,rivers-ran | rivers-roan | rivers-cyan,likely misspelling / mishearing,salon-049,"Tina, Tina Rivers-Ryan at Albright Knox."
rivergate,1,1,Rivergate | river gate | river-gate,likely misspelling / mishearing,interview-021,"ray Hill, 34th and 1st Avenue. There was the Rivergate Apartments there because I got a job at the "
riopone,1,1,reopen,"check: unusual word, term or non-English",salon-106,h America and France I guess I'm thinking of Riopone painter said that every year they would kind
riopelle,1,1,ripple | ripples | rippled,"check: unusual word, term or non-English",salon-068,e Jackson 5. But A.Y.  Jackson. This is Paul Riopelle. This is talk about cultural appropriation. 
rinky-dink,1,1,,"check: unusual word, term or non-English",interview-025,"r's computer.  And the paint, you know, it's rinky-dink. But it opened the window to 16 million diff"
rinky,1,1,Ricky | pinky | risky,likely misspelling / mishearing,salon-057,"lt. And then I stumbled upon paint, a little rinky dink program in Microsoft, you know, puts in"
ringo,1,1,ring | rings | bingo,likely misspelling / mishearing,interview-014,"res and making some ceramic ashtrays. One of Ringo, I remember. I wish I embroidering sweatshir"
rinehart,1,1,,"check: unusual word, term or non-English",salon-083,"r near the village, and I met quite a few at Rinehart, Motherwell, Philip Guston, and George, you "
rinder,1,1,tinder | render | ringer,likely misspelling / mishearing,salon-071,"he Whitney. And it turns out it was Lawrence Rinder. That's Larry, the head curator at the time "
rimm,1,1,Grimm | rime | rims,likely misspelling / mishearing,salon-042," we have Aldofino Corino. And this is titled RIMM, R-I-M-M, Oil and Enamel Painted Print, Unit"
riko,1,1,Rio | rico | Niko,likely misspelling / mishearing,interview-003,"more about digital art and computer art, and Riko Maresca Gallery in SoHo heard me and said, l"
rika,1,1,Mika | Zika | Erika,"check: unusual word, term or non-English",interview-003,"This is the biggest thing I ever curated. I, Rika, I was starting to talk more about digital a"
rijksmuseum,1,1,Rijksmuseum,likely misspelling / mishearing,salon-101,o look at some paintings by Rembrandt in the Rijksmuseum.  And this drama that chiaroscuro makes is a
riess's,1,1,risers | rise's | riser's,"check: unusual word, term or non-English",salon-086,atillo right up front. And we do have Mikael Riess's sculpture here up front. And a front table w
rierson,1,1,Pierson,likely misspelling / mishearing,roundtable-003,"b, said, do you have to hook up with Tatiana Rierson? And Suzanne Mendendor?  And I eventually be"
ridley,1,1,Ridley | Riley | riddle,likely misspelling / mishearing,interview-007,I think Ridley Scott. Is that right? Ridley Scott? Didn't h
richardson,1,1,Richardson,likely misspelling / mishearing,salon-084,rything we can to the table and Heather. Cox Richardson today. Put out a wonderful piece where she s
rhyzome,1,1,rhizome,likely misspelling / mishearing,salon-016,nd is that – and then that got involved with RhyZome with – when Mark Tribe and Alex Galloway fir
rhythome,1,1,rhythm | rihythome,likely misspelling / mishearing,salon-019,"nd that's basically the plug for that group, Rhythome DC.  And they're a wonderful organization. S"
rhys,1,1,Rhys | whys | rays,likely misspelling / mishearing,salon-050,"lso do that, make your own stamps. Okay. So, Rhys, are you ready to go?"
rhee's,1,1,Rhea's | rhea's | ghee's,likely misspelling / mishearing,roundtable-001,"edia. So in the center here, we have Michael Rhee's augmented reality work relating to sculptura"
rez,1,1,red | res | rep,"check: unusual word, term or non-English",interview-030,"Art, Halsey Institute of Contemporary Art, Pérez Art Museum Miami, and Ryan Lee Gallery. Her "
reverso,1,1,reverse | revers,likely misspelling / mishearing,salon-085,"ously,. Just paste it into Google translator reverso. What's going on into the chat, and that has"
revengeance,1,1,,"check: unusual word, term or non-English",salon-013,"ame of the video game? It's Metal Gear Solid Revengeance. Yeah, it's, it's part of the Metal Gear Sol"
reuters,1,1,Reuters | Reuter's | renters,likely misspelling / mishearing,salon-015," drop, actually, we had the live stream from Reuters. Well, you know, they basically went with a "
reten,1,1,retain | retina | retinue,"check: unusual word, term or non-English",salon-088," Development, and she did her training under Reten Mazumdar in 2012 Malavik was awarded Paula K"
responsecleaning,1,1,response cleaning | response-cleaning,likely misspelling / mishearing,salon-072,s from work with Aleya Godman and synthetics responsecleaning about communication skills that impact commu
respiro,1,1,respire,likely misspelling / mishearing,salon-064,"till 10 seconds. One of my NFT pieces called Respiro, which is part of the Las Flores Divinas is,"
resolume,1,1,resolute,likely misspelling / mishearing,salon-103,"f you've ever played with any, anything like resolume, or jitter, MS Max MSP jitter, setting up no"
resid,1,1,Reid | redid | resin,likely misspelling / mishearing,salon-083,"om some video very low res, and I didn't. Up resid very much.  You know. That was that's part o"
rescripting,1,1,,"check: unusual word, term or non-English",salon-099,"igent technology is a slow form of violence, rescripting our nervous systems and quietly taking over "
reschetnikov,1,1,,"check: unusual word, term or non-English",salon-105,"ed the sculptures in real life to,. Veronica Reschetnikov, and she said, I can 3D print those. And I s"
reroll,1,1,Errol | preroll,"check: unusual word, term or non-English",salon-050,en going on since 1997 and I recently revolt reroll this up working with my program or directing
rerenetta,1,1,reverent | referent,"check: unusual word, term or non-English",salon-077,Well. The easiest way to tell Renata Rerenetta is. If I move it around. And in the process 
repu,1,1,rep | reps | repo,likely misspelling / mishearing,salon-104,"these digital tools, and all of this digital repu- reputation. But I still have the idea, and "
repr,1,1,rear | rep | reps,"check: unusual word, term or non-English",salon-108,"I think we can get Rex, I'm gonna ask him to repr. Cynthia D. Donato's piece, I think somethin"
reperformed,1,1,,"check: unusual word, term or non-English",salon-099,lled Ricky Lysand Gillian Brothers Band. And reperformed. So that I could pay for my med school books
renzi,1,1,Renzi | reins,likely misspelling / mishearing,interview-027,pher. I shoot films for directors like Marta Renzi. I work collaboratively with opera on top. A
renwick,1,1,Renwick,likely misspelling / mishearing,interview-022,"r artworks exhibit nationally, including the Renwick Gallery, the Smithsonian Institute, Washingt"
renoir,1,1,Renoir,likely misspelling / mishearing,salon-083,on her beautiful her pieces that she did for Renoir. It's amazing how much money she raised as w
renna,1,1,Renee | Jenna | Rena,"check: unusual word, term or non-English",salon-056,"y.  And, you know, like I always feel like a renna da like we not belong to any type of group u"
reneta,1,1,Renea | reenter | rennet,likely misspelling / mishearing,salon-096,"t's very nice to be here. Thank you so much, Reneta, for your kind words. One second.  So I'm Eg"
reneo,1,1,Reno | Renee | Rene,likely misspelling / mishearing,salon-077,"omething, Michael, on the just talking about Reneo. When I first started using this, I was lost"
renderize,1,1,renders | tenderize,"check: unusual word, term or non-English",salon-070,ge. My first 3d rendering package was called renderize live. And they started shaping things and ma
renaud,1,1,Renaud | reined,likely misspelling / mishearing,salon-071, this sort of rotating thing of mods. I know Renaud has done it a bunch of times. That could jus
renator,1,1,senator | Renato | renter,likely misspelling / mishearing,salon-062,ne that this is originally your work in what Renator read. Maybe there is something later on. I d
renatifska,1,1,,"check: unusual word, term or non-English",salon-092,"to note that the salon itself was curated by Renatifska, who is unable to be with us today. She was "
renani,1,1,Renan | rennin,likely misspelling / mishearing,salon-089,nd today's salon is going to be presented by Renani Anashevska and Karen LaFleur. They're going 
renanda's,1,1,Renaldo's,"check: unusual word, term or non-English",salon-087,"le on object.  If you would like to purchase Renanda's beautiful, stunning work. This is Reese Schr"
renanda,1,1,Renaldo,"check: unusual word, term or non-English",salon-087,"hank you. You're welcome. Thank you so much, Renanda. It's so beautiful. And this is also availab"
renan,1,1,Regan | Ronan | Rena,likely misspelling / mishearing,salon-104,"A… Here I am. Hi, Renan."
renaita's,1,1,Renita's | regatta's,likely misspelling / mishearing,salon-080,"Yes, following Colin's remarks and Renaita's remarks, which certainly get at the issues a"
ren,1,1,ran | sen | fren,"check: unusual word, term or non-English",salon-043,"r.  The first is in the 18th century, Nicole Ren Laportre was a mathematician and an astronom"
remystify,1,1,demystify,likely misspelling / mishearing,salon-019,"nse is the opposite. I think that we need to remystify the use of technology and art, because I thi"
remystified,1,1,demystified,likely misspelling / mishearing,salon-019,"f stuff. And I think it actually needs to be remystified rather than demystified.  That's, that's my "
rematerialize,1,1,dematerialize | rematerialized | rematerializes,likely misspelling / mishearing,salon-029,e the patterns. We can take the patterns and rematerialize them into sound or dematerialize them into t
relias,1,1,relies | Elias | relics,likely misspelling / mishearing,roundtable-004,art doing some paintings and with texture or relias with construction foam and gypsum the gypsum
rel,1,2,red | real | rep,"check: unusual word, term or non-English",salon-057,"a child. And. I couldn't. Anyway. So, but I. Rel aver navigate tar remains una fresca da huge"
reinfeldt,1,1,Reinfeldt,likely misspelling / mishearing,salon-038,"up, back and forth between New York City and Reinfeldt. So, that's what I'm working on these days. "
reichardt's,1,1,Richard's,likely misspelling / mishearing,salon-090," that you can rely on, I refer you to Joshua Reichardt's Cybernetic Serendipity, The Computer and the"
rego,1,1,Lego | ergo | redo,"check: unusual word, term or non-English",salon-042,. And I was part of her code show in 1995 at Rego Maresca Gallery. And I'm going to be part of
refusage,1,1,refuse | refusal | refugee,likely misspelling / mishearing,salon-095,omparison is where that salon if you will of refusage but not just that group if you think of our 
refotograph,1,1,,"check: unusual word, term or non-English",salon-077,"ust wondering, do you ever take. Do you ever refotograph these pieces from the top? So you can compar"
refilmed,1,1,refilled | refiled,likely misspelling / mishearing,salon-021,med something and scratched into it and then refilmed it.  And so the idea of in and out with your
reexhibiting,1,1,,"check: unusual word, term or non-English",salon-081,e Southampton or Center X. I'm interested in reexhibiting that within this new venue. I'm interested i
reenchant,1,1,reentrant,"check: unusual word, term or non-English",interview-024,the artists. Is at this point in time. Is to reenchant a natural world. The world has been reduced 
recursivity,1,1,recursively,likely misspelling / mishearing,interview-012,terms of these layers of realities. Feedback recursivity on autopoiesis diagram.
recuper,1,1,recapture | recuser | receptor,"check: unusual word, term or non-English",salon-079,in the hospital. And he jokingly called them recuper angels. So I started sending him the recoupe
recouvrez,1,1,recovery | recover | recovers,"check: unusual word, term or non-English",salon-021," Hartford, Connecticut. Her video, Le Finite Recouvrez, Recovered Affinities, was featured opening "
recouper,1,1,recouped,likely misspelling / mishearing,salon-079,recuper angels. So I started sending him the recouper angels every day. Another thing I noticed wi
recontextualizing,1,1,,"check: unusual word, term or non-English",interview-028,esenting poetry in the kind of A new way and recontextualizing it to like a visual art audience. And also t
recontextualization,1,1,decontextualization,likely misspelling / mishearing,salon-062,"e roles. So I think it's about content.  The recontextualization, the removing of the text then makes you fee"
recognised,1,1,recognized,likely misspelling / mishearing,salon-107,"ly on about 10 watts of energy. Each pattern recognised, where there is none, is one. And each patte"
recade,1,1,decade | remade | recede,likely misspelling / mishearing,salon-106,"ent environment, fire, earth, water, and the recade in order to circulate in between these diffe"
reart,1,1,heart | react | rear,likely misspelling / mishearing,salon-058,"lery London, Great Britain, Gaddafi, France, ReArt Ukraine, Museum of Modern Art, Yoko Ono Hist"
realvideo,1,1,real video | relived | real-video,likely misspelling / mishearing,salon-039,ute technology. Now obsolete QuickTimeVR and RealVideo. RealVideo was the streaming linear time-bas
realisting,1,1,realizing,likely misspelling / mishearing,salon-080,. So a lot of people buying the mft and then realisting it higher and sort of seeing immediate sales
realise,1,1,realize | realist | realism,likely misspelling / mishearing,salon-107," idea. That I had many years ago. And try to realise it. Try to make that idea real today.  So, a"
reagan,1,1,Reagan | Regan | Eagan,likely misspelling / mishearing,salon-065," sort of groomed.  Supposedly, you know, Ron Reagan was introduced to all sorts of politicians t"
rca,1,1,Rica | orca | rica,likely misspelling / mishearing,salon-104,"ducation at this time. At this point, at the RCA, she was in the, School of Environmental Med"
rc,1,1,roc,likely misspelling / mishearing,salon-061,ier as a Bluetooth device. I also got a Boss RC5 guitar looper pedal that also acts as a dru
raza's,1,1,Gaza's | Rama's | rasas,likely misspelling / mishearing,presentation-006,d. And you see that in Raza. You see that in Raza's pictures. You see that in Greg's as well. Yo
raza,1,1,Gaza | rasa | razz,"check: unusual word, term or non-English",presentation-006, connected to the world. And you see that in Raza. You see that in Raza's pictures. You see th
rayna,1,1,Ryan | Rayna | Raina,"check: unusual word, term or non-English",salon-056,", about Los Angeles culture. Especially like Rayna Chandler, for example, was one of my favorit"
ravinara,1,1,,"check: unusual word, term or non-English",salon-008,nded by great poet and writer artist gurudev ravinara to go I've received polo kisner upon graduat
rasma,1,1,Rama | Rasta | rams,likely misspelling / mishearing,salon-036,"ter on the, on Facebook, but I used to use a Rasma for AR and then it got phased out. And when "
ras,1,1,was | as | has,"check: unusual word, term or non-English",salon-037,e of them actually got displayed call at the ras al khayma art festival and it was called ala
rari,1,1,rare | Kari | Mari,"check: unusual word, term or non-English",interview-005,"hen convert it to, like I guess Rarible uses RARI,"
rareables,1,1,,"check: unusual word, term or non-English",salon-014,ve these curated curated platforms well rare rareables not really curated but there's rare art and 
raphael,1,1,Raphael | Rafael | Rachael,likely misspelling / mishearing,salon-096,"e was discovered during the Renaissance, and Raphael would take tours with wine and grapes and ch"
rapalek,1,1,rappel | rappels | rappelled,"check: unusual word, term or non-English",interview-015,"s my major influence is in terms of artists, Rapalek, and Falkner. And Frankenthaler and Olinsky "
randymonteshevitzart,1,1,randymonteshevigtzart,likely misspelling / mishearing,salon-011,"Which is my name at randymonteshevitz.com or randymonteshevitzart. I'll put it in the chat after. And yeah, I'"
randymonteshevitz,1,1,,"check: unusual word, term or non-English",salon-011,nd a few on my. Website. Which is my name at randymonteshevitz.com or randymonteshevitzart. I'll put it in 
randenburg-lee,1,1,Brandenburg-lee,likely misspelling / mishearing,salon-042,"y, Karen LaFleur, Randy Musischewitz, Janice Randenburg-Lee, TinTan23x, Jan Swinbur, Frederick Pons, Dia"
ranani,1,1,Ronnie | Ronny | runny,"check: unusual word, term or non-English",salon-091,"ur internet, actually our Instagram curator, Ranani Anishefska, will see those posts.  With hash"
ramos,1,1,Ramos | camos | vamos,likely misspelling / mishearing,salon-042,"And the next one below it is Elio Ramos Colombe. Thanks, Ben. Paint Particles. Do yo"
ramondi,1,1,Ramona,"check: unusual word, term or non-English",salon-025,"he did the primary bulk of it, but also Carl Ramondi also was a consultant for me. And I apprecia"
ramey's,1,1,Ramey's | Jamey's | ramen's,likely misspelling / mishearing,salon-046, and I think it looks really great with John Ramey's piece. So that's awesome. Yeah.
ramey,1,1,Ramsey | Ramey | ramen,likely misspelling / mishearing,salon-046,"ion there, a vector or gesture. This is John Ramey and that's Mina Chan, who's at MICA in Maryl"
ralph,1,1,Ralph | ealph,likely misspelling / mishearing,salon-051, a little research. And I read an article by Ralph Miliaguer. AI art is challenging the boundar
rainwing,1,1,raining | rain wing | rain-wing,likely misspelling / mishearing,salon-105,"e, transitions, between, us. And the output, rainwing output began, an, a search for… and more adv"
rainbowy,1,1,rainbows | rainbow | rainbow's,likely misspelling / mishearing,interview-002,"wrote this program that makes this beautiful rainbowy squiggle. And when you buy a piece, you don'"
raimondi,1,1,Raymond,likely misspelling / mishearing,salon-025,hen Michael Pointer is also paired with Caro Raimondi so there's six pairs all together and each p
rahul,1,1,Rahul | Raul | rah,likely misspelling / mishearing,salon-023," to do right now short thanks to Colleen and Rahul for this project, which you have come up wit"
rahms,1,1,Brahms | rams | harms,likely misspelling / mishearing,salon-097,e or imagine them as plans for creating soci rahms or articles or interviews or educational rep
rafi,1,1,raft | refi | rami,"check: unusual word, term or non-English",salon-050,"e United States Senate to design a chair for Rafi Friedman Gerstmann, who was the first transg"
rae,1,1,are | ran | rate,"check: unusual word, term or non-English",salon-090,"cal Visions, Computers and Art, 1987.  Avery Rae Smith, A Biography of the Pixel, 2021. Bonni"
radomirovich,1,1,,"check: unusual word, term or non-English",salon-087,Yeah this is a work by Sarah Radomirovich and who I don't believe is on the call it's 
radiologyart,1,1,radiology art | radiology-art,likely misspelling / mishearing,roundtable-004,"n the artistic side. So I founded a project, radiologyart.com. It's a website which serves as an onlin"
radiolab,1,1,radial | radially | radials,"check: unusual word, term or non-English",salon-031,studio based on a project he'd just done for Radiolab. And he started thinking about this. And he 
radikova,1,1,,"check: unusual word, term or non-English",salon-011,resenter for the day. Hi. Hi. I'm. I'm. Take Radikova for those who. That. Doesn't don't know me. 
radcliffe,1,1,Radcliffe,likely misspelling / mishearing,salon-092,"as recently participated in a panel at Fiu's Radcliffe incubator space titled before and after, whe"
rackham's,1,1,drachma's | rack ham's | rack-ham's,"check: unusual word, term or non-English",salon-048,"d and at the top, you have the ship from Red Rackham's Treasure. And there's that column that I poi"
racecar,1,1,race car | racer | race-car,likely misspelling / mishearing,salon-082,an auto mechanical savant who was trusted by Racecar driver. Scott Wheeler even lived on a street
rabindranath,1,1,Rabindranath | Ravindranath,likely misspelling / mishearing,salon-052,"his is Einstein and the Indian Bengali poet, Rabindranath Tagore. They met backstage at the Nobel Priz"
quoi,1,1,quod | quo | quoin,"check: unusual word, term or non-English",interview-018,hen and so this is that culmination. This is quoi this is I'm sorry for the street volume. It'
quix,1,1,quit | quiz | quid,"check: unusual word, term or non-English",salon-046,a collection. She's also a member of the Don Quix. So this is the Expressionist artists in the
quiroz-gueiro,1,1,,"check: unusual word, term or non-English",salon-011,"ing with our, you know, Uber director, David Quiroz-Gueiro, you know, about, you know, just various thi"
quinnipiac,1,1,Quinnipiac,likely misspelling / mishearing,presentation-002, professor of game design and development at Quinnipiac University in Hampton. He founded the game d
quinky,1,1,Quincy | quirky | quinsy,likely misspelling / mishearing,salon-044, doing some work along with the pianist axel quinky at ltv and august 23rd in the evening and be
quezudas,1,1,,"check: unusual word, term or non-English",salon-070,yeah looks good yes okay great so yeah vidas quezudas that's my name and I'm going to take you thr
queensland,1,1,Queensland | queens land | queens-land,likely misspelling / mishearing,salon-013,"fe. Okay. So I grew up on a farm in regional Queensland and it was very, pretty backward. This was i"
queensborough,1,1,Queensborough | queens borough | queens-borough,likely misspelling / mishearing,salon-095,"e back to the city. And on that ride, on the Queensborough Bridge, he talked about how important it is "
queenies,1,1,queens,likely misspelling / mishearing,interview-018, Queenie I can present many presentations of Queenies I have lots
quantinary,1,1,,"check: unusual word, term or non-English",presentation-002,s to create a secondary and a tertiary and a quantinary level of insight.  So it's a multi-dimension
quandoca,1,1,,"check: unusual word, term or non-English",salon-106,well as politics or gaming organizations for quandoca elauj Congratulations to working with someon
quando,1,1,quango,likely misspelling / mishearing,salon-090,dy synchronisions in video recorded via Sony Quando Van Halen near CR��uy Ferrer studio in digo 
quan,1,1,can | Juan | quad,"check: unusual word, term or non-English",salon-101,cording labor fashion choreography II sample quan Macori database infrastructure rapid calcula
quadramid,1,1,,"check: unusual word, term or non-English",salon-087,"That is how Quadramid is built, with grids of 3D pixels down. Quad"
qodirov,1,1,,"check: unusual word, term or non-English",presentation-002,t in taking photos. This is the local artist Qodirov Soliy and Uzbek artists in one of his painti
qaddafi,1,1,Qaddafi,likely misspelling / mishearing,salon-018,"ersary of the internet. And Alan Turing, one Qaddafi computational, had a concept what they call "
pyrennes,1,1,pyrenees | Pyrenees,likely misspelling / mishearing,presentation-004,2011 I had an artist residency in the French Pyrennes the mountains on the border between France a
pymol,1,1,,"check: unusual word, term or non-English",salon-102,"xplorations of the software, which is called Pymol, to conversations about the use of color in "
pyjama,1,1,pajama,likely misspelling / mishearing,salon-105,"d's side, constantly makes things. She makes pyjama for all of us, makes shoes, crochets, and kn"
pvc,1,1,pic | pac | pec,"check: unusual word, term or non-English",roundtable-004,s in this size and I put on. On like plastic PVC stones. So it's kind of an extension of the 
puttyish,1,1,pettish,likely misspelling / mishearing,salon-050,ters 3m makes a product that is sort of like puttyish but in a very stylized way so it's not lumpy
puto,1,1,put | puts | auto,likely misspelling / mishearing,salon-018,"rt residency. And I want all the things, the puto dance, the experiments I've done with digita"
purkite,1,1,parquet | parakeet,"check: unusual word, term or non-English",salon-088,o our next group who is presenting is Adrita Purkite and Aisha Malu.  Are you there?
purkhai,1,1,purdah,"check: unusual word, term or non-English",salon-088,"Good. Good evening, everybody. So I'm Ajitha Purkhai from Future campus school in Junarpur. This "
pullott,1,1,pullout | pullet,likely misspelling / mishearing,salon-083,", I hardly see it in any gallery. And Edward Pullott, so John Cecil Stevenson and abstract expres"
pugh,1,1,ugh | Pugh | push,likely misspelling / mishearing,salon-091,lyhedra Polyhedra Visual Approach by Anthony Pugh is a brilliant book.  He's part he was part 
psa,1,1,spa | pea | pas,"check: unusual word, term or non-English",salon-032,s going on. So yeah. Just wanted to get that PSA in there.  I think it's a Williamsburg Hotel
przy,1,1,pray | prey | pry,"check: unusual word, term or non-English",salon-090,these realistic shoots were of gewdy highway przy indulgent snake Disneyantes cannot handle fi
prussianist,1,1,Prussians,likely misspelling / mishearing,salon-087,"w at the Cape Cod Museum of Art of their Tex Prussianist Moving Image Works, which is super exciting."
proxima,1,1,Proxima | proximal | proximo,likely misspelling / mishearing,salon-020,"9.  And these are stills from a piece called Proxima Nova. And this is from 2020, Red Shadow. So "
proto-nfts,1,1,,"check: unusual word, term or non-English",roundtable-001,"il Dash in 2013 to present their monographs, proto-NFTs at the New Museum in New York. It was about "
proscript,1,1,prescript | pro script | pro-script,likely misspelling / mishearing,salon-098,". And then essentially code. So encapsulated proscript is a programming language, essentially that "
propriet,1,1,propriety,likely misspelling / mishearing,salon-081,"of it into eye. Colorado, and then back into propriet again. And then moved into what I decided wa"
projekt,1,1,project,likely misspelling / mishearing,salon-059,Investment in Financial Investment in firkan Projekt APPLAUSE Musicians are unionized. Many of th
proge,1,1,prove | prone | probe,likely misspelling / mishearing,salon-092,e in the works that we saw today. Collages.  Proge du collage.
proeminently,1,1,prominently | preeminently | pro eminently,likely misspelling / mishearing,salon-087,epth side and the background used as well so proeminently black background tv as well so it's not actu
problema,1,1,problems | problem | problem-a,likely misspelling / mishearing,interview-024,"I said yes, of course. No problem. Non schae problema, as we say in Rome.  And so I went out and I"
prn,1,1,pro | pre | pen,"check: unusual word, term or non-English",salon-080,"b. And I also worked At the same time at the Prn galleries. For Peace Health, which is a medi"
prismacolors,1,1,,"check: unusual word, term or non-English",salon-020,"ing work with, you know, like with these big Prismacolors. And we're going to do a little bit of the o"
princey's,1,1,princess | Prince's | princes,likely misspelling / mishearing,interview-008,"lan Brazil, Art Multiples, Katmandu Project, Princey's Art Rug Projects, James Paul Chung, and unde"
presupolar,1,1,,"check: unusual word, term or non-English",salon-026,ogistic forces and letters of conformity and presupolar relationships and disaggregated I also like 
presupmarkt,1,1,,"check: unusual word, term or non-English",interview-026,ts of interactive antecedents withpekoli—ằng presupmarkt क
presuplying,1,1,resupplying,likely misspelling / mishearing,salon-029, slow in exploring changing perspectives and presuplying solutions that accept billionaires in terms 
presuply,1,1,resupply,likely misspelling / mishearing,salon-076,visual imagery that could help model digital presuply.  And like I said I think colin has got some
presuplegerve,1,1,,"check: unusual word, term or non-English",interview-008,And presuplegerve capabilities for ARRE projects and VR analyt
presuplegeness,1,1,,"check: unusual word, term or non-English",interview-008,VR presentations to enhance VR analytics and presuplegeness for ARRE projects to enhance VR productivity
presupicker,1,1,,"check: unusual word, term or non-English",salon-038,e at higher speeds and faster electron Cliff presupicker starts moving around your aura at higher spe
preston,1,1,Preston | pristine | presto,likely misspelling / mishearing,salon-077,"ssac pieces, which I showed at Collins Tech, Preston Show in Southampton. Where I took an ink blo"
pressionist,1,2,percussionist,likely misspelling / mishearing,salon-029, I thought it did fall nicely under the tech pressionist rubric as it's an image created using techno
pressionism,1,3,Persians,"check: unusual word, term or non-English",salon-016,with the Zoom link and it mentioned the Tech Pressionism 2021 International Juried Exhibition. Has th
pression,1,1,person | Persian | press ion,"check: unusual word, term or non-English",salon-020," your question. But I think I mean, the tech pression is, that's why I think it's a very powerful "
prescripted,1,1,pre-scripted | prescript | pre scripted,likely misspelling / mishearing,interview-012," they're ergonomically and prescription puts prescripted for a single individual.  You'll have like, "
prendre,1,1,preener,"check: unusual word, term or non-English",salon-100,n Twitter? Where can we find powerpoint vers prendre her mind it has always done so well in news 
pre-grimm,1,1,pre-grime | pre-grim | pre-grimy,likely misspelling / mishearing,interview-022,"would find very, very early fairy tales like pre-Grimm. And I would read them and I'd put them asid"
pradma,1,1,Prada | pragma | praam,likely misspelling / mishearing,salon-047,. A gap. The Greek and this one. I went with Pradma. Another shot of a gap. Another shot. Pradma
ppd,1,1,ppl | pod | ppt,"check: unusual word, term or non-English",salon-008,"ah, hi. Hello, everyone. I'm Malavika. Is my PPD, you will be giving me the share, right? You"
powerpoints,1,1,powerpoint | power points | power-points,likely misspelling / mishearing,salon-100,"ay too. It really, Greg collected all of the PowerPoints and he kept saying, I need them by such and "
poway,1,1,power | powwow | powdery,"check: unusual word, term or non-English",interview-027,"d 8 years old through high school. Living in Poway, actually, which is like part of San Diego C"
povsky,1,1,,"check: unusual word, term or non-English",salon-087,de.  Here we have Moonflower II by Irina Ali Povsky. I'm not sure if you're here. I don't know i
povera,1,1,paver,"check: unusual word, term or non-English",interview-011, and that was this very kind of very art the povera kind of work and stuff it was kind of very c
pouco,1,1,pouch | poco,likely misspelling / mishearing,salon-097,"f.  So for example, if you take one of these pouco Northern Irish stiff catching brushes and ta"
potterbrush,1,1,potter brush | potter-brush,likely misspelling / mishearing,salon-105,"e. Perfect. Thank you. Are you familiar with Potterbrush? Well, I know maybe a lot of the people onli"
post-juban,1,1,post-cuban | post-juba | post-jubas,likely misspelling / mishearing,salon-059,"or the metaverse age, a decolonized feminist post-Juban Wonder Camera.  Coming out of the history of"
post-frankfurt,1,1,,"check: unusual word, term or non-English",roundtable-006," know, and the philosophy was, really mostly post-Frankfurt School French you know, deconstructuralist t"
portuguese,1,1,Portuguese,likely misspelling / mishearing,salon-066,"t more people. And my heritage is Indian and Portuguese. I'm sorry I don't, I'm not able to show my "
portraitery,1,1,portraiture | portraitures,likely misspelling / mishearing,salon-087,te hair vividly captures a stylized abstract portraitery painting ready for Central vital scene portr
porthouse,1,1,port house | portholes | pothouse,likely misspelling / mishearing,salon-050,on that do you have one more question at the porthouse for in the polo house just that's do you hav
poonz,1,1,poona | Poona,likely misspelling / mishearing,salon-010,of still around who's a dear friend is Larry Poonz and his wife Paula. So you can see in these 
poons,1,1,moons | pools | loons,likely misspelling / mishearing,interview-015,"ll alive. Some of us are still around. Larry Poons is still alive. He was a little, he was in b"
pompeii,1,1,Pompeii,likely misspelling / mishearing,salon-057,"you know, they look like they belong more in Pompeii than in New York City. And when I saw that, "
pomme,1,1,Somme | pomp | pommel,likely misspelling / mishearing,salon-102," And most recently, AIN performed at Jude de Pomme, which is a museum in Paris, and I'm gonna s"
polyhouse,1,1,playhouse,likely misspelling / mishearing,salon-095," And then I reached out to Helen Harrison at Polyhouse, who also was enthusiastic about it, being a"
poluconis,1,1,,"check: unusual word, term or non-English",salon-042,", Prince Bernoullia, Vicente Rivera, Michael Poluconis, Michael Borras, AKA Sistame, France. Well, "
poltava,1,1,Poltava | polltaker,likely misspelling / mishearing,salon-100,"come to. … The state-owned companies such as Poltava, Switzerland, etc. Have organized public sig"
pollock-rasner,1,1,,"check: unusual word, term or non-English",salon-100,"e art historian and longtime director of the Pollock-Rasner House and Study Center, Helen Harrison. So t"
pollock-krausner,1,1,,"check: unusual word, term or non-English",interview-001,s taken into the permanent collection of the Pollock-Krausner House and Study Center back in 2005.
pollick,1,1,police | rollick | pillock,"check: unusual word, term or non-English",salon-081,rian and critic. She was the director of the Pollick Krasner House and Study Center in East Hampt
politiques,1,1,politics | politicos | politicks,"check: unusual word, term or non-English",salon-092,"So Merci beaucoupe presentation commentaires politiques say on video. Says image politic, or in diff"
politique,1,1,politick,"check: unusual word, term or non-English",salon-092,"e politic, or in different medium. This is a politique et if."
poli,1,1,pole | polo | Polly,"check: unusual word, term or non-English",interview-010, it is so hard. And it ties back to my rigid poli sci background and my marketing and design b
polex,1,1,Rolex | poles | pole,likely misspelling / mishearing,salon-078," So let's jump over to. Oh, edx. This is the polex app site. It's available on the app store. B"
pokeballs,1,1,,"check: unusual word, term or non-English",interview-013,got pokemon stuff we were just arranging her pokeballs on her shelf you know
poesis,1,1,poses | poises | poesies,"check: unusual word, term or non-English",salon-051,sed engines as a kind of form of writing and poesis you know in other words to me it's kind of l
poesia,1,1,poesy,"check: unusual word, term or non-English",salon-058,"om 2008.  I am vulnerable member of Imaginee Poesia, one of the international artistic literally"
pocha,1,1,mocha | Rocha | pooch,likely misspelling / mishearing,salon-009,"rt of collectives like Artmark, the Yes Men, Pocha Nostra, Second Front, Manifest AR and now it"
plummest,1,1,plummet | plummets | plumpest,likely misspelling / mishearing,interview-003,"e Wall Street Journal online where I had the plummest, most exciting job to create creative storyt"
pliny,1,1,Pliny | plink | bliny,likely misspelling / mishearing,salon-102,"ted in Theophrastus' Inquiry into plants, in Pliny the Alder's Historia Naturalis, where it's d"
playtesting,1,1,play testing | play-testing,likely misspelling / mishearing,salon-061,"inting imagery, playing with AI, and sort of playtesting different ideas.  And one of two inspiration"
plaxall,1,1,pall | palatal,"check: unusual word, term or non-English",salon-011,"by 10K Productions at Culture Lab LIC at the Plaxall Gallery in Long Island City, New York. So I'"
platon's,1,1,Plato's | platoons | platoon's,likely misspelling / mishearing,salon-015,hink also if you consider like the fees that Platon's like Nifty Gateway take compared to other ga
planetarian,1,1,planetaria,likely misspelling / mishearing,salon-102," that would conflate guided meditation with, planetarian conventions, which are more educational. And"
planeta,1,1,planets | planet | planet's,likely misspelling / mishearing,salon-089,"l.  And her last part of the trilogy is Aqua Planeta. And on the left, you can see images of the "
pla,1,1,pls | play | pal,"check: unusual word, term or non-English",salon-060, the other things though too is that on some pla I think on most of the platforms you can eit
pl,1,1,,"check: unusual word, term or non-English",presentation-002,was written the code that I developed in was PL1 and this allowed these interesting breakups
pizzigato,1,1,pizzicato,likely misspelling / mishearing,salon-013,"for me was like if it was a sharp sound like Pizzigato, I used like triangle. If it was like a soft"
pixlr,1,1,Pixar | pixel | pixels,likely misspelling / mishearing,salon-071, some of these images and also an app called pixlr and I'm just going to go briefly through the
pixely,1,1,pixel | pixels | pixel's,likely misspelling / mishearing,salon-091,ral design on a computer. So you can see how pixely it is. And I think I'm just going to have to
pixelize,1,1,pixels,"check: unusual word, term or non-English",salon-090,kitchen. And it took about that time just to pixelize an image. So this was the start of me. You k
piro,1,1,pro | pyro | pico,likely misspelling / mishearing,salon-020,"small, pretty fun gallery in Williamsburg by Piro Gunduz. And there's a long, narrow hallway. "
pirna,1,1,pinna | piraña,likely misspelling / mishearing,salon-020," this is my friend and collaborator, Janneke Pirna, who's an Estonian artist who works a lot wi"
piranas,1,1,Tirana's | piranhas | piranha's,likely misspelling / mishearing,salon-077," board and a trip tick that I made of Amazon piranas and piranhas are an important animal, becaus"
piotrczyk's,1,1,pioetrczyk's,likely misspelling / mishearing,salon-042,"he front desk, really nice. And also Michael Piotrczyk's work is on the back of the front desk. And I"
pinsky,1,1,Pinsky | pinky | pinks,likely misspelling / mishearing,salon-056,e's influence in it. And a little bit of Kan Pinsky as well.  That's it. Thank you for your atte
pinkham,1,1,Pinkham | pink ham | pink-ham,likely misspelling / mishearing,salon-027, noticed an article in the newspaper about a Pinkham Rider exhibit. And I was so taken by this st
pinata,1,1,piñata | pinta | piñatas,likely misspelling / mishearing,salon-034," file storage, but there's a platform called Pinata that I was playing around with that is a pre"
pinar,1,1,Pixar | pioneer | Pilar,likely misspelling / mishearing,salon-018, you know they don't the one thing I like is pinar yoldas is a piece in which the AI that basic
pina,1,1,pink | pine | fina,"check: unusual word, term or non-English",salon-064,"love the paradox of Florida. Like, you know, pina coladas, greenery, I mean, comfort and, and "
piet,1,1,diet | pet | pies,"check: unusual word, term or non-English",salon-021," little better.  Then for example, you know, Piet Mondrian great work, but it's very, very con"
pictorum,1,1,picture | pictogram,"check: unusual word, term or non-English",salon-050,rave reviews on the quality of my new vendor Pictorum. Okay that's what I wanted to say.
pictor,1,1,picture | victor | Pictor,"check: unusual word, term or non-English",salon-022,ront of them at these various platforms like Pictor and people who have you submit to Submittabl
picto,1,1,pinto | pico | Pict,likely misspelling / mishearing,salon-050, like using the vegan leather but I also use picto p-I-c-t-o and they are in new york and they 
pichai,1,1,pita,"check: unusual word, term or non-English",salon-066,"0, 25 years later, they're, you know, Sundar Pichai people are heads of companies. They're doing"
picassoinpollock,1,1,,"check: unusual word, term or non-English",salon-023,ncourage you guys to check it out. It's just PicassoinPollock.org.  All right. And that link is in the cha
piazzetta,1,1,piazza,likely misspelling / mishearing,salon-109,"s. Without looking back he walked out to the Piazzetta, turned left smelling the ocean air and step"
phygital,1,1,,"check: unusual word, term or non-English",salon-098,"4th, 2025, and the topic of today's salon is phygital. That's P-H-Y-G-I-T-A-L, which is a portmant"
phuong,1,1,Phuong | fungi | phong,likely misspelling / mishearing,salon-020,o a piece for their gala. They were honoring Phuong Bui and Lisa Dennison. It was 2016. And then
photoville,1,1,,"check: unusual word, term or non-English",salon-079,t how to present it. For projects like photo photoville and other photo projects which are run out o
photo-liminalism,1,1,,"check: unusual word, term or non-English",salon-027,"ecause the camera. My medium, I call my work photo-liminalism. Kind of like the initial response that impr"
philomena,1,1,Philomena | philomela,likely misspelling / mishearing,salon-072,"rugge. And these are my children, Albert and Philomena. His manner and bearing were studied and for"
phillip,1,1,Phillip | Philip | Phillips,likely misspelling / mishearing,salon-089,res. This show just happens to be my husband Phillip Piper's show that I curated for him in this 
phes,1,1,phew | phase | pies,"check: unusual word, term or non-English",salon-081,oing to be showing at a gallery called Fares PHES.  Which is the initials for Paul Henry and E
pharrell,1,1,Harrell | Phar. | phar.,likely misspelling / mishearing,salon-020," to your visions. And so, Victor, I've known Pharrell and now I feel like, wow, you know, we'll ha"
petto,1,1,Pete | pesto | pet,"check: unusual word, term or non-English",salon-098,hose changes those updates before ber Tag då Petto ei in simultaneous translation.  We have ins
petruvanos,1,1,,"check: unusual word, term or non-English",salon-042,"ove Woman, AKA Giovanna Sun, Sue Beyer, Mark Petruvanos, Le Chat Noir, Lee Schnever, Prince Bernoull"
petkov,1,1,,"check: unusual word, term or non-English",salon-056,s name was musgrave so I became from leonard petkov to Lee Musgrave and believe me when you go t
petkar,1,1,Peter | petter | pettier,"check: unusual word, term or non-English",salon-056,father was bulgarian my real name is leonard petkar my mother decided not to marry that man she 
petersburg,1,4,Petersburg,likely misspelling / mishearing,salon-029,"ecause it's in the library in Leningrad, St. Petersburg, whatever. And I found oddly that they just "
pessoa,1,1,Pessoa | peso | pesos,likely misspelling / mishearing,interview-009,"they're all vectorial. Then these, like this Pessoa, is actually acrylic. Right. And then, you k"
pesaki,1,1,pesky,"check: unusual word, term or non-English",salon-041,"e, how early the ice was breaking and when a Pesaki.  Oh, I want to say one other thing. These l"
perth,1,1,Perth | perch | berth,likely misspelling / mishearing,salon-019," were given to me by my cousin's daughter in Perth, Australia. The wavy blue thing at the botto"
perspection,1,1,perception,"check: unusual word, term or non-English",salon-104,"ou've seen it, that amazing nude, Studies in Perspection… Perspective, which is kind of a famous work"
personism,1,1,persons | Peronism,likely misspelling / mishearing,salon-054, Digitalism doesn't sound as artistic as tax personism does.  It aligns itself more with impression
persians,1,1,Persians | Persian's | Persia's,likely misspelling / mishearing,salon-072,e and respect in ancient Persia. The ancient Persians had a deep reverence for the natural world a
permissioning,1,1,,"check: unusual word, term or non-English",salon-081,bout a piece that you would be interested in permissioning for reproduction or production iter instance
perlman,1,1,Perlman | Permian | Perelman,likely misspelling / mishearing,salon-103,d her MD from the University of Pennsylvania Perlman School of Medicine and later completed an MB
perlinger,1,1,Berlinger | prolonger | per linger,likely misspelling / mishearing,salon-068,"neighbor, you know, stuff they'd seen in the Perlinger archive. And now, when I look at this, when "
perlin,1,1,Berlin | Merlin | Perrin,likely misspelling / mishearing,salon-010,irst artist in residence at NYU Courant. Ken Perlin was a PhD student there at the time. And of 
peretti,1,1,Perth,"check: unusual word, term or non-English",salon-103,"ented what happened with Renee Good and Alex Peretti, that was done with ChatGPT. A year or two a"
perelman,1,1,Perelman | Perlman | pressman,likely misspelling / mishearing,salon-043, in 1978 from the University of Pennsylvania Perelman School of Medicine. And I continued my poetr
peraza,1,1,peruse | peruser,"check: unusual word, term or non-English",salon-110,"in some of it. And so I was asked by Rodolfo Peraza, who is from the Mudd Foundation. And you ca"
pepe,1,1,Pepe | peep | pipe,likely misspelling / mishearing,salon-034," seeing things going on the chat. Yeah, rare pepe. Yes. In 2016 and sorry yeah crypto punks we"
penrose,1,1,Penrose | pennies | penes,likely misspelling / mishearing,salon-020,sometimes or paper towels.  Shout out to the Penrose guy for bounty in those patterns. And also t
pellegrino,1,1,Pellegrino,likely misspelling / mishearing,interview-018,"ide the tent. I mean, there's. It was like a Pellegrino bottle and lights and flowers. And the point"
peep-o-rama,1,1,peep-o-mama | peep-o-ram | peep-o-bama,likely misspelling / mishearing,interview-030,". So I… with the Wonder Camera project, with Peep-O-Rama, with one of my earliest projects in 1998 th"
peclevanos,1,1,,"check: unusual word, term or non-English",salon-029,"t artist to be added to the index was Marcos Peclevanos, one of the artists in this show. He's been "
peclavonos,1,1,,"check: unusual word, term or non-English",interview-005,"l. You know it was, it was you and then Mark Peclavonos. Like you got you two guys were like the fir"
peclavanos,1,1,,"check: unusual word, term or non-English",salon-018,"st artist that we added was a guy named Mark Peclavanos, who's out in, you know, Ohio.  And as of to"
pearlson,1,1,Pearson | pearls | pearls-on,likely misspelling / mishearing,salon-091," These were in a show in 1987 at the Leonard Pearlson Gallery. But for some reason, I only had a s"
pearlman,1,1,Perlman | pearl man | pearl-man,likely misspelling / mishearing,salon-083,"ylvania School of Medicine, now known as the Pearlman School of Medicine, and the science classes "
payton,1,1,Payton | Peyton | Dayton,likely misspelling / mishearing,salon-099,".  So, with Clara Francesca here, with Katie Payton Hofstadter, and with Nang Lei, we co-founded"
payphones,1,1,payphone | pay phones | pay-phones,likely misspelling / mishearing,salon-076,one I know of anymore right there used to be payphones on every block and this I don't even know wh
paulo,1,1,Paul | Paulo | Paula,likely misspelling / mishearing,salon-033," any of you know the book, the alchemist. By Paulo Coelho. It's my favorite book in the entire "
patrogy,1,1,party | partly | partygoer,"check: unusual word, term or non-English",salon-072,ion. I have something to share with you. The Patrogy Arts Council is inviting you to submit short
patlichtyart,1,1,,"check: unusual word, term or non-English",presentation-007,ny in Berlin you can find me on Instagram at Patlichtyart and you can find Negin at negineteart.  That
patchaw,1,1,patch | patches | patchy,likely misspelling / mishearing,salon-101, a photo collage of me plein air painting in Patchaw. This past late summer. This is Terry Street
patagonia,1,1,Patagonia | Patagonian,likely misspelling / mishearing,salon-110," Salvador de Bahia, Brazil, but I'm based in Patagonia, Argentina. Okay. So, well, thank you very m"
passis,1,1,passes | cassis | pass-is,likely misspelling / mishearing,salon-092,on Paris.  To school a major. We found it je passis et re.
pask,1,1,ask | pack | past,likely misspelling / mishearing,salon-104,"I'm thinking of Gordon Pask, you know, who is, like, considered one of t"
pasadena,1,1,Pasadena,likely misspelling / mishearing,interview-021,"ansferred to art center college of design in Pasadena, and that took me to a whole nother level. A"
parubus,1,1,probes | paribus,"check: unusual word, term or non-English",salon-042,"to Paul D. Miller, a.k.a. DJ Spooky. Satyris Parubus, variant one, pointing, United States 2022."
partu,1,1,party | part | parts,likely misspelling / mishearing,salon-079,a exhibition which is going to be called Dua partu. It is taking place in the town square from 
partis,1,1,Paris | parts | part-is,likely misspelling / mishearing,salon-080,"nd welcome to the eightieth Techspressionism partis salon. I'm Renati Anyushka, and I'm coming t"
parrott,1,1,parrots | parrot | parrot's,likely misspelling / mishearing,salon-087,"in. Here we have I, Too, Am a Cat by Stephen Parrott. I think Stephen's here. Stephen. Hi. I am. "
parnique,1,1,prance,"check: unusual word, term or non-English",salon-021,Marseille. So it's co-copyrighted with Video Parnique. And it's imagining walking down a street in
parmigiano,1,1,parmigiana | ptarmigan,likely misspelling / mishearing,salon-029,rink Prosecco. So there is a bottle. There's Parmigiano. There's Prosciutto and these things. And ba
parl,1,1,part | park | Carl,"check: unusual word, term or non-English",salon-076,"an demonstrate that. Bien sûr. Si nous avons parlé en français, fait-il en anglais? Wow. It's "
parkinson's,1,1,Parkinson's,likely misspelling / mishearing,interview-019,". So, she's. She is right now suffering from Parkinson's. But in that also she does these lovely work"
pariwit,1,1,periwig,"check: unusual word, term or non-English",salon-106,oduction. He is also a professor at Sorbonne Pariwit and probably can tell us more about himself 
parita,1,1,part | Marita | parrot,likely misspelling / mishearing,salon-106,"was done using this software.  There's Juicy Parita, by the way, at the Winchester School of Art"
parisian,1,1,Parisian,likely misspelling / mishearing,roundtable-002,ng about at Jay. I think Eugene at Jay was a Parisian photographer and around the turn of the cent
pardee,1,1,padre | parred | parsee,"check: unusual word, term or non-English",interview-003,"y interviewed one of my collectors, Jonathan Pardee. And, and he said, really it's about the tru"
parc,1,1,part | park | Marc,"check: unusual word, term or non-English",salon-090," large companies, including IBM, AT&T, Xerox PARC, Evans & Sutherland, or at university engine"
paray,1,1,party | pray | para,likely misspelling / mishearing,salon-108,"I was in, I have two composers. Yes, Stephen Paray. Steven Ferre is one, and Yue Hao Gao. So it"
parallelity,1,1,,"check: unusual word, term or non-English",salon-027,"es and my water music have a certain kind of parallelity. And maybe at some point, we might even coll"
paradollia,1,1,parabola,"check: unusual word, term or non-English",salon-107,"le bit different. So the first one is called Paradollia, which is seeing a rabbit in the clouds. The"
paperwhite,1,1,paperweight | paper white | paper-white,"check: unusual word, term or non-English",salon-025,dle app you're using a kindle app the kindle paperwhite I don't think you'll get that sort of functi
panucci,1,1,panic | panache | panicky,"check: unusual word, term or non-English",interview-003,"a big influence. I mean, you know, Cynthia.  Panucci ran this wonderful art and science group tha"
pantone,1,1,Pantone | pontoon | pan-tone,likely misspelling / mishearing,salon-059,u cannot say copyright a color unless you're Pantone or you're a scientist and you come up with a
pantecrotter,1,1,,"check: unusual word, term or non-English",salon-032," leaf kind of coming out of the Sinai Christ Pantecrotter. As an interfaith minister, I have Buddhas a"
panovision,1,1,,"check: unusual word, term or non-English",salon-079,", you know, there's a group on Flickr called Panovision, which is all panorama artists and we had a "
panor,1,1,manor | pano | pannier,likely misspelling / mishearing,salon-108, an order. This will give you a nice sort of panor… slow pan panorama. There's two takes on it.
panographic,1,1,pantographic | planographic,likely misspelling / mishearing,presentation-005,and sequencing. Here I'm using an app called Panographic.  It takes me high as we fly away. Rainy Day
pankster,1,1,prankster,likely misspelling / mishearing,interview-024,what I just said above. I don't want to be a pankster. I don't want anyone panicking on what I'm s
pandith,1,1,pandits | pandit,likely misspelling / mishearing,salon-050,sing digital art as the basis. This is Anwar Pandith. He was from Kashmir province in India. I we
pamsy,1,1,pays | palsy | patsy,"check: unusual word, term or non-English",interview-018,al you know it doesn't have to be this mamsy pamsy or what would I say it's hard to say because
palma,1,1,Palmer | Palma | palms,"check: unusual word, term or non-English",salon-040,s that now it's falling apart and it has the Palma Hotel on the side and it's basically next to
paleolithic,1,2,Paleolithic,likely misspelling / mishearing,salon-103,"the cave that the cave people, cave artists, paleolithic artists, decided to use in their presentatio"
palabolus,1,1,parabolas,"check: unusual word, term or non-English",roundtable-005,"'m creating. So I've worked in the past with Palabolus dance theater and musician composers, and it"
pake,1,1,make | take | page,"check: unusual word, term or non-English",salon-083,"satellite gallery, and so and it had Manzune Pake. It had all these, you know now very well kn"
pajaro,1,1,perjure,"check: unusual word, term or non-English",salon-087,regon in the beautiful Willamette Valley. So Pajaro the Audubon began in a late night in some of
paizo,1,1,piazza,"check: unusual word, term or non-English",salon-022,"n use. It can be taken in with, often I use, Paizo sensors, which are like the sensors in doors"
paisos,1,1,pauses | Passos,"check: unusual word, term or non-English",salon-022, one that like sensed your presence with the paisos. They were like spread around the stage. So 
paintshop,1,2,paint shop | printshop | paint-shop,likely misspelling / mishearing,salon-066,"ed the bitmap from paint into something like PaintShop Pro, then the intuitive component really jus"
painter-esque,1,1,painteresque,likely misspelling / mishearing,salon-014,"ell, it depends on the piece, but I use this painter-esque quite a bit. Waterlog, those are two basic o"
padramind,1,1,,"check: unusual word, term or non-English",salon-087,"you. Thank you. Thank you. All right. Andrew Padramind? Thank you, Carrie Ann and Joey and Colin.  "
pacman,1,1,pac-man | pac man | paceman,likely misspelling / mishearing,salon-081," might get you to think about that.  You see Pacman here. And if so, what you know, what does th"
pachag,1,1,pacha | pachas,likely misspelling / mishearing,salon-075,"'t take long. Tonight begins Mocha Lights in Pachag, Long Island. It goes from October 5th to th"
ozzy,1,1,Ozzy | Izzy | oozy,likely misspelling / mishearing,salon-100,"'ll All Remain Unchanged. And if there's any Ozzy Osbourne fans in here, that was a homage to "
ozanne,1,1,ozone,"check: unusual word, term or non-English",salon-028,"act that I saw someone else, an artist named Ozanne Rosen used the term in print calling herself"
overstrom,1,1,,"check: unusual word, term or non-English",roundtable-003,"py into my teaching. And at that point, Neil Overstrom, who was the director of the RISD Nature Lab"
outpaint,1,1,outpatient | outpoint | out paint,likely misspelling / mishearing,interview-012,"I spent my undergraduate days trying to outpaint the Kooning, which was quite a challenge. Wh"
outbore,1,1,out bore | outwore | out-bore,likely misspelling / mishearing,interview-003," a City of Dreams. This is like a commission outbore. I am giving a history because you know, a l"
ousler's,1,1,ousel's | ousters | ouster's,likely misspelling / mishearing,salon-020,r work at Guildhall I think it was with Tony Ousler's work in another room maybe but or I don't kn
otos,1,1,otoh | fotos | motos,"check: unusual word, term or non-English",salon-084,"t a different time. I think cynthia Dean and Otos on here, and she and I were the ones who got"
otomo,1,1,item | atom | Oromo,"check: unusual word, term or non-English",interview-005,Ghost in the Shell. Yeah. Katsuhiro otomo yeah I mean amazing amazing work and then gh
ossorguine,1,1,,"check: unusual word, term or non-English",presentation-002,"award-winning sound designer, composer Serge Ossorguine. For another AI generated work, I used a sim"
ossier,1,1,dossier | bossier | osier,likely misspelling / mishearing,salon-109, earth on which they rest is secured only by Ossier and Wattle yet you do not hesitate to oppose
osler,1,1,Osler | oiler | osier,likely misspelling / mishearing,salon-016,"know, I'm very, I've been reading about Tony Osler and Nam June Pike.  So I'm thinking digital "
oscar,1,2,Oscar | Oscars | Oskar,likely misspelling / mishearing,salon-055,changes. Dorian Gray's done that already. So Oscar Wilde was one up on us regarding NFTs.  So I
osbourne,1,1,Osbourne | Osborne,likely misspelling / mishearing,salon-100,"ll Remain Unchanged. And if there's any Ozzy Osbourne fans in here, that was a homage to him who p"
ortman,1,1,Portman | outman | ortolan,likely misspelling / mishearing,salon-033,o the video gray matters with music by Laura Ortman and I began to think of the origins of the u
orozcov,1,1,Orozco | orozco,likely misspelling / mishearing,salon-012,"e show is curated by Ed Winkelmann and Marat Orozcov. Right? And so, you know, I, it's worth, I h"
ornette,1,1,ornate,"check: unusual word, term or non-English",interview-016,"vant garde musicians like Sun Ra, John Cage, Ornette Coleman and so on. Made inquiries. And so th"
ormiere,1,1,armoire | armer,"check: unusual word, term or non-English",salon-042,The next is Philippe Ormiere. His piece is called Ceté Couché de Soleil M
organsch,1,1,odrgansch,likely misspelling / mishearing,salon-096,ink we're going to have a salon based on the organsch show at some point. Are we not.
ordover,1,1,order | orderer,likely misspelling / mishearing,interview-014,"worked for an art lawyer at one point, Jerry Ordover. And he, yeah, he was a client. So yeah, I m"
orden,1,1,order | Ogden | Arden,likely misspelling / mishearing,interview-004," a German Gram from LP entitled Ger, Sacker, Orden. And over here is now John Cage's Variations"
ordata,1,1,ornate | or data | orate,"check: unusual word, term or non-English",salon-105,"Thank you so much to die. Thank you, Ordata, thank you, Colin. Thank you, Michael. Thank"
orasma,1,1,oars | oarsman | oarsmen,"check: unusual word, term or non-English",salon-021,"ton that were in it. By the way, I was using Orasma, later known as HP Reveal, which has since b"
oranda,1,1,orange,"check: unusual word, term or non-English",salon-078,"Augustine, and the artist's name was Kano de Oranda.  And what I really liked about The manuscri"
opticon,1,1,option | optician | optic-on,likely misspelling / mishearing,salon-062,the sense that a bell. I think it was a Bell Opticon opaque projector that he borrowed from Wille
oppenheimer,1,1,Oppenheimer,likely misspelling / mishearing,salon-013,"appropriated from, I think it was, Professor Oppenheimer. I think that was a quote he said when he sa"
opensource,1,1,open source | open-source,likely misspelling / mishearing,presentation-005,"ng and animation rendering tool. It is free, opensource, and available on Windows, Mac, and Linux. T"
openpact,1,1,open pact | open-pact,likely misspelling / mishearing,salon-020,"making a zoomorphic tessellation. And I used OpenPact. Unlike Escher, I wanted to do something dif"
openheimer,1,1,Oppenheimer,likely misspelling / mishearing,interview-003,nd I love the woman who runs the program lay openheimer just wonderful person with a real really mak
openc,1,1,open | opens | opec,likely misspelling / mishearing,salon-015,link to the collection the nft collection on openc as well as for ross and nageen's collection 
open-endedness,1,1,open-mindedness | openhandedness,likely misspelling / mishearing,salon-104,"a Ferrariolo, is a systems artist focused on open-endedness, self-organization, morphogenesis, and adapt"
oozebeck,1,1,ooze beck | ooze-beck,likely misspelling / mishearing,salon-096,"be, you can go to Techspressionism.com slash Oozebeck, UZBE, K, and that will take you to the micr"
oop,1,2,top | pop | up,"check: unusual word, term or non-English",salon-032,p. Absolutely. So signing out in five. Four. Oop. Three. Three. Yeah. Two and one.
onspiring,1,1,inspiring | conspiring | unsparing,likely misspelling / mishearing,salon-047,ial you know in other words something that's onspiring and a little scary and you know and that's y
onnx,1,1,one | onyx | onna,"check: unusual word, term or non-English",interview-029,"Unix… on a… on… on a very expensive… $50,000 ONNX computer."
onige,1,1,ionize,"check: unusual word, term or non-English",salon-106,"y to MIT, based on his studio withlas Miller onige ahead of him. His composition P nazik ini sh"
ongaro,1,1,anger | Angora,"check: unusual word, term or non-English",roundtable-001,e show which I co-curated with Karen Mancusi Ongaro and Clemence White was basically looking at 
onee,1,1,no | one | once,"check: unusual word, term or non-English",salon-077,"d just keep playing with it, and I know that onee is where I want to be. But now you can tell "
omniverse,1,1,omnivores,"check: unusual word, term or non-English",salon-015,"oint, what Colin was saying is basically the omniverse. To have a sort of interoperable metaverse a"
omnimia,1,1,,"check: unusual word, term or non-English",salon-077,.  Or I name it after my business e graphics omnimia then you have that anchor identification. An
olympus,1,1,Olympus,likely misspelling / mishearing,salon-024," now. But I mean with this one I was using a Olympus C 50 50 or something like that, which was a "
olsen,1,1,Olsen | Olson | olden,likely misspelling / mishearing,interview-006,I tip my I tip my hat to marissa olsen on this in other words that she that pretty 
olney,1,1,only,"check: unusual word, term or non-English",salon-100,ce our russian language because I didn't use olney almost never having someone else which would
olivier,1,1,Olivier | Oliver,likely misspelling / mishearing,salon-106,y. This is one of the first piece I did with Olivier Aubert and Thierry Fournier. And it was for 
olitski,1,1,,"check: unusual word, term or non-English",salon-010, Greenberg and Helen Frankenthaler and Jules Olitski. The only one that's sort of still around wh
olinsky,1,1,kolinsky,likely misspelling / mishearing,interview-015," Rapalek, and Falkner. And Frankenthaler and Olinsky and Koons. And then I love Kandinsky and his"
oleso,1,1,oleo | loess | oleos,likely misspelling / mishearing,salon-086, from Czech Republic thank you under that is Oleso Sani I believe yes and under that is oh geez
okefenokee,1,1,,"check: unusual word, term or non-English",salon-090, was a wildlife photographer. And we were in Okefenokee Swamp. And there were a number of disasters.
ojuak-aushevak,1,1,,"check: unusual word, term or non-English",salon-021,"the Canadian Arctic. So this image is by Ken Ojuak-Aushevak, and it's titled The Enchanted Owl. And she "
ois,1,1,is | his | sis,likely misspelling / mishearing,salon-106,"geniuses like Dali or Van Gogh for Jean-François Millet. Millet painted simplicity, labor, th"
og,1,1,of | go,"check: unusual word, term or non-English",salon-017,e it predominantly as the Ether itself. Most OG people seem to be that way. Like the people 
ofvie,1,1,offie | of vie | of-vie,likely misspelling / mishearing,salon-090,atur suite plans for typical bees is made up ofvie parameters that came up at this point in tim
ofrenda,1,1,offered | offend | offender,"check: unusual word, term or non-English",interview-013,onnas and kind of thinking about the mexican ofrenda where you know you put photos of your of you
ofonting,1,1,offending,"check: unusual word, term or non-English",salon-042,"ant to say, I just think the way you're kind ofonting the question, I just think the way you're ki"
ofkeurie,1,1,,"check: unusual word, term or non-English",salon-061,Last question is what's the present future ofkeurie for this project it's an interesting so as w
ofit,1,1,fit | obit | omit,likely misspelling / mishearing,salon-028,f you in the haven. And you can see the city ofit in the middle. And you can see the city of T
ofiend,1,1,offend | fiend,likely misspelling / mishearing,salon-020,s two by two three and it's this little sort ofiend I'm gonna call it. And that's cacortopit. An
ofand,1,1,of and | offend | of-and,likely misspelling / mishearing,interview-001,Just not at all on the same level ofand
oed,1,1,red | old | odd,"check: unusual word, term or non-English",salon-049,"yle. And that was lifted directly out of the OED definition for expressionism, which was an a"
odetta,1,1,Odessa,"check: unusual word, term or non-English",salon-061,nce to be in a Miami F art fair exhibit that Odetta Digital was organizing and the pieces had to
ocr,1,1,or | our | oar,likely misspelling / mishearing,salon-068,. And then I ran it through Adobe Acrobat to OCR and be able to quote for myself.  So it's th
ocd,1,1,old | odd | cod,"check: unusual word, term or non-English",salon-037,savantism. It's a very strange. It's like an OCD that comes with it. It comes from brain inju
oc,1,1,of | o/c,"check: unusual word, term or non-English",salon-106,"y, very complex project I did for the Museum Océanographique de Monaco. It's a 20 meter by 9"
obsolesc,1,1,obsolesce,likely misspelling / mishearing,interview-028," being here, not being relevant humans being obsolesc in a way. But I think you know what I've com"
obrist,1,1,orbits | oboist,"check: unusual word, term or non-English",interview-006,"was curated by Shumon Bashar and Hans Ulrich Obrist for God's sakes. You know, so I mean, what's"
oblitsky's,1,1,oblcitsky's,likely misspelling / mishearing,interview-015, exhibition opening that I went to was Jules Oblitsky's retrospective at the Boston Museum of Fine A
obg,1,1,obv | org | obj,"check: unusual word, term or non-English",salon-106,"o something else with the code. Download the OBG. And if you have time, also print it as an o"
obelis,1,1,obelisk | obelus,likely misspelling / mishearing,salon-083, sued by a New York model. Who says he's the obelis. Now this gets to a lot of things because th
oakley,1,1,okay | Oakley | Coakley,"check: unusual word, term or non-English",salon-044," careful, as he said, you have married Annie Oakley for someone who had never shot a gun, or at "
oahu,1,1,Oahu,likely misspelling / mishearing,salon-056,at whole side of the family is over there on Oahu. So I never really identified as Asian per s
o'connor,1,1,O'Connor | o'condor | o'conner,likely misspelling / mishearing,interview-021,"ure in the void matrix friend of mine, Kevin O'Connor.  So most of these images are people that I "
nyogenlle,1,1,,"check: unusual word, term or non-English",salon-087,usive in programs like altering religion and nyogenlle content with religion thaturas worship in un
nyan,1,1,Ryan | Nan | naan,"check: unusual word, term or non-English",salon-016,"es or a lot of the internet memes, like that Nyan cat or however you pronounce it, you know, t"
nyack,1,1,yack,likely misspelling / mishearing,salon-020,"this is the Edward Hopper House Museum up in Nyack. And then Carol Crane, if she's still on, in"
nutso,1,1,nuts | nut so | nut's,likely misspelling / mishearing,salon-011,That's the background of the favela with the nutso wires with the chalkboard from CERN. So that
nusavi,1,1,,"check: unusual word, term or non-English",salon-042,"a, United Kingdom, 2022. Right here.  Sahar, Nusavi, certainly seen online. I know some of us ha"
nur,1,1,our | nor | nut,"check: unusual word, term or non-English",salon-062,"ith you. Yeah, that's a good way to start. E nur Kaveh's world. It's an event I'm going to ha"
nucs,1,1,nuts | nuns | nubs,"check: unusual word, term or non-English",salon-042,. I just want to say a little some about the nucs. I just want to say a little about the up to
nso,1,1,no | so | iso,likely misspelling / mishearing,presentation-009,"primed. I use a brand called sense so as the NSO, which you can buy online about an enroll. I"
nsf,1,1,nsfw | nfs | nsfl,likely misspelling / mishearing,salon-021,"g hit. In fact, it was the lead story on the NSF website for quite a while. And so they neede"
nsa,1,1,isa | asa | nasa,"check: unusual word, term or non-English",salon-052,"ample, when you create a mathematical RSA or NSA level of encryption, you're creating mathema"
novosibirsk,1,1,Novosibirsk,likely misspelling / mishearing,presentation-003,"otton Club screen in Harlem, State Museum in Novosibirsk, ICA in London, Jerusalem Biennale, numerous"
nouves,1,1,nouns,"check: unusual word, term or non-English",salon-092,De l'erte travaliers et nouves alerts critiques.
nostrom,1,1,nostrum,likely misspelling / mishearing,presentation-005, Cod Art Center and a Pollock Award at Photo Nostrom in Barcelona. He has exhibited widely and so
nostra,1,1,rostra,likely misspelling / mishearing,salon-009,"collectives like Artmark, the Yes Men, Pocha Nostra, Second Front, Manifest AR and now it's Expr"
norwegian,1,1,Norwegian | Norwegians,likely misspelling / mishearing,interview-016,"ted by Roger Antonsen, who's a very renowned Norwegian, mathematician and Greg Niemeyer, who's the "
norwalk,1,1,Norwalk,likely misspelling / mishearing,salon-041," him. Who else was in there? The jellyfish.  Norwalk Aquarium. So, yeah. Yeah."
norowitz,1,1,Horowitz,likely misspelling / mishearing,interview-010," I would say in the last 15 years, David was Norowitz and David Hockney and Felix Gonzalez Torres,"
norfolk,1,1,Norfolk,likely misspelling / mishearing,salon-041,"or bridges or tunnels to go through, like in Norfolk and that surrounding area. And I really miss"
noreeniana,1,1,,"check: unusual word, term or non-English",salon-093,"nata to propose their collaborative artwork, Noreeniana, to become part of our Cape Cod Museum of Ar"
norcross,1,1,nor cross | nor-cross,likely misspelling / mishearing,salon-009,ally I grew up in lawrenceville and lived in norcross before moving to virginia oh lord you need t
norbud,1,1,morbid | forbid | forbad,"check: unusual word, term or non-English",interview-020, Public Library and in the Rodark Gallery in Norbud. She joined the Expressionist movement and c
nonmeaning,1,1,non meaning | non-meaning,likely misspelling / mishearing,salon-011,"r where is the understanding the meaning and nonmeaning that we, from just watching our faces and fa"
nonato's,1,1,Novato's | neonate's,likely misspelling / mishearing,salon-086,ere yeah Paula all the Malofs and Cynthia Di Nonato's works here which have a interesting dialogue
nonato,1,1,Novato | neonate,likely misspelling / mishearing,salon-086,ve once I put it on the wall like Cynthia Di Nonato and I'm sorry are we looking at this right h
non-verbbally,1,1,non-verbally,likely misspelling / mishearing,presentation-003,bout one person influencing the other person non-verbbally.  And we did and so we were able to come bac
non-june,1,1,non-tune | non-junk | non-dune,likely misspelling / mishearing,salon-042,Very non-June site. Yeah.
nokia,1,1,Nokia | Nikon | Nakia,likely misspelling / mishearing,salon-102,f… we recorded her in an anechoic chamber at Nokia Belt Labs. The first time AIN performed was 
noho,1,1,boho | soho | nomo,"check: unusual word, term or non-English",salon-036,"ium Beef, the butcher shop in Manhattan, the NoHo area. Also, I worked in Japan. Like in the p"
nohio,1,1,Ohio | qnohio,likely misspelling / mishearing,salon-033,u where you can find a mini retrospective on Nohio.  It's on Bjorn Magnolian's site. And it's c
nogy,1,1,nosy | nog | nogs,"check: unusual word, term or non-English",salon-095,nogy and faculty member yet? Or no we need this s
nodingham,1,1,,"check: unusual word, term or non-English",presentation-004,"t 5 years. I'll close with this piece called Nodingham, a recent painting approximately 3x5 ft in s"
nodalhi,1,1,nodal | nodally | nodal hi,likely misspelling / mishearing,salon-058,"hrin Museum, National Gallery of Modern Art, Nodalhi and many more.  I am India's major digital a"
nochmal,1,1,,"check: unusual word, term or non-English",salon-095, arielle hello cynthia hello marilyn patrick nochmal easter eggs relax gosh absolutely obviously 
noch,1,1,Koch | nosh | notch,"check: unusual word, term or non-English",salon-090,"mbankments over piano anos Thanksgiving pool noch study Thank you.  Okay, I'm going to segue i"
noam,1,2,Noam | Naomi | norm,likely misspelling / mishearing,salon-080,"es to money into non. Who am I thinking of?  Noam Chomsky, you know. It says, nothing is creat"
nish,1,1,wish | fish | dish,"check: unusual word, term or non-English",salon-067,"ah, it's a homeless guy. He's sleeping on an Nish in a, a bus shelter.  But yeah, I mean, you "
nipdick,1,1,niydick,likely misspelling / mishearing,salon-068,"se ones when I do nine canvases, I call them nipdick, kind of like a triptych or a dipdick. And s"
nios,1,1,noise | bios | nirs,"check: unusual word, term or non-English",salon-044,"ike the expressionist, then the ABEX Nia and Nios. And it's once again, as you know, as cultur"
ninasobell,1,1,,"check: unusual word, term or non-English",presentation-003,aker Space there. You can always reach me at ninasobell.com and on Instagram @nina_sobell and I live
nikki,1,1,Nikki | Nicki | Niki,likely misspelling / mishearing,salon-030,"ou know, you know, a good chunk of that with Nikki.  All right. Yes, lots of people can speak E"
niketan,1,1,nekton,"check: unusual word, term or non-English",interview-019,d my d fine and m fine from kalavavan shanti niketan so this black and white house landscape sorr
nijine's,1,1,Nadine's | nijines's,"check: unusual word, term or non-English",salon-086,"lleys and a wave if you will. So Patrick and Nijine's piece is this peak, but also there's this sc"
nijine,1,1,Nadine | nijines,"check: unusual word, term or non-English",salon-086," on the wall, which is by Patrick Lichty and Nijine Esteban.  This is a, I don't know, I think i"
nih,1,1,nah | nit | nth,"check: unusual word, term or non-English",salon-088,"exchange. And then I also used what was then Nih image. You know, that was free. And so, and "
nightshining,1,1,night shining | night-shining,likely misspelling / mishearing,salon-074,"sking to be on the show. This is Mike Romeo, Nightshining. He does sculpture. I'd like to have some ph"
nigging,1,1,digging | nagging | rigging,likely misspelling / mishearing,interview-006,e era so and this is something that you know nigging and I have been you know working on but this
nigeria,1,1,Nigeria | Nigerian,likely misspelling / mishearing,salon-106,"s like the biggest e-trash dump in Ghana, in Nigeria. And so, yeah, I would. And I'm talking abou"
niftyfi,1,1,nifty,likely misspelling / mishearing,salon-037,"ation. And I have some on OpenSea and Nifty, NiftyFi. That's another one that fractionalizes NFTs"
niftorium,1,1,,"check: unusual word, term or non-English",salon-031,"twofer question from Colin and Lee, both. Is Niftorium a market like OpenSea? Or, and is it going t"
nietzsche,1,1,Nietzsche,likely misspelling / mishearing,salon-015," These, as you can see, is Bob D and this is Nietzsche. Ezra Pound. I also did some artists that, y"
niepce,1,1,niece,likely misspelling / mishearing,interview-017,"fact, the sort of first extant photograph by Niepce of like just, you know, roof lines in Paris."
niels,1,1,Niels | Niles | nils,likely misspelling / mishearing,salon-092,"ng here is I wanted to share this quote from Niels Bohr, who a hundred years ago was a founding"
niederman,1,1,,"check: unusual word, term or non-English",salon-046,ked with at columbia college chicago michael niederman and tom dowd tom dowd was the was the game d
nicu,1,1,nice | nick | niche,"check: unusual word, term or non-English",salon-080,"e pictures of children that have been in the Nicu, and we're now, of course, thriving.  I brie"
nicolo,1,1,Nicole | Nicola,likely misspelling / mishearing,salon-081,Cynthia. And for those of you who don't know Nicolo is member of the group. From Cameroon. He ac
nicole's,1,1,Nicole's | Nicola's | Nichole's,likely misspelling / mishearing,salon-059,right now so if you all are following kalani nicole's eat works it's a consortium of people in new
nicolas,1,1,Nicolas | Nicholas | Nicola's,likely misspelling / mishearing,salon-106,uture that will revisit the dance of time of Nicolas Poussin. This same Poussin who appears preci
nic,1,1,nice | mic | inc,likely misspelling / mishearing,salon-058,s the name of the museum or studio? Okay. Is NIC? Artists.org. L-I-C-A-R-T-I-S-T-S.org. I'm s
nh,1,1,,"check: unusual word, term or non-English",salon-100,rt Ke planes ad��inha Lee Rel Lebenssche zur nh introduce season 30 helps tell some stories 
nguyen,1,1,Nguyen,likely misspelling / mishearing,salon-050,dren's Museum and of course working with the Nguyen and going into Kuntz Matrix. So that's a who
ngris,1,1,Gris | nori's | gris,likely misspelling / mishearing,salon-087,n thaturas worship in understanding trans chúngris network online groups chakt certain disaster
ng,1,1,nag,likely misspelling / mishearing,interview-026,sults of interactive antecedents withpekoli—ằng presupmarkt क
nftnowshow,1,1,,"check: unusual word, term or non-English",salon-013," There's a link to it, but Anne also grabbed nftnowshow.com.  And, and that redirects to, to some in"
nft's,1,1,nets | nuts | not's,"check: unusual word, term or non-English",salon-030,a platform that I found when I first started nft's Journey in you know earlier my process of cr
nfp,1,1,nap | nfs,"check: unusual word, term or non-English",salon-037,"our job card project is real? And what's the NFP? What do you mean? Well, it sounded to me li"
nezrin,1,1,neuron,"check: unusual word, term or non-English",salon-042,"let's see. Yes, Sean Mitt, Stephanie Sydney, Nezrin Solomay, Karen LaFleur, Randy Musischewitz, "
nextain,1,1,,"check: unusual word, term or non-English",salon-008," the process to like we're going to have the nextain and I mean, it'll be a fairly extensive show"
newsweek,1,1,Newsweek | news week | news-week,likely misspelling / mishearing,interview-003,Georgia. It actually got covered by National Newsweek because it was just they said if he's gone t
newsome,1,1,newsroom | new some | newsmen,likely misspelling / mishearing,salon-037,"ello, and welcome everyone to our Techspresh Newsome virtual salon. I am your host, Davonte Bradl"
newhouse,1,1,Newhouse | new house | new-house,likely misspelling / mishearing,presentation-006,He was educated in photojournalism at the SI Newhouse School of Public Communications in Syracuse.
newbury,1,1,Newbury | newborn | new bury,likely misspelling / mishearing,interview-002,"Boston, there were galleries all up and down Newbury street. And I brought in a bunch of my digit"
newberry,1,1,Newberry | newborn | dewberry,likely misspelling / mishearing,salon-084,"in Boston for a little while and I went down Newberry Street, which is where all the sort of hoty "
neuroradiologist,1,1,,"check: unusual word, term or non-English",salon-032," about that he is also a radiologist. He's a neuroradiologist from France, Denis Ducreux. And very interes"
neurofeedback,1,1,,"check: unusual word, term or non-English",salon-090,"n I went out to California and played with a neurofeedback machine, an alpha wave machine, with my frie"
neurochemical,1,1,,"check: unusual word, term or non-English",interview-016,er that actually there's a physiological and neurochemical response and people are studying that and gu
neue,1,1,Neue | nene | nee,likely misspelling / mishearing,salon-021, Helvetica was developed. So I use Helvetica Neue in this presentation. These pieces below are
nettime,1,1,Nettie | nettle | net time,likely misspelling / mishearing,salon-021,uts that new media artists have been in like NetTime.  The mailing list and that sort of thing is
netinow,1,1,netting,"check: unusual word, term or non-English",salon-031, a great thanks to and spexler that I joined NETiNOW curation. So we all know that it was a featu
nessum,1,1,nest | Nessus,"check: unusual word, term or non-English",salon-090,"own systems, mostly for typesetting. Barbara Nessum got access to one of these and was able to m"
nero,1,2,Nero | zero | near,likely misspelling / mishearing,salon-013,"is one is entitled. Yeah, I've just lost it. Nero. Nero. And of course, this was after our for"
nerding,1,1,needing | herding | nerving,likely misspelling / mishearing,salon-013," anyway. But, anyway. Before, before I go on nerding out about video game stuff. As I am wont to "
nephronian,1,1,,"check: unusual word, term or non-English",salon-060,ence is there's crossover but among like the nephronian accelerator people this salon and then I'm i
neos,1,1,news | nets | neon,"check: unusual word, term or non-English",salon-020,"tional practice, you know, with the with the Neos in the in the 80s and 90s, and that sort of "
neodlesian,1,1,,"check: unusual word, term or non-English",salon-061,ool. So you can see I just got the cork of a Neodlesian and I'm going to use the hand where I'm goin
neo-modernism,1,1,net-modernism | ned-modernism | nem-modernism,likely misspelling / mishearing,interview-021,wo levels you know that kind of modernism or neo-modernism and all the different flavors but there's th
neo-gothic,1,1,new-gothic | net-gothic | neon-gothic,likely misspelling / mishearing,salon-073," shone brightly on the church tower, steeply neo-gothic like the south tower of the church, though s"
nemeth,1,1,,"check: unusual word, term or non-English",salon-046,"dible thing.  Is that, is that this is Talon Nemeth. And this actually a, let's see here, about "
negroponte,1,1,,"check: unusual word, term or non-English",interview-011,"I mean, I keep thinking back to that book by Negroponte, Being Digital. You know, in this sort of li"
negineteart,1,1,,"check: unusual word, term or non-English",presentation-007,am at Patlichtyart and you can find Negin at negineteart.  That's us Patrick Lichty and Negin Ehtrsab
neffetal,1,1,,"check: unusual word, term or non-English",salon-095," interesting. And when you brought up Joseph Neffetal in the beginning, I thought, wow, this is re"
neeson,1,1,Neeson | Nelson | nelson,likely misspelling / mishearing,salon-102,"der will be, Laura Splan, then Sue Wong, Gal Neeson, and then Janet Biggs will, close us out. An"
nedin,1,1,needing,likely misspelling / mishearing,salon-087,k you so much. This is Forbidden Flowers. By Nedin Atassabian Likhti. I'm not sure. I'm not sur
necvital's,1,1,,"check: unusual word, term or non-English",salon-097, Patrick's question it reminded me of Joseph Necvital's work who he's a friend and he's also a frien
necmatal,1,1,,"check: unusual word, term or non-English",salon-094,"the empty space. Yeah, I think that's Joseph Necmatal right there with his virus. And we have a la"
neckvetal,1,1,,"check: unusual word, term or non-English",interview-029,"And Joseph NeckVetal, like…"
nechvatall,1,1,nechvadall,likely misspelling / mishearing,interview-029,"re I met Patrick, and it was actually Joseph Nechvatall that recommended that place to me, because h"
nechtol,1,1,nettle,"check: unusual word, term or non-English",interview-001," me by another artist member of ours, Joseph Nechtol, who is really a pioneer in digital art and "
nechtetal,1,1,,"check: unusual word, term or non-English",salon-018,"ience, folks haven't seen in a while. Joseph Nechtetal. Joseph Hayes. Joseph Hayes. And Steve Mille"
necfatal,1,1,,"check: unusual word, term or non-English",roundtable-001," Miller, aka DJ Spooky, Steve Miller, Joseph Necfatal, Michael Rees, Christine Schooley, Nina Sobe"
necbatal,1,1,Nembutal,"check: unusual word, term or non-English",salon-086,"It's been a long day already. We have Joseph Necbatal over here. Also, we have this large piece by"
ne,1,1,me | he | be,"check: unusual word, term or non-English",presentation-005,tarting image for the transformations in the ne in the following video. I've used pieces by 
ndufar,1,1,nudger | nodular,"check: unusual word, term or non-English",presentation-006,"are you photographers?  Actually, my name is Ndufar, by the way. And I'm also really interested "
nazik,1,1,nasik,likely misspelling / mishearing,salon-106,Miller onige ahead of him. His composition P nazik ini shocking animation Young Sir code � for 
nazca,1,1,,"check: unusual word, term or non-English",salon-042,e I did this because I have circled over the Nazca lines and explore deep sea diving and glyphs
nayan,1,1,Mayan | naan | Dayan,likely misspelling / mishearing,salon-037,bout the founder of the UAE Sheikh Zayed bin Nayan on Sheikh Zayed founder of the UAE sorry but
navajo,1,1,Navajo | Navajos | navaho,likely misspelling / mishearing,salon-011, traditions of the Buddhist mandalas and the Navajo sand paintings. We tend to create art that l
nauru,1,1,Nauru | Nakuru,likely misspelling / mishearing,salon-018,d? The Maldives is similar.  And Vanuatu and Nauru is a couple other islands that are having a 
naturey,1,1,nature | natures | nature's,likely misspelling / mishearing,salon-076,m the couch and they'd say. I want something naturey or.  I want something wintery like some rand
naturalis,1,1,naturals | naturalist | naturalism,likely misspelling / mishearing,salon-102,"y into plants, in Pliny the Alder's Historia Naturalis, where it's described.  And I took these des"
nate,1,1,Nate | note | hate,likely misspelling / mishearing,salon-109, the pike on perception that an artist named Nate Schneiberg is going to be moderating. So it'
natalie,1,1,Natalie | Natalia | Nathalie,likely misspelling / mishearing,salon-080,"t that the woman who lived around the block, Natalie Barkley Jones, was the curator for 18 t's co"
nassau-queens,1,1,,"check: unusual word, term or non-English",interview-029, they moved up in the world and moved to the Nassau-Queens border.
nashevska's,1,1,,"check: unusual word, term or non-English",roundtable-005,anks so much ChatGPT. And what about Renadia Nashevska's work? Can you tell me a little bit about the
naranko,1,1,,"check: unusual word, term or non-English",salon-070,s why I don't really know if it's Maranko or Naranko.  It shows in the southwest. Near where Sash
nar,1,1,nor | car | nav,"check: unusual word, term or non-English",salon-103,"ated by Heavenjo space educational Zen ó Ray Nar descascados my prompt, my syntax, and lingui"
naples,1,1,Naples | maples | maple's,likely misspelling / mishearing,salon-028,"e, whatever his name was. His doorway was in Naples in the old section. It was just a feast of p"
napa,1,1,Napa | naps | papa,likely misspelling / mishearing,salon-050, leather in a pattern that resembles on that Napa leather.  And here we have the same snow leo
naomi,1,1,Naomi | naomti,likely misspelling / mishearing,salon-033,inger on clubhouse one night her name's Tara Naomi I don't know if anyone knows her she's a fol
nanobots,1,1,,"check: unusual word, term or non-English",interview-007,f things and medical. But let's say we have. Nanobots. That are immersed in pigments. And you. Cre
nanobanana,1,1,nano banana | nano-banana,likely misspelling / mishearing,interview-030,"ah, and now we're using, for, like, ChatGPT, NanoBanana, all of those are diffusion models, and diff"
nang,1,1,dang | hang | nana,"check: unusual word, term or non-English",salon-099,"here, with Katie Payton Hofstadter, and with Nang Lei, we co-founded the Aurora Network, a net"
nancy's,1,1,nanny's | Nanci's | fancy's,likely misspelling / mishearing,salon-089," a signal that we can use to create our art, Nancy's music, and Lucas's data. So each element of "
namjoo,1,1,name | Nam,"check: unusual word, term or non-English",salon-044,"ces in video, I was fortunate enough to know Namjoo Paik and show in the same gallery with him i"
nakfatal,1,1,,"check: unusual word, term or non-English",salon-110,"ulpture, which I was introduced to by Joseph Nakfatal, who's one of the people involved in Express"
nagy,1,1,Nagy | navy | nay,likely misspelling / mishearing,salon-090,of Design in Chicago and studied with Mahali Nagy. And then she came to Los Angeles and attend
nageen's,1,1,nagger's | Nareen's,"check: unusual word, term or non-English",salon-015, collection on openc as well as for ross and nageen's collection too and I think Davo your pairing
nadia,1,1,Nadia | nada | nadir,likely misspelling / mishearing,salon-045,a company called Monograph. And then finally Nadia Teja who is from Snark Art. And I don't know
nacional,1,1,Nacional | national | nacinnal,likely misspelling / mishearing,presentation-008,"ernational Center for Photography, the Museo Nacional de Bellas Artes in Argentina, if I didn’t mi"
nabokov,1,1,Nabokov,likely misspelling / mishearing,interview-012,"iterature, from writers, other writers, like Nabokov and Foster Wallace and writers like that. Ye"
nabi,1,1,nabe | nab | nabs,"check: unusual word, term or non-English",roundtable-005,"blew my mind sound courses. So I had udocast Nabi Kubota as teachers, and I took everything I "
naa,1,1,nah | an | nana,"check: unusual word, term or non-English",salon-022,call last time we met I mentioned to you the NAA report that has done a great deal of help to
myidades,1,1,,"check: unusual word, term or non-English",salon-087,so mesmerized when I saw it like right after myidades something means something else something els
myers,1,1,Byers | dyers | yers,likely misspelling / mishearing,salon-045,ested in teaching a one day workshop in Fort Myers? So I just literally like copied and pasted 
mutochevitz,1,1,,"check: unusual word, term or non-English",salon-042,"While you're looking, we're looking at Randy Mutochevitz, just to name what's on the screen. I'm sorr"
mustacia,1,1,mustache | mustachio,"check: unusual word, term or non-English",salon-099,"in New York. And I co-curated this with, Kat Mustacia, and the goal, really, of the performance se"
musischewitz,1,1,,"check: unusual word, term or non-English",salon-042,"Sydney, Nezrin Solomay, Karen LaFleur, Randy Musischewitz, Janice Randenburg-Lee, TinTan23x, Jan Swinb"
musgrove,1,1,,"check: unusual word, term or non-English",salon-018,ested in presenting or oh we do have lee lee musgrove wanted to present also next time so yeah he 
museumized,1,1,,"check: unusual word, term or non-English",interview-024,ych of triptychs. And one of them is already museumized.  The Iverson bought it. And the next one is
museo,1,1,muse | muses | mused,likely misspelling / mishearing,presentation-008,"so International Center for Photography, the Museo Nacional de Bellas Artes in Argentina, if I "
musek,1,1,music | muse | muses,"check: unusual word, term or non-English",salon-039,The MUSEK version of art.
musee,1,1,muses | muse | mused,likely misspelling / mishearing,salon-021, a garden. That I took in Paris. Outside the Musee Rodin. And you can see that it's very... Aga
muriendo,1,1,mourned,"check: unusual word, term or non-English",interview-013,osed to this says los dioses viejos se están muriendo which means the old gods are dying so I kind
muppety,1,1,muppets | muppet | moppet,likely misspelling / mishearing,interview-013, looked weird like I kind of looked a little muppety so I was just like man let me just let me ju
munchenberg,1,1,,"check: unusual word, term or non-English",salon-017,erything that happened with Rauschenberg and Munchenberg. And I've been a painter for a long time. An
mullenhausen,1,1,,"check: unusual word, term or non-English",roundtable-005,"ow, in high school I had an art teacher, Bob Mullenhausen, who I still am in close contact with today."
muleskin,1,1,moleskin | mule skin | mule-skin,likely misspelling / mishearing,salon-024,usiness people and I take my notes in a in a muleskin and I kept on telling the investors you know
mukbang,1,1,,"check: unusual word, term or non-English",salon-092," its offbeat. Aesthetic. Similarly, electro, Mukbang analyzes online food consumption videos crit"
muito,1,1,Quito,likely misspelling / mishearing,salon-109, And so. After that. My expression like many muito sont sources for COVID so we having Go multi
muezza,1,1,moues,"check: unusual word, term or non-English",salon-037,"idea that... Now the Prophet had a cat named Muezza who was... You know, he loved so much that h"
muehlenhausen,1,1,,"check: unusual word, term or non-English",presentation-009,"at art teacher out there in Southampton, Bob Muehlenhausen, who anyone who went to Southampton High Sch"
muchos,1,1,mucho | mutes | machos,likely misspelling / mishearing,salon-008,"g the greatest chance of success. So really, muchos gracias. And maybe we'll trade off roles nex"
mucha,1,1,much | mocha | mucho,likely misspelling / mishearing,salon-069,"he time around Toulouse-Lautrec, so Alphonse Mucha and that whole Art Nouveau style came about."
mtv's,1,1,MTV's | movs | mtg's,likely misspelling / mishearing,salon-040,ek do you remember mtv does anybody remember mtv's techno show from britain called amp it had t
mta,1,1,mat | eta | meta,"check: unusual word, term or non-English",salon-091," last year, I received a commission from the MTA Arts. Let me see if I can get this to run. A"
msi,1,1,mai | msg | moi,"check: unusual word, term or non-English",presentation-008,s like for public art. And my hardware is an MSI gaming PC with Windows 11 and a headset. And
mprops,1,1,props | prop's,likely misspelling / mishearing,salon-086, it into the emergent properties platform at mprops. And you can take the image and add like an 
mozola,1,1,Mazola | mazola | moola,likely misspelling / mishearing,salon-077,  There's the walkable area I found out with mozola hubs is to keep the walkable area just where
moynihan,1,1,Moynihan,likely misspelling / mishearing,salon-020," Art Show. I don't know if any of you got to Moynihan Station before, you know, when it was the ol"
movavi,1,1,Mojave | Mohave,"check: unusual word, term or non-English",presentation-005,make the images large where necessary. I use Movavi to merge my images into MP4s. I use Clipcham
moussem,1,1,mouse | mousse | mouses,likely misspelling / mishearing,salon-106,"ollection. This work reinterprets Van Gogh's Moussemée. Remarkable fact, it was exhibited at the "
mousavi,1,1,moussaka,"check: unusual word, term or non-English",salon-103,"eah. Okay, we have one more presenter, Sahar Mousavi, and it looks like, I guess, Renata, you're "
mousadi,1,1,moused,"check: unusual word, term or non-English",salon-069,". Okay. Okay, now we are. Okay, so I'm Sahar Mousadi. I'm Zooming from Iran, and I want to presen"
mountess,1,1,Mounties | mounts | countess,likely misspelling / mishearing,salon-087, this as a recording on YouTube to visit the Mountess site. It's M-O-W-N-A dot org and check out t
moundless,1,1,boundless | mounds | soundless,likely misspelling / mishearing,salon-087,at's kind of how the exhibition works on the Moundless site. And now we're going to go over into th
motionarray,1,1,missionary | motion array | motion-array,"check: unusual word, term or non-English",presentation-005,lipchamp to speed them up and add music from MotionArray. I use Photoshop to print JPEG and analyze c
morton's,1,1,Morton's | Mormon's | Morten's,likely misspelling / mishearing,interview-016,"here's certain younger philosophers, Timothy Morton's book, Hyper Objects is interesting. Many of "
morley's,1,1,Marley's | Mobley's | Worley's,likely misspelling / mishearing,salon-078,"hips between 2 things, text and image. Simon Morley's book, the writing on the wall was an eye ope"
morey,1,1,more | money | Corey,likely misspelling / mishearing,salon-108,"I just wanted to add quickly. I think Jackie Morey is on this call, but I can't see who's here."
morehouse,1,1,Morehouse | more house | more-house,likely misspelling / mishearing,interview-005,one of them is a HBCU back in Georgia called Morehouse and I think there's one in Washington called
morehall's,1,1,Moorhead's | more hall's | more-hall's,"check: unusual word, term or non-English",salon-077,"t is it was loosely based on The idea behind Morehall's Interview magazine, where artists would inte"
mordor,1,1,Mordor,likely misspelling / mishearing,interview-007,lt like the skyscape was more like a view of Mordor from Lord of the Rings. Yeah. Because you'd 
morden,1,1,Borden | morgen | mourned,likely misspelling / mishearing,salon-015,terials like film in this case wool sexy for Morden Felden has called that because it's filled w
morado's,1,1,Mirada's | dorado's | dorados,"check: unusual word, term or non-English",salon-030,e went to the Whitney Museum and I saw Julie Morado's paintings which I have seen before but I did
mor,1,1,for | more | mom,"check: unusual word, term or non-English",salon-026, is explained in the song. The name was Mono Mor Megyo Shungi. It's related with the rain. So
monzion,1,1,monsoon,"check: unusual word, term or non-English",interview-011,the inflatable boy that was very funny chris monzion did it did sort of you know kind of a more f
montrealers,1,1,Montrealers | Montreal's,likely misspelling / mishearing,salon-024,s the mcgill medical office and so like when montrealers see these they say they're very much montrea
montrealer,1,1,Montreal | Montrealer,likely misspelling / mishearing,presentation-001, mantra Hallelujah favorite. He's actually a Montrealer. He's from Montreal. Yeah. And when I lived 
montrage,1,1,montage,likely misspelling / mishearing,salon-098,bine the physical Laura mental Jackson based montrage colors because what was called yellowonym 16
monto,1,1,month | Monty | onto,likely misspelling / mishearing,salon-028,t my work because it definitely. It's a poor monto for a lot of a lot of ideas. So I also wante
montford,1,1,Montford | Montfort,likely misspelling / mishearing,interview-028,"end, and Alison Parrish, and poets like Nick Montford, and people who had really kind of been in t"
montclair,1,1,Montclair,likely misspelling / mishearing,salon-032,t's closing maybe like this weekend. It's at Montclair University. And it's a kind of another sort 
montale,1,1,Mondale | montage | montane,likely misspelling / mishearing,salon-015,admire. These are two Italian poems. Eugenie Montale and Dino Campana. That I really love. Then I
monorot,1,1,monitor | monocot | mono rot,"check: unusual word, term or non-English",salon-037,ne other piece is this was a piece I did for Monorot Al Saadiyat called World Without End. And ba
monopolis,1,1,monopolies | monopolist | monopoles,likely misspelling / mishearing,salon-042,"And next is Felix Rothschild, ELSA, Aluminum Monopolis, Germany, 2021. And he puts... This is ongoi"
monocrystal,1,1,mono crystal | mono-crystal,likely misspelling / mishearing,salon-042,"Digital Monocrystal Aluminum, India, 2022. And I knew that was M"
mongolians,1,1,Mongolians | Mongolia's | Mongolian's,likely misspelling / mishearing,salon-110,g precious into that lake. So not Mongolian. Mongolians were very aggressive against the Mongolians 
monar,1,1,Mona | sonar | molar,likely misspelling / mishearing,salon-079,"edge which I'm not gonna toggle back to Vera Monar, but very much makes me think of that kind o"
monae's,1,1,monies | Mona's | Monte's,"check: unusual word, term or non-English",interview-013,usic is also really influential like janelle monae's music I think I listened to metropolis like 
monae,1,1,monte | Mona | moan,likely misspelling / mishearing,interview-013, work in pushing it even further and janelle monae if you're out there I love you notice me ple
monaco,1,1,Monaco,likely misspelling / mishearing,salon-106,"ject I did for the Museum Océanographique de Monaco. It's a 20 meter by 9 meter, 9 meter room wi"
moler,1,1,molar | mower | miler,likely misspelling / mishearing,salon-102,"very short, video. That describes the work.  Moler. Be botan. Lower Chaman reg got a note. Krin"
mokta,1,1,moat,"check: unusual word, term or non-English",salon-071,"ollow the account at this point. People from Mokta, which is Museum of Contemporary Digital Art"
mok,1,1,mom | moi | mod,"check: unusual word, term or non-English",salon-101," to an invitation from the curator Hong-Yeon Mok from GMAP. And she said, Oh, how wonderful y"
mohner,1,1,mohair | moaner,"check: unusual word, term or non-English",salon-096,"les that era itself.  Like inspiring by Vera Mohner, Ben Laposki, Marfa. Pioneers like that. And"
mohammed,1,1,Mohamed | Mohammad,likely misspelling / mishearing,salon-037, there's the crown prince and there's Sheikh Mohammed of Dubai and there's the hope probe that's n
moffitt,1,1,muffin | miff | miffs,"check: unusual word, term or non-English",interview-015,"seum of Fine Art. It was curated by Kenworth Moffitt, who was the director. And Jules was a frien"
mocap,1,1,mobcap,likely misspelling / mishearing,interview-012,"s from Adobe Mixamo, where I can assign like mocap data to them, which is pretty funky stuff. H"
mk,1,1,,"check: unusual word, term or non-English",salon-029,"partment has a Kalashnikov now or, you know, MK 15 and tools are beautiful and brilliant thi"
mj,1,1,,"check: unusual word, term or non-English",salon-020,"dition prints, but now prints are from still MJ source from his video work.  Acevedo is cons"
mixamo,1,1,maxim | maxima,"check: unusual word, term or non-English",interview-012,"ting these days using some things from Adobe Mixamo, where I can assign like mocap data to them,"
mithraism,1,1,Mithraism,likely misspelling / mishearing,salon-072,"ing Vishtas conversion to Zoroastrianism. In Mithraism, it is believed that Meh or Mithra was born "
mithra,1,1,mother | Mithras,"check: unusual word, term or non-English",salon-072,"sm. In Mithraism, it is believed that Meh or Mithra was born inside a cypress tree. Some of the "
misseeing,1,1,missing,likely misspelling / mishearing,salon-073, Renata was asking about in terms of kind of misseeing the work a little bit larger to get a little
mise,1,1,miss | mine | rise,"check: unusual word, term or non-English",salon-103,twins here And I made it integrated with the mise en scene And then I animated it and this is 
mirren,1,1,Mirren | mire | mired,likely misspelling / mishearing,interview-018,"e early work and the stencils. I worked with Mirren Shapiro in 1992, I think it was, or three."
miro's,1,1,Milo's | Mira's | micro's,likely misspelling / mishearing,salon-016,of a landscape. I've always been inspired by Miro's work from an early age. I didn't understand 
miriam,1,1,Miriam | Mariam,likely misspelling / mishearing,salon-021,at was one of my first new media friends was Miriam Shapiro's son. So it's really interesting ho
mirashellen,1,1,,"check: unusual word, term or non-English",salon-046, and sea creatures. The name of this work is Mirashellen. It's a girl seagull with a net on its head.
minkus,1,1,minus | Mingus | minks,likely misspelling / mishearing,salon-038,"filmmaker named John Jost. He's like a Jonas Minkus kind of experimental filmmaker. He, too, is "
minkaliscope,1,1,,"check: unusual word, term or non-English",salon-029, through a nonlinear transformation called a minkaliscope through fractal software. I use for this pie
minimis,1,1,minimus | minims | minim is,likely misspelling / mishearing,salon-031,"eah. Yeah. So, you know, gas is basically de minimis. Right.  It's just, when you go to those cha"
minetta,1,1,minute | Minot | minutia,"check: unusual word, term or non-English",salon-101,ark. On 57th Street. And 6th Avenue. This is Minetta Lane and 6th Avenue. Bicycle lane. Bike lane
mimoo,1,1,mime | mimeo,"check: unusual word, term or non-English",salon-099,"through their gesture. So she's using, like, Mimoo gloves, with flex sensors, and I also use In"
milliken,1,1,Milliken | Millikan | milkier,likely misspelling / mishearing,salon-090," in the mid-1980s, I created carpet tiles at Milliken Carpet, produced Formica tiles at Formica, a"
millenial,1,1,millennial,likely misspelling / mishearing,salon-031,"he metamuseums.io. My friend Vera and Daniel Millenial, they're the founder and co-founder of this "
millbrook,1,1,millwork | mill brook | mill-brook,"check: unusual word, term or non-English",interview-026,"ve in New York City, and I live upstate near Millbrook. Being Jewish, I was raised with the importa"
miliaguer,1,1,,"check: unusual word, term or non-English",salon-051,tle research. And I read an article by Ralph Miliaguer. AI art is challenging the boundaries of cur
milford,1,1,Milford | Mitford | mil-ford,likely misspelling / mishearing,salon-107,and how here are these artists help keep top Milford City seems they things back then how would t
milano,1,1,Milano | Milan | million,likely misspelling / mishearing,salon-029,out my piece. It's a collaboration with MADS Milano that is a digital gallery. And it started wi
milaj,1,1,Milan | Minaj,likely misspelling / mishearing,interview-025," the women in my community are like the Dora Milaj, you know, from the Black Panther movies.  T"
miko,1,1,Mike | mike | Niko,"check: unusual word, term or non-English",salon-046,"than a year. I love details. My pseudonym is Miko, which I have taken from the word...  My wor"
mikko,1,1,Mike | Mikko | mike,"check: unusual word, term or non-English",salon-070,"e final one. Thank you. Those are fantastic, Mikko. Wow. Thanks. That was wonderful. Wow. And s"
migratable,1,1,,"check: unusual word, term or non-English",salon-055,since 1990. And TIF is the only really truly migratable foul.  And TIF is a form because it's comple
migeans,1,1,pigeons | wigeons,"check: unusual word, term or non-English",salon-015,en view.  Yep. Let me go and back to Roz and Migeans. Yeah. And I think at the bottom of their pa
mieux,1,1,mien,"check: unusual word, term or non-English",interview-016," Vartari, who wrote a series of works called Mieux Plateau, which stands for a thousand plateau"
mids,1,1,miss | kids | meds,"check: unusual word, term or non-English",salon-011,"ming. You're playing drums and bass and then mids and highs are like voices and, you know, may"
midlar,1,1,milder | medlar,"check: unusual word, term or non-English",salon-102," and a computational mathematician, Agnieska Midlar. And because we couldn't do the traditional "
midjourneys,1,1,mid journeys | mid-journeys,likely misspelling / mishearing,salon-088,"r most of people, because, like Leonardo and Midjourneys are very famous, but viscom is especially fo"
midicle,1,1,medical | midicli,"check: unusual word, term or non-English",interview-001,And in abinet like in my midicle. And I would say I would say that was not in
mid-september,1,1,,"check: unusual word, term or non-English",salon-100,"rybody on board, like from March through the mid-September.  So it was a tremendous group effort. But. "
microtech,1,1,micro tech | micro-tech,likely misspelling / mishearing,salon-091,"I think it was a Mac 128K, and then an early Microtech scanner and some dot matrix, and dot matrix."
microsoft's,1,1,Microsoft's,likely misspelling / mishearing,salon-101,y available on a platform like Xbox. I think Microsoft's going to have their hands full with submissi
micromillimeter,1,1,micro millimeter | micro-millimeter,likely misspelling / mishearing,salon-050," surface here. It's just, you know, the tiny micromillimeter of ink on canvas. And I didn't like it. It d"
microfotography,1,1,microphotography,likely misspelling / mishearing,salon-029,"n the final version. So my work is combining microfotography of plankton, drawings of plankton that I did"
michigan's,1,1,Michigan's,likely misspelling / mishearing,salon-033,"ng, who is the director of the university of Michigan's master of fine arts program. We had a pastry"
michelson,1,1,Michelson | Michelin,likely misspelling / mishearing,interview-026,"Experiments in Art and Technology, and Aaron Michelson.  Drawing through telepresence, participants"
michel,1,1,Michel | Michael | Michelle,likely misspelling / mishearing,interview-008," to do with a lot of reading. I was doing by Michel Foucault, Jacques Derrida, Roland Barthes, J"
michaelreese,1,1,,"check: unusual word, term or non-English",salon-012,"at it's not so messy. So yeah, my website is MichaelReese.org. And one of the big events of August of "
miankale,1,1,mainsail,"check: unusual word, term or non-English",salon-026,"e 6,000 migratory birds died mysteriously in Miankale Peninsula.  And the cause of that has not ye"
mfts,1,1,mets | mats | mots,"check: unusual word, term or non-English",salon-014,u know digital artists for years before even mfts were a thing they were still having issues l
methite,1,1,methane,"check: unusual word, term or non-English",salon-102,s is the jackals telling that story. Sorry?  Methite Mahalo.  Species.  Seafood. And it was also 
metaversal,1,1,metatarsal,likely misspelling / mishearing,salon-087,"d of work I wanted to put in. And this work, Metaversal Madonna, Cyber Saints, is a reference to the"
metasource,1,1,,"check: unusual word, term or non-English",salon-108,"by me, Lucy Boyd Wilson. That's four videos, Metasource, Habitat, House on Fire, and Tree. The runti"
metamuseums,1,1,,"check: unusual word, term or non-English",salon-031,"ou want to see, you can see the, this is the metamuseums.io. My friend Vera and Daniel Millenial, the"
metamuseum,1,1,,"check: unusual word, term or non-English",salon-031,", they're the founder and co-founder of this metamuseum.io. So they still have a lot of Metaverse pr"
metamodernism,1,1,,"check: unusual word, term or non-English",salon-036,", or like, like, performance basis, or like, metamodernism concept, so, like, lot of different artists,"
metamodalism,1,1,,"check: unusual word, term or non-English",salon-036,"is, Nicole Salamone, she, is based on, like, metamodalism concept, like, art, she work, a lot of time "
messi,1,1,Messi | messy | mess,likely misspelling / mishearing,salon-080,"ork the other day from an artist called Hugh Messi, who works with stitch, like automated stitc"
messanger,1,1,messenger | mess anger | mess-anger,likely misspelling / mishearing,interview-023,nterested in. And other artists like Annette Messanger has used the Rorschach. It comes up not only
meshlab,1,1,meatball | mesh lab | mesh-lab,"check: unusual word, term or non-English",salon-037, Limassol that I basically just brought into MeshLab and did a quick... Let's see here. I did a q
meshi,1,1,Messi | mesh | Mekhi,likely misspelling / mishearing,presentation-007,"rtificial intelligence, but not all. We used Meshi.AI to create a 3D model of a house made of p"
meryl,1,1,Meryl | Merrill | merrily,likely misspelling / mishearing,interview-008,for you and it's not for me and it's not for Meryl we're all in the dialogue I don't know where
mertz,1,1,Mertz | metro | hertz,likely misspelling / mishearing,salon-104,"t the time, isn't it? Anyway, Anna Valentina Mertz, she continued… after… shortly after this pi"
merritt,1,1,Merritt | merit,likely misspelling / mishearing,salon-030,out now? Got it. Yes. So you mentioned Julie Merritt who I guess or merit to I'm not sure the bes
merriam,1,1,Merriam | mermaid,likely misspelling / mishearing,salon-058," to that is dreams and dreams, as defined by Merriam Webster, are a series of thoughts, images or"
merkel,1,1,Merkel | merle | Terkel,likely misspelling / mishearing,interview-017,"where I got a haircut on 31st and 7th, Roger Merkel Salon. He has a second avenue... I'm sorry, "
mering,1,1,merging | meting | meringue,likely misspelling / mishearing,salon-099,"he bike. Here you see Ada Loveless and, Lucy Mering.  Lucy's by Ankashiman and Ada Loveless by J"
meredith,1,1,Meredith,likely misspelling / mishearing,salon-099," at Columbus Circle, M by Bryce Burrell with Meredith Drum, and Cassandra with Washington at Union"
menschlich,1,1,,"check: unusual word, term or non-English",salon-073,. That's how it was then. Being friendly and menschlich wasn't going to help him. Very well then. He
meninas,1,1,medians,"check: unusual word, term or non-English",salon-052,y. And you've got the Velazquez painting Las Meninas with diffraction and vector mesons. Electro 
menendure,1,1,men endure | men-endure,likely misspelling / mishearing,salon-021,re I am now. I also started working with the Menendure Lab at the University of Rhode Island. So th
mendendurer,1,1,,"check: unusual word, term or non-English",salon-029,e I ran out of time. So thank you to Suzanne Mendendurer at the University of Rhode Island and all th
mendendure,1,1,mend endure | mend-endure,likely misspelling / mishearing,salon-100,"of art and science.  And I, and also Cezanne Mendendure advised on this. So back to the larger piece"
mendendura,1,1,,"check: unusual word, term or non-English",salon-100,t advice with and help and interact with the Mendendura lab. At the school. The school of oceanograp
mendendur,1,1,,"check: unusual word, term or non-English",salon-021," one of my big breakthroughs was that Susana Mendendur, who's the head of the lab at URI, said. … W"
mendelbrot,1,1,Mandelbrot,likely misspelling / mishearing,interview-008,"is whole dialogue about fractal imagery, the Mendelbrot set. And, you know, so we moved to France be"
memotif,1,1,me motif | me-motif | memo tif,likely misspelling / mishearing,salon-097,"lled kinethoscopic 2001. Okay. Let's see the memotif here. Okay, this is the other version. And t"
melvika,1,1,Melvin | Melvina,"check: unusual word, term or non-English",salon-077,nna get I don't wanna mispronounce your name Melvika.
melovika,1,1,,"check: unusual word, term or non-English",salon-098,All right great thanks for sharing that work Melovika it's really interesting the way that you com
melo,1,1,melt | memo | mela,"check: unusual word, term or non-English",salon-057,are my screen.  Here we go. ¶¶ Sistah Sistah Melo Thank you. Thank you. It's incredible. The m
melissa's,1,1,Melissa's | Malissa's | Mellissa's,likely misspelling / mishearing,salon-099,"lissa Painter. Sydney's a choreographer, and Melissa's an immersive artist also.  And the idea was "
melissa,1,1,Melissa | Elissa | melisma,likely misspelling / mishearing,salon-099,"gent Shared Future with Sydney Skybetter and Melissa Painter. Sydney's a choreographer, and Melis"
melieu,1,1,melee | milieu | me-lieu,"check: unusual word, term or non-English",interview-021,"other pioneers, you know, from the SIGGRAPH, Melieu, but he wrote a lot of important essays, I t"
meliek,1,1,melee | melees,"check: unusual word, term or non-English",salon-097,use univers Gu Florida University level math Meliek beliefs problems general biology Help Des ii
melaninated,1,1,,"check: unusual word, term or non-English",salon-103," with the racial biases that are contrary to melaninated people, despite what they hardwired into the"
meimer,1,1,Meier | Mesmer | mimer,likely misspelling / mishearing,salon-099," This is a digital monument here by Will Pap Meimer, Aurora is basically… oops, let me… Okay, ok"
mehmet,1,1,Mehmet,likely misspelling / mishearing,salon-046," our one of our promo graphics done by Talon Mehmet. And actually, he's very into the Gann sort "
megyo,1,1,magi | muggy | qegyo,"check: unusual word, term or non-English",salon-026,explained in the song. The name was Mono Mor Megyo Shungi. It's related with the rain. So our w
megin,1,1,Megan | begin | Metin,likely misspelling / mishearing,salon-029,"ee. Thanks, Lee. All right. And then we have Megin. Thank you. That's all the"
medwin,1,1,Edwin,likely misspelling / mishearing,interview-007,oast. That East coast was lovely.  But I'm a Medwin Midwestern era at heart. And I love the slow
medready,1,1,,"check: unusual word, term or non-English",salon-037,little pouch to carry an asthma inhaler. The MedReady Puffer Tote was called and we sold them I de
mediumed,1,1,medium | mediums | mediated,likely misspelling / mishearing,salon-105,"een a very, honestly, edgy but traditionally mediumed art, movement. And I just wanted to speak fo"
medio,1,1,media | medic | Medco,likely misspelling / mishearing,salon-057,cupaciones sobre humans ¿ influenza world en medio de toda esta pandemia se alimentan muchas pr
medern,1,1,modern,likely misspelling / mishearing,interview-006,other colleague of mine by the name of Aidan Medern at Oxford who has the IDA drawing robot. And
medeiri,1,1,Madeira | Madera,"check: unusual word, term or non-English",salon-025,", say, the last two years.  So that's Gullah Medeiri. And this synonym is my face, but it looks a"
mcsherry,1,1,,"check: unusual word, term or non-English",salon-020," collaboration with a friend of mine, Stuart McSherry. And it's kind of a virtual sculpture of the"
mcreeco,1,1,Merck,"check: unusual word, term or non-English",salon-083,hat was inspired by surrealist painters like Mcreeco people like that.  And he kind of opened my 
mcquital,1,1,acquittal,likely misspelling / mishearing,salon-068,also. Pieces on there by artists like joseph mcquital where it's just completely free form poetry 
mcqueen,1,1,McQueen,likely misspelling / mishearing,salon-103,"n, one of my favorite designers is Alexander McQueen. So you might see a little bit of his influe"
mcmichael,1,1,,"check: unusual word, term or non-English",interview-020," music. Renata has spoken of her work at the McMichael Canadian Art Collection, Toronto's Canadian "
mclunas,1,1,mulches | mulcts,"check: unusual word, term or non-English",interview-012," know, can't we think that, you know, from a McLunas perspective, you know, we're not going to be"
mcluhan's,1,1,McLuhan's | mulch's,likely misspelling / mishearing,salon-015,"e are.  And I like to think of like Marshall McLuhan's, the medium is the message to sort of unders"
mclean,1,1,clean | McAllen | Maclean,likely misspelling / mishearing,salon-091,"l One's event space at their headquarters in McLean, Virginia. And this is a close-up. I've also"
mckinney,1,1,McKinney | McKinley,likely misspelling / mishearing,salon-025,"hat some of my work, and then this is Pamela McKinney. This is a digital painting and collage on p"
mckibben,1,1,,"check: unusual word, term or non-English",interview-016,"hink inform my practice are people like Bill McKibben, who's there's a couple of books called, you"
mckeon's,1,1,,"check: unusual word, term or non-English",salon-078,They overlap. This is Neil Gaimans and David Mckeon's the day I swapped my dad for 2 goldfish. Thi
mckenna,1,1,McKenna | Makenna,likely misspelling / mishearing,salon-039,"of novelty theory? There was a guy, Terrence McKenna, who, wrote a lot about like sort of ethnobo"
mckendry,1,1,,"check: unusual word, term or non-English",salon-031,"ocess pictures in there as well.  Here's Joe McKendry. Amanda Spade. He Han. You know, we're seein"
mckay,1,1,McKay | McCoy | mkay,likely misspelling / mishearing,salon-077,now one in East Hampton. Right now. It has a Mckay gallery and one on the north work at Pamela 
mcgill,1,1,McGill | mcill,likely misspelling / mishearing,salon-024,ematic kind of building in montreal it's the mcgill medical office and so like when montrealers 
mcgeehan,1,1,,"check: unusual word, term or non-English",salon-040,ity that is a very generous work from that.  McGeehan and I were working on is basically all the c
mcgean,1,1,McLean,likely misspelling / mishearing,interview-006,ve done a series you know about my dear wife mcgean who's also part of the also part of the at t
mcfatale,1,1,,"check: unusual word, term or non-English",salon-046,"trick. Don't read that. Steve Miller, Joseph McFatale, Felix Rothschild, Christine Schooley and An"
mcelvery,1,1,,"check: unusual word, term or non-English",interview-021,"ho it was, but this famous crystallographer, McElvery, I believe was her last name, that came out,"
mccorisol,1,1,,"check: unusual word, term or non-English",salon-094, on the 150 MediaStream video wall is titled McCorisol. And I'll explain that in a few minutes. Why
mcclain,1,1,McClain | McAllen,likely misspelling / mishearing,salon-080,"ad this is a picture of a woman named Laurie Mcclain, who hired me a lot. She was a financial man"
mccarthy,1,1,McCarthy,likely misspelling / mishearing,salon-103,"m artificial intelligence was coined by John McCarthy, a computer scientist, in 1956. So it's been"
maxian,1,1,Maxine | Marian | Malian,likely misspelling / mishearing,salon-078,"learning how to be human in a very, very mad Maxian world.  Where you had no control over anythi"
mavisai,1,1,Marisa | manias,"check: unusual word, term or non-English",salon-092,"approach in albums like crypto, kikta and la Mavisai. I used algorithms to create rhythmic patter"
maurice,1,1,Maurice | Maurine | maurine,likely misspelling / mishearing,salon-106,"be. And I was lucky to meet some colleagues, Maurice Benayoun, Pierre Lévy. And the ambient was r"
maudna,1,1,maiden | mauna,"check: unusual word, term or non-English",salon-080,like to introduce 2 or one speaker from Mona Maudna is the museum of wild and newfangled art. An
matsuchevitz,1,1,,"check: unusual word, term or non-English",roundtable-006,"s put together the show in Uzbekistan, Randy Matsuchevitz has organized Techspressionism LA, which I t"
materium,1,1,material | materiel,"check: unusual word, term or non-English",salon-016,"here's another coin that's coming out called Materium and run by, out of London, by this guy named"
matashevitz,1,1,,"check: unusual word, term or non-English",salon-108,or on the right is Audrey Phillips and Randy Matashevitz. And again photos for each Cynthia Beth Rubi
mata,1,1,math | meta | matter,"check: unusual word, term or non-English",salon-100,"influences from my past as a painter include Mata, Paul Clay, Lenora Carrington, and people wh"
mastercard,1,1,master card | master-card,likely misspelling / mishearing,salon-012,a giant. Corporate cryptocurrency but I mean MasterCard is going to be processing Bitcoin transactio
masscontext,1,1,mass context | mass-context,likely misspelling / mishearing,salon-094,in partnership with the architectural studio MassContext. We also showcase performative works in our 
mason-dixon,1,1,Mason-Dixon | mason-dijon,likely misspelling / mishearing,interview-030,"rom Boston, because I'd never been above the Mason-Dixon line before I got to Boston University, righ"
mask-o-rama,1,1,mask-o-ram | mask-o-mama | mask-o-bama,likely misspelling / mishearing,salon-050,"today, which I created in 2020. And then the Mask-O-Rama, which does the various artworks has applied"
marzan,1,1,Marian | Maryann | Tarzan,likely misspelling / mishearing,salon-046,ght. I'm just kind of going down through the Marzan and then anybody else we should talk about? 
marvin,1,1,Marvin | Martin | Marin,likely misspelling / mishearing,salon-032,those for instance here again with my friend Marvin Ait back in 2017 and it's actually not inten
martinov,1,1,Martin | martini | martinis,likely misspelling / mishearing,salon-100,s in a show with that was organized by andre martinov and this is andre who initiated our show in 
marta,1,1,Marta | Maria | Marty,likely misspelling / mishearing,interview-027,atographer. I shoot films for directors like Marta Renzi. I work collaboratively with opera on 
marr,1,1,mark | Barr | mare,"check: unusual word, term or non-English",salon-083,"ows them to Express how they feel about Bryn Marr. So I'm going to share that with you now, on"
marlowe,1,1,Marlowe | Marlene | marrow,likely misspelling / mishearing,salon-064,"ing to say next sounds a little strange, but Marlowe probably knows where I'm going. I'm always a"
marlene,1,1,Marlene | Darlene | Arlene,likely misspelling / mishearing,interview-018,"nd he deals with big faces. I was looking at Marlene. And all these people and this will, you kno"
markov,1,1,mark | Marco | market,likely misspelling / mishearing,presentation-002," with the sentence generation, they're using Markov chains, which is a way of predicting the nex"
markin,1,1,Martin | Marvin | margin,likely misspelling / mishearing,interview-003,"e the end. We're working on the, we're, John Markin, the programmer who works with me, we're rol"
markey's,1,1,markets | market's | markers,likely misspelling / mishearing,salon-063, of senses that our species has based on Guy Markey's work a researcher who spent from 1965 to 78 
marishin,1,1,Mauritian,"check: unusual word, term or non-English",salon-032,"nie Dickens, Nancy Baker Hill, Sandra Perry, Marishin. And then we have several is their website i"
maris,1,1,Maris | Paris | Marisa,likely misspelling / mishearing,salon-083,"nt there. The owl is a major symbol for Bryn Maris, almost like a mascot, and it's much beloved"
marini,1,1,marine | Marin | marina,likely misspelling / mishearing,salon-089,"ata Janiszewska, and their exhibition titled Marini Anna, the interrupted world. Working closely"
marignano,1,1,Marianne | Marianna | marginal,"check: unusual word, term or non-English",salon-089,"Thank you. So if you get a chance to see the Marignano exhibit, do enjoy the music. And Renata and "
maribor,1,1,Maribor | Marlboro | mariner,likely misspelling / mishearing,presentation-007,"1990. I've been part of the Venice, Whitney, Maribor, Performa and Yokohama biennials, and I'm al"
marianas,1,1,Marianas | Mariana's | Marian's,likely misspelling / mishearing,salon-041,these nano plastic particles are down in the Marianas trench there everywhere. So I started to inv
margie's,1,1,Maggie's | Marie's | margins,likely misspelling / mishearing,salon-025,stence. That's also a thing. Let me show you Margie's piece. It's over here. I think it's fab.  Oh
marfa,1,1,Maria | Mara | Marta,likely misspelling / mishearing,salon-096," Like inspiring by Vera Mohner, Ben Laposki, Marfa. Pioneers like that. And after the introduct"
maret,1,1,market | mares | mart,likely misspelling / mishearing,salon-079,"ess time into a single frame very similar to Maret or Lee Day, and here I have a series that I "
mardukian's,1,1,,"check: unusual word, term or non-English",salon-106,Above you Mardukian's gym Artificial intelligence Pattern into car
marcos,1,1,Marcos | Marcus | Marco's,likely misspelling / mishearing,salon-029,"he first artist to be added to the index was Marcos Peclevanos, one of the artists in this show."
marcin,1,1,Martin | Marvin | Marcia,likely misspelling / mishearing,salon-021, besides who would say no to eight months in Marcin.  And so that piece was shown opening night 
marcelo,1,1,Marcelo | Marcel | Marcela,likely misspelling / mishearing,salon-015,ace it was also part of his wife of you know marcelo ben himself my portrait of sofia other portr
marburger,1,1,Marburger | mar burger | mar-burger,likely misspelling / mishearing,interview-008,"d that journey started with a guy named John Marburger, who was part of the E.A.T. Art and Technolo"
marat,1,1,Marat | Mara | Marta,likely misspelling / mishearing,salon-012,"And the show is curated by Ed Winkelmann and Marat Orozcov. Right? And so, you know, I, it's wo"
marancho,1,1,marinate,"check: unusual word, term or non-English",salon-070,it reminds me of this sculptor named Michael Marancho. Or Maranko?  He got blinded in Vietnam. And
maquettes,1,1,maquette | moquettes,likely misspelling / mishearing,salon-017,"o damn hard. But all of these are, in a way, maquettes.  Because they will all be converted to blac"
mapplethorpe,1,1,,"check: unusual word, term or non-English",interview-010," says Andy Warhol, or most people do. Robert Mapplethorpe, people of that were really influential for "
mapap,1,1,map | maps | mapped,"check: unusual word, term or non-English",presentation-004,as it gets larger or smaller. Whereas in bit mapap or in raster you have a pixel grid that like
maori,1,1,Maori | Mari | maoris,likely misspelling / mishearing,salon-012,then these long vertical images are from the Maori...  Kind of patterns that they were... They 
mao,1,1,man | may | mamo,"check: unusual word, term or non-English",interview-028,"ke Dennis Smith and Ocean Wong and Sally Wen Mao and Victoria Chang, and like, there's so man"
manzune,1,1,fanzine,"check: unusual word, term or non-English",salon-083,"a small satellite gallery, and so and it had Manzune Pake. It had all these, you know now very we"
manzoni,1,1,Manzoni | mansion | canzoni,likely misspelling / mishearing,salon-069,"at. Thanks. I really appreciate it. And it's Manzoni, the guy who said he made an infinitely long"
manzion,1,1,mansion,likely misspelling / mishearing,interview-011," Mark Square and Will Pappenheimer and Chris Manzion and all kinds of other Tomiko Thiel, all kin"
manson's,1,1,mansions | masons | mason's,likely misspelling / mishearing,interview-006,"ers. So, and that area is also where Marilyn Manson's from. So, you know, it was kind of... It's k"
manry,1,1,Mary | many | Manny,likely misspelling / mishearing,interview-027,"ike dissecting thing? As a conversation with Manry of, like. You know, cutting things apart and"
manon-gnoux,1,1,,"check: unusual word, term or non-English",salon-106,wer of trees. And you are going to meet Gaël Manon-Gnoux.
manon,1,1,mason | canon | anon,likely misspelling / mishearing,salon-086,"arker along a ruler. And he does this. Visek Manon. And yeah, so that's another view of the sho"
manningin,1,1,manning | manning in | manning-in,likely misspelling / mishearing,salon-072,"at is by a Washington-based artist, Jonathan Manningin. He's represented by Bitforms Gallery in New"
mannering,1,1,manuring | bannering,likely misspelling / mishearing,salon-078,"t. I don't think you can use Baskerville and Mannering, for example.  Unless they unless it's nativ"
manjulandru,1,1,,"check: unusual word, term or non-English",salon-087,a fine wine it takes time Burgum by Malavika Manjulandru is Malavika yeah hi hi thank you Mona for or
manitoba,1,1,Manitoba | Manitoban,likely misspelling / mishearing,salon-015,"ou one of those now. Let's see. Wind at Lake Manitoba, which is a big lake near Winnipeg where I u"
manist,1,1,Marist | maoist | magnets,likely misspelling / mishearing,interview-020,"epth on it, but it's being curated by Andres Manist. He's working out of Montreal. And this is t"
manischewitz,1,1,,"check: unusual word, term or non-English",interview-018," to stop the recording. And thank you, Randy Manischewitz for this incredible experience."
manil,1,1,Manila | mail | manic,likely misspelling / mishearing,presentation-003,"es interactively as a medium in shows at the Manil Drawing Institute Houston, KALA Vienna, Muse"
manifestyle,1,1,manifestly,likely misspelling / mishearing,salon-099,"We did a version of Letters About Borders at Manifestyle in Berlin this year, which was spectacular. "
manicasemporary,1,1,,"check: unusual word, term or non-English",salon-079,"wing Lens camera, which is was on exhibit in manicasemporary in Jersey City a couple of years ago. Other "
manhat,1,1,manta | manat | man hat,"check: unusual word, term or non-English",interview-027,k City and From the Lenape Bay lands and the Manhat peoples.  And I'm. Really coming from a plac
manfred,1,2,Manfred | manured,likely misspelling / mishearing,salon-109,"l is next door neighbors in New York City to Manfred Moore, who's an old school computer art guy,"
mandelbulber,1,2,,"check: unusual word, term or non-English",salon-026,both use Photoshop. And also there was some. Mandelbulber involved. Cinema 4d. And.
mandelbot,1,1,Mandelbrot,likely misspelling / mishearing,interview-007,kly this is from a 3d fractal program called mandelbot mandel bulb 3d I know a number of Techspress
mandalantru,1,1,,"check: unusual word, term or non-English",salon-062,"rom, that'd be great. Yeah. Hi, I'm Malavika Mandalantru from India. And right now it is 4.28 morning"
mandal-andrew,1,1,,"check: unusual word, term or non-English",interview-019,", and I am going to be interviewing Malavika Mandal-Andrew today, who I who is in Bombay, India, which "
mancusi,1,1,minces,"check: unusual word, term or non-English",roundtable-001,. And the show which I co-curated with Karen Mancusi Ongaro and Clemence White was basically look
manchillo,1,1,mantilla,"check: unusual word, term or non-English",salon-102,"e botan. Lower Chaman reg got a note. Krin.  Manchillo. A vous, qui remittance Ferzes. Uchmandata. "
manchester,1,1,Manchester,likely misspelling / mishearing,presentation-001,"car an hour north and you hit my hometown of Manchester, New Hampshire. But I spent all my summers a"
manchac,1,1,Manteca | mantic,"check: unusual word, term or non-English",salon-009,"e in Austin, Texas. Well, actually I live in Manchac, which is a little suburb of Austin, not too"
manangu,1,1,manning,"check: unusual word, term or non-English",salon-106," liquid forest, with a song creation of Gaël Manangu, that you just heard before. He's also a mus"
mamsy,1,1,mammy | massy | mimsy,likely misspelling / mishearing,interview-018, to heal you know it doesn't have to be this mamsy pamsy or what would I say it's hard to say b
mamie,1,1,Jamie | Marie | Mamie,likely misspelling / mishearing,salon-025,". But for some reason, my great-grandmother, Mamie Suarez, came into the Black community, marri"
malofs,1,1,mallows,"check: unusual word, term or non-English",salon-086,ooking at this right here yeah Paula all the Malofs and Cynthia Di Nonato's works here which hav
malocado,1,1,,"check: unusual word, term or non-English",salon-105,"o tell. And it's just so fascinating to hear Malocado. And for me, collaboration is difficult. I n"
malo,1,1,male | mall | mamo,"check: unusual word, term or non-English",salon-088,"o I collaborated this with my partner, Aisha Malo. I don't think she is present with us, so I "
malna,1,1,Malian | mana | Malia,"check: unusual word, term or non-English",interview-027,"es. Most of them are taken by Joey Zaza From Malna.  And the sound score I created, and it was "
mallorca,1,1,Mallorca | millrace,likely misspelling / mishearing,salon-028,"hat poster on top, the figures, I took it in Mallorca, in Soyer, which is a little village in the "
malia,1,1,Maria | Malia | Malik,likely misspelling / mishearing,interview-019,"Now, Malia. I'm sorry I'm interrupting you one more tim"
malevich's,1,1,,"check: unusual word, term or non-English",roundtable-003,work of Kazimir Malevich. And the quote says Malevich's art focuses on subjectivity's implications f
maldives,1,1,Maldives,likely misspelling / mishearing,salon-018, the data of these islands being erased? The Maldives is similar.  And Vanuatu and Nauru is a coup
malaysian,1,1,Malaysian | Malaysia | Malaysians,likely misspelling / mishearing,salon-105, their nonprofit. So… Introduction. Lin is a Malaysian artist and technologist whose work is perfor
malavik,1,1,,"check: unusual word, term or non-English",salon-088,id her training under Reten Mazumdar in 2012 Malavik was awarded Paula Krasner Grant.  Which is a
malachek,1,1,,"check: unusual word, term or non-English",salon-020,"ow if any of you guys know Mabou Mines, Ruth Malachek, but she walked, can you hear that audio? Pr"
mal,1,1,man | may | val,"check: unusual word, term or non-English",salon-062,"ists, because the art world was a completely mal domain for hundreds of years. Yeah, there ar"
makoff,1,1,make | makes | maker,"check: unusual word, term or non-English",salon-106,"d. And I'm talking about artists like Afrane Makoff, who is working on that subject."
majore,1,1,major | majors | majored,likely misspelling / mishearing,salon-092,"inic, Las Vegas Las Vegas, Art Museum at the Majore Barrack Museum of Art University of Nevada, "
majo,1,1,major | mojo | mamo,likely misspelling / mishearing,salon-052,"in, you showed the Einstein and the Picasso, Majo Lee earlier, Cynthia. And he wrote a book ca"
mainte,1,1,Maine | manta,likely misspelling / mishearing,salon-079,". If anyone's interested, the link is on the mainte expressionist page. So we really get into Ch"
mailchimp,1,1,mail chimp | mail-chimp,likely misspelling / mishearing,salon-028,journey. Although I made this first share on MailChimp. What you are doing videos now experience.  
maharashtra,1,1,Maharashtra,likely misspelling / mishearing,interview-019,"she worked with warly artists from Talasari, Maharashtra, to create mixed media paintings. In 2021, M"
mahali,1,1,mahalo | Malay,likely misspelling / mishearing,salon-090,School of Design in Chicago and studied with Mahali Nagy. And then she came to Los Angeles and a
magret,1,1,Margot | magnet | Margret,"check: unusual word, term or non-English",salon-092,Here is an homage to Salvador Dali and Renee Magret. With the burning giraffe smoking the pipe. 
magnolian's,1,1,magnolias | magnolia's | magnolias's,likely misspelling / mishearing,salon-033, mini retrospective on Nohio.  It's on Bjorn Magnolian's site. And it's called The Hindsight is 2020 
magisynthovision,1,1,,"check: unusual word, term or non-English",salon-090,was in the mid 1980s the VP of technology at Magisynthovision and I.  Brigham Young developed the 3D anima
magique,1,1,magic,"check: unusual word, term or non-English",salon-042,"e. His piece is called Ceté Couché de Soleil Magique. Digital monoprint on aluminum, France, 2021"
maggi,1,1,Maggie | Maggi | magi,likely misspelling / mishearing,salon-098,ither reality or context. They use apps like Maggi. Natalia submunaii Natalia �ίν attending art
maec,1,1,Mac | Mace | mace,likely misspelling / mishearing,salon-107, engineering assessment assessment democracy MAEC Tuningnik Tuningnik Tuningnik Tuningnikwed I
mae,1,1,may | make | am,"check: unusual word, term or non-English",interview-030," sing mountain ballads with my grandma Pansy Mae and my mother, and so that really shaped me."
maderick,1,1,maverick | made rick | made-rick,likely misspelling / mishearing,salon-096," a collaboration with very talented painter, Maderick Turay. Let me show you his art first.st It's"
madcloud,1,1,mad cloud | mad-cloud,likely misspelling / mishearing,salon-098,"ionist site, and here's our catalog. It's on MadCloud, and if you click on that, you get it, and i"
macori,1,1,macro,"check: unusual word, term or non-English",salon-101,ng labor fashion choreography II sample quan Macori database infrastructure rapid calculation AI
macky,1,1,Mack | Macy | wacky,likely misspelling / mishearing,salon-045, in this image. And there's the fisherman in Macky Maw who is a is a lone figure against the sm
mackenzie,1,1,Mackenzie | Makenzie,likely misspelling / mishearing,salon-046,etract. And it's just something that by Alex Mackenzie and Dana Potter. We're dedicating a room to 
machina,1,1,machine | kachina,likely misspelling / mishearing,salon-018,u know very human like sort of AI or even ex machina or the thing is that then you know that the 
macfittal,1,1,merciful,"check: unusual word, term or non-English",salon-077,"one of the artists in the group named Joseph Macfittal, and I was doing a project back in the late "
mabou,1,1,MBAs | mbar,"check: unusual word, term or non-English",salon-020,"ely. So I don't know if any of you guys know Mabou Mines, Ruth Malachek, but she walked, can yo"
lysand,1,1,lysine,"check: unusual word, term or non-English",salon-099,"cine, I formed a… Theater group called Ricky Lysand Gillian Brothers Band. And reperformed. So t"
lyell,1,1,Lyle | Lyell | yell,"check: unusual word, term or non-English",salon-079,te hanging Christmas decoration out there in Lyell and City.  So that's my last slide. Actually
lya,1,1,lay | lye | Mya,"check: unusual word, term or non-English",salon-106,"the classical painter? Faced with this void, Lya realizes her own condition."
lvt,1,1,let | lot | lit,"check: unusual word, term or non-English",salon-036,would take the nine track. Put it through an LVT machine and make transparencies out of it. A
lvov,1,1,love | loved | loves,"check: unusual word, term or non-English",salon-015,"rned platinum palladium printing from Arkady Lvov, who's kind of a master printer and opened m"
luz,1,1,cuz | luv | lug,"check: unusual word, term or non-English",salon-087,f a landscape will I ever wake up by nina de luz anaya are you here would you like to speak h
luxor,1,1,Luxor | luxury | luxe,likely misspelling / mishearing,salon-085,People may not know about the lamp and the Luxor. The little jumping lamp that picks.
luxo,1,1,lux | luxe,likely misspelling / mishearing,salon-085,"arting at the upper left, you see a gigantic Luxo lamp in the corner over the table. And Ed Ca"
lutz-rydal,1,1,,"check: unusual word, term or non-English",salon-020,"ritish Perry Award, BFA Merit Award, and the Lutz-Rydal Travel Grant. Victor is, oops, sorry.  Click"
lupis,1,1,Luis | lupin | lupus,likely misspelling / mishearing,salon-110,"year it was open to everyone, so like former lupis and new people. Like showing us and experien"
lupa,1,1,loop | lipa | luma,"check: unusual word, term or non-English",salon-084,"r Renato or Colin. Last time I was using our lupa and artifact a few years ago, the artist who"
lumos,1,1,limos | lumps | sumos,likely misspelling / mishearing,salon-087,fore some of the stable diffusion models and Lumos were blowing up it's always fascinating to s
luke,1,1,like | Luke | lake,"check: unusual word, term or non-English",salon-067," created. And then it can make a really good Luke Skywalker or a really good, you know, Darth "
luger's,1,1,lagers | ligers | augers,"check: unusual word, term or non-English",interview-021,oss from that bank building right near Peter Luger's it was still kind of pretty non-gentrified a
lucita,1,1,Lucia | Lucite | lucite,likely misspelling / mishearing,salon-028," had a bit of fun with that. And then that's Lucita Hurtado, an artist who was a very dear frien"
lucila,1,1,Lucille | Lucia | lucile,"check: unusual word, term or non-English",salon-058," for my dissertation in PhD study too. Yes.  Lucila, did you have something you want to add? I r"
lucien,1,1,Lucien | Lucian | lucine,likely misspelling / mishearing,salon-021,e a drawing I did in a museum. It was from a Lucien Freud painting at the Tate National.  And wh
lucian,1,1,Lucian | Luciano | Lucien,likely misspelling / mishearing,salon-058,"ou, Steve. I think you read my mind. And the Lucian Frog is the favorite film. I keep watching i"
lublin,1,1,Dublin | Lublin,likely misspelling / mishearing,salon-039,orth. And my mentor in the NFT program is in Lublin in Poland. He's 100 kilometers from where th
lubar,1,1,lunar | Luba | lumbar,likely misspelling / mishearing,salon-110,"really, really wonderful project. The entire Lubar Critique has enriched my life as an artist s"
lowe's,1,1,Lowe's | loves | loses,likely misspelling / mishearing,salon-099,uments. Here are three examples. You can see Lowe's and Apache Warrior with Columbus at Columbus
lovato,1,1,Lovato | locate | Novato,likely misspelling / mishearing,salon-078, know what we really wanna give this to Demi Lovato and a bunch of pop stars. And I actually wen
louisa,1,1,Louisa | Louis | Louise,likely misspelling / mishearing,salon-025,the parkway and then you can connect to like Louisa and BAP National Park. We also have a lot of
lou,1,1,you | Lou | lot,"check: unusual word, term or non-English",interview-029,"Now, Lori Anderson, she was married to Lou Reed, right? From…"
lotter,1,1,litter | letter | potter,likely misspelling / mishearing,salon-080,t's a celebration of money. We've got estate lotter lipsticks. I'd wanna A an award. A camera wa
lotke,1,1,lots | lot | Locke,"check: unusual word, term or non-English",salon-080,"ed media, there are 2 female artists, bonnie Lotke, Lotka is one of them. It's LHOT. KEI think,"
lotka,1,1,lots | lotta | lot,"check: unusual word, term or non-English",salon-080,"a, there are 2 female artists, bonnie Lotke, Lotka is one of them. It's LHOT. KEI think, is our"
lorjean,1,1,Loren | Lorna | Lorain,likely misspelling / mishearing,salon-058,just a really fun project this is a painting lorjean dumont origin of the world that I've done so
lorde,1,1,lord | Lordy | lords,likely misspelling / mishearing,salon-043,ile in undergrad and I was mentored by Audre Lorde. My M.D. Degree was obtained in 1978 from th
loopies,1,1,loops | loonies | loopier,likely misspelling / mishearing,salon-110,f meet again all the like the former loopers loopies so yeah we spent three days there with like 
loli,1,1,lols | loll | soli,"check: unusual word, term or non-English",salon-035,"with you guys. Thank you. Thank you so much, Loli. Thanks for sharing your work with us. Reall"
lofton,1,1,loft | lofty | lofts,likely misspelling / mishearing,salon-025,"tory. Does anybody have any questions on the Lofton Found series, the collage work or round trip"
localicanimer,1,1,,"check: unusual word, term or non-English",salon-095,ke hard labor about software development and localicanimer living cases in gar 95 hour » Right?
llustrator,1,1,illustrator,likely misspelling / mishearing,presentation-004,"So, yeah, go for it. So I launched so I have llustrator open here.  Can you guys see my screen? Yes."
lltv,1,1,lilt | lliv | lilts,"check: unusual word, term or non-English",salon-044," that was developed for video that he saw at LLTV studios. The Quantel developed one for, to w"
lloyd,1,1,Lloyd | Floyd | Loyd,likely misspelling / mishearing,salon-056,is spiral. Sort of magical space that. Frank Lloyd Wright created. And at the. At the same time
llms,1,1,alms | llamas | elms,"check: unusual word, term or non-English",interview-030,But LLMs are not super intelligent. I mean.
ller,1,1,la | lier | iller,"check: unusual word, term or non-English",presentation-004,"nated me early on was this project by Eric Müller. He was not an artist, but he thought, ""I wo"
ljubljana,1,1,Ljubljana,likely misspelling / mishearing,interview-009, also from Tuscany like myself. So he's from Ljubljana. And I really like his...
lizardly,1,1,wizardly,likely misspelling / mishearing,salon-099,"Okay, so this is, Lizardly here, which is a piece that kind of emerged "
liza,1,1,Liza | Liz | Eliza,likely misspelling / mishearing,presentation-002,n an early portrait from 1988 called Ted and Liza using the true vision image processing softw
livia,1,1,live | Olivia | liver,"check: unusual word, term or non-English",salon-106, of Trees. So it's a documentary directed by Livia Diniz and Bruno Coelho from Brazil and mysel
livestreamed,1,1,live-streamed | live streamed,likely misspelling / mishearing,salon-102,"performed, it was under the New York… it was livestreamed under the New York 2020 shutdown guidelines."
literotica,1,1,,"check: unusual word, term or non-English",salon-102,"written erotica from, you know, kind of like literotica, like, written by people on the internet.  A"
literaturel,1,1,literature | literatures | literature's,likely misspelling / mishearing,salon-098,perience and style of expression in American literaturel incredibly interior love for musical referen
listserv,1,1,,"check: unusual word, term or non-English",salon-016,k City. I think they're still around. It's a listserv called WAC. It's the WWW World Wide Web Arti
lise-chou,1,1,lice-chou | list-chou | lies-chou,likely misspelling / mishearing,salon-033,omposite brainwave information the real-time Lise-Chou pattern changed in accordance with the brain
lise,1,1,like | lose | list,"check: unusual word, term or non-English",interview-026,posite brainwave information.  The real-time Lise Jou pattern changed in accordance with the b
lipty,1,1,linty,likely misspelling / mishearing,salon-071,"vedo, Davonte Bradley, Holly Gordon, Patrick Lipty, DJ Spooky, Steve Miller, Joseph Nechvatal, "
lipson,1,1,Lipton | Gipson | lips-on,likely misspelling / mishearing,salon-027," In 2008 or 2007, I was interviewed by Karen Lipson of the New York Times. This piece was select"
lipp,1,1,lips | limp | lisp,"check: unusual word, term or non-English",salon-022," a new way to look at theater. Writer, Larry Lipp, Eleanor Hartney, some early Chinese America"
linza,1,1,Linda | lines | Lina,likely misspelling / mishearing,salon-059,re going to get different results. Same with Linza. That's what they give you when you are logg
linotype,1,1,Linotype | linotypes | linotyper,likely misspelling / mishearing,salon-107," room through the point that we were using a Linotype machine and cut, literally waxing and cuttin"
linky,1,1,link | pinky | links,likely misspelling / mishearing,salon-028,"e some of these discussions get a little bit linky sometimes, but it happens.  And then other t"
linick,1,1,link,likely misspelling / mishearing,salon-020,"as 1995, I first met Billy name, Billy named Linick, who many of you know, from the Andy Warhol "
liminalism,1,1,,"check: unusual word, term or non-English",salon-029, knew that I would call my photography photo liminalism.  And my work has just been floating out the
limewire,1,1,lime wire | lime-wire,likely misspelling / mishearing,salon-034,ne it's something along the lines of the way LimeWire or these other peer-to-peer networks used to
limadeau,1,1,laminae,"check: unusual word, term or non-English",salon-106,oday the work of the artist-artist Jean-Paul Limadeau. At one point in his billion year journey to
lilith,1,1,Lilith | lilt | lilts,likely misspelling / mishearing,salon-035,"il.  Yeah. And the one that's on the screen, Lilith, you can see. Sponge, flowers, and my hands."
likhti,1,1,light | lithe,"check: unusual word, term or non-English",salon-087,is is Forbidden Flowers. By Nedin Atassabian Likhti. I'm not sure. I'm not sure if they're here 
likerency,1,1,,"check: unusual word, term or non-English",salon-097,were exhibiting images with images forklifts likerency images with representatives are operating of
likeable,1,1,likable | like able | like-able,likely misspelling / mishearing,salon-051,te from word prompts in a manner that I find likeable.  So I then went to this. I'm a skip over th
lika,1,1,like | Mika | pika,"check: unusual word, term or non-English",interview-003,"o much that I wanted things to move.  Walter Lika. A great. Champion of my work, who was the c"
lifty,1,1,fifty | lefty | lift,likely misspelling / mishearing,salon-095,"stant when I was a undergraduate and Patrick Lifty, who I met in graduate school, we were both "
lieschenleber,1,1,,"check: unusual word, term or non-English",salon-106, observations right now I'm still interested Lieschenleber put in the chat that people in Montreal were
licktie,1,1,licit | lick tie | lick-tie,"check: unusual word, term or non-English",salon-081," goes on, and this is something that Patrick Licktie had kind of emphasized many times, and also."
licktee,1,1,locket | lick tee | lick-tee,"check: unusual word, term or non-English",salon-100,d that we became our theme. And then Patrick Licktee and Greg Garvey started to brainstorm how we
lickety,1,2,locket | rickety | lackey,"check: unusual word, term or non-English",salon-045,ently that I was reading. Thanks to Patrick. Lickety
licartists,1,1,,"check: unusual word, term or non-English",salon-058,"Culturalraft.org. Yeah. And the other one is LICartists.org. Oh, wow. Yeah. You get it? Yeah, I got "
lhot,1,1,hot | shot | lot,likely misspelling / mishearing,salon-080,"ts, bonnie Lotke, Lotka is one of them. It's LHOT. KEI think, is our last name. There's anothe"
lgbtqi,1,1,,"check: unusual word, term or non-English",salon-054,cial issues. I've always been an activist of LGBTQI movement.  And so. I'm. I never stop and I c
lgbtq,1,1,,"check: unusual word, term or non-English",salon-065,"e details, but I think it was, there was one LGBTQ person on the board. There was, there was wo"
lgbt,1,1,,"check: unusual word, term or non-English",salon-054,o present artworks that are related with the LGBT world. And so there are creations like that.
lg,1,1,,"check: unusual word, term or non-English",salon-029,"th photographs using my smartphone. I had an LG torch, which cost $47 from, I think, Best Bu"
lfiv,1,1,life | lift | Lviv,"check: unusual word, term or non-English",salon-059,where that describes English sources and the LFIV that is a good question Colin I wouldn't I w
lew,1,1,let | new | low,"check: unusual word, term or non-English",salon-036,"r.  Yeah. And, this is, the video, the Chris Lew turn, fiction page. You can't say it like th"
levitt's,1,1,Levi's | Levite's | levity's,likely misspelling / mishearing,salon-090,r the visual arts. I quickly discovered Ruth Levitt's book and contacted some of the artists in it
letterette,1,1,leatherette,likely misspelling / mishearing,salon-065,fically of the play images. The letters. The letterette. And the velour. Specifically for those pict
letsmyth,1,1,lets myth | lets-myth,likely misspelling / mishearing,salon-095,ow. Yes. Yeah. Do we really need that on our letsmyth out there? Is this being organic or
lenox,1,1,Lenox | Lennox | Leno,likely misspelling / mishearing,interview-029,"ild or it can have $200. He actually ported, Lenox, And, what's Linux, and what's the other one"
lennon-fred,1,1,,"check: unusual word, term or non-English",salon-021,"brew manuscript from old Cairo that's now in Lennon-Fred, and I put a diatime on top of it.  And then"
lennon,1,1,Lennon | Lenin | Lennox,likely misspelling / mishearing,salon-085,"know. Of course Jesus said these words. John Lennon said them I think Cam is saying them. Oh, Ka"
lenni,1,1,Lenny | Lenin | Jenni,likely misspelling / mishearing,salon-015,"d question our history by naming the Munsee, Lenni, Lenape tribe, the Canarsie tribe, the Unkac"
lenapi,1,1,Lena | Lenape,likely misspelling / mishearing,salon-080," in New York City and on the homeland of the Lenapi ho, King. Cari ann shim sham**: and going to"
leipzig,1,1,Leipzig,likely misspelling / mishearing,salon-076,"I was recently asked to be part of a zine in Leipzig, Germany. And the.  Artist who asked me to p"
leinix,1,1,Lenexa | lei nix | lei-nix,"check: unusual word, term or non-English",interview-011," have, you know, Duchamp, Boyce, Kosuth, and Leinix, you know, there, there it is, there's my so"
leftwich,1,1,,"check: unusual word, term or non-English",interview-012,"Yeah. It's a Jim Leftwich coined it in the late nineties. Okay. And, a"
leflur,1,1,,"check: unusual word, term or non-English",salon-102, say enough. I would also mention that Karen Leflur and Cynthia Bess Rubin are also working on s
lefleur,1,2,,"check: unusual word, term or non-English",salon-087,"nks for having me. Here's my crystal matrix. LeFleur, Fan Waves. Hi everyone, I hope you can hear"
leflare,1,1,,"check: unusual word, term or non-English",roundtable-005,Karen Leflare is a digital artist writer and animator who 
leela,1,1,Leila | Lela | Leola,likely misspelling / mishearing,salon-066," get to... I'm seeing your name again. Is it Leela? Hi. It's Lila. Oh, my gosh. Second time mes"
lecun,1,1,lacuna | lacunae,"check: unusual word, term or non-English",presentation-002,-dimensional world and then more recent Yann LeCun who was formerly at Meta left because he fee
lebenssche,1,1,,"check: unusual word, term or non-English",salon-100, with bei Wilpert Ke planes ad��inha Lee Rel Lebenssche zur nh introduce season 30 helps tell some s
lebanon,1,1,Lebanon,likely misspelling / mishearing,salon-048,", I'm now based in Colombia, and I come from Lebanon. And in August 2020, there was a huge explos"
lbss,1,1,less | loss | lass,"check: unusual word, term or non-English",salon-110,"u directly to the portal that leads into the LBSS, as we like to call the Louise Bourgeois Sun"
lbgt-oriented,1,1,,"check: unusual word, term or non-English",salon-016,"etty radical downtown, socially progressive, LBGT-oriented school that's been around for years. And you"
lazaridou,1,1,,"check: unusual word, term or non-English",salon-075,"now, there's a graduate student named Vivian Lazaridou. I'm not sure if that's the correct pronunci"
layonb,1,1,laying,"check: unusual word, term or non-English",salon-059,", most of these things use a database called LayOnB, you know, which is, you know, which is a pa"
layla,1,1,Layla | Kayla | Laila,likely misspelling / mishearing,salon-086,"lk about that. And above Carrie Ann, we have Layla Pinto. We have some more selections from our"
lawoi,1,1,law,"check: unusual word, term or non-English",salon-106,"d I was also doing a research about the Urak Lawoi people, who are these sea gypsies in Thailan"
laurent,1,1,Laurent | Lauren | Laurene,likely misspelling / mishearing,salon-061,"hey were in France. I saw them many times at Laurent Geri, which is a room, a gallery specificall"
latrobe,1,2,Latrobe,likely misspelling / mishearing,salon-037,", one's going to the Verostko collection at, Latrobe University. One, one's already, I think in, "
latinx,1,1,Latin | Latino | Latina,likely misspelling / mishearing,salon-050, story.  And because she's Jewish as well as Latinx. And Contrado did a fantastic job of printin
laserium,1,1,,"check: unusual word, term or non-English",salon-085,"ation, and also at the planetarium. They had laserium shows. I don't know if any of you are famili"
lasercat,1,1,laser cat | laser-cat,likely misspelling / mishearing,salon-101,"vitating towards. I did a recent collab with LaserCat, who's one of our favorites local mascots. S"
lasarium,1,1,,"check: unusual word, term or non-English",salon-085,I don't know if any of you are familiar with Lasarium. But they used to do that back in the 70 s. 
larue,1,1,Laura | large | Laurie,"check: unusual word, term or non-English",salon-027," thing I know, I get a phone call from Kevin LaRue who was with Nick. Nick is no longer Nick. I"
larry's,1,1,Larry's | Harry's | Barry's,likely misspelling / mishearing,salon-010,inting that's actually I learned that now at Larry's studio you know with the you know that crowd
lar,1,1,car | far | bar,"check: unusual word, term or non-English",salon-108,We love them. We're here for you. My name is Lar. Attached to a publication in Los Angeles th
laposki,1,1,,"check: unusual word, term or non-English",salon-096," itself.  Like inspiring by Vera Mohner, Ben Laposki, Marfa. Pioneers like that. And after the in"
laportre,1,1,Laporte,likely misspelling / mishearing,salon-043,"The first is in the 18th century, Nicole Ren Laportre was a mathematician and an astronomer who pr"
laplace,1,1,Laplace | lap lace | lap-lace,likely misspelling / mishearing,salon-018,"ery famous French philosopher named Simon de Laplace, who had this term, what he called the compu"
lapidus,1,1,lipids | lipides,"check: unusual word, term or non-English",salon-042," realm. And, low vid is Tali Hinkes and Kyle Lapidus."
lanzing,1,1,Lansing | landing | lazing,likely misspelling / mishearing,salon-077,"eum called the Broad Museum in East Landing, Lanzing, Michigan, at Michigan State University, and"
lansing,1,1,Lansing | landing | lancing,likely misspelling / mishearing,interview-008,"It's Michigan state university in Lansing. Eli Broad built the museum. He's, you know,"
lange,1,1,Lange | large | lance,likely misspelling / mishearing,presentation-006," at those pictures of Eisenstadt or Dorothea Lange, where the reason those images are such such"
landlock,1,1,land lock | landlocked | land-lock,likely misspelling / mishearing,presentation-001,ork did work about that was a what we call a landlock country or what? And what I wanted to do was
lamson,1,1,Samson | Larson | lam-son,likely misspelling / mishearing,salon-102,"he Simons Foundation, and I worked with Adam Lamson, who's a theoretical biophysicist at the Fla"
lambus,1,1,lambs | lamb's | lamb-us,likely misspelling / mishearing,interview-027,"ius, my other collaborator. Demetrius Cheryl Lambus. Having that sort of like return to the womb"
lamarr,1,1,Lamar,likely misspelling / mishearing,salon-043,"was the birthplace of modern computing. Hedy Lamarr, and I suppose I might be dating myself, may"
laila,1,1,Laila | Layla | Lila,likely misspelling / mishearing,salon-065," that. That sounds like a wonderful project, Laila. And I know, like you said, it's... Seem lik"
lahiri,1,1,Lahiri | Lahore,likely misspelling / mishearing,salon-013, artists that founded mostly by Morrison and Lahiri that was shown in the US and Canada. And act
lahi,1,1,Leah | nahi | ahi,"check: unusual word, term or non-English",salon-027,"ian I'm not sure. Abraham Elsa Elsa hot Elsa Lahi. And a lot of your work. See, just to have s"
lagori,1,1,lager | lagger,"check: unusual word, term or non-English",salon-024," area, they are playing, this game is called Lagori, where the dice they keep one top of each ot"
lafarge,1,1,Lafarge,likely misspelling / mishearing,interview-026,"g to read this. A friend of mine, Antoinette Lafarge, posted an experiment she'd done with a Shut"
ladakh,1,1,Ladakh,likely misspelling / mishearing,salon-024,he image itself is containing two three like Ladakh. It's a hilly place and the waves are from s
lacto,1,1,lax | facto,"check: unusual word, term or non-English",salon-108,"u know, Randy curated a show a year ago with Lacto with a very small group Of Techspressionist "
lacleure's,1,1,lacquer's,"check: unusual word, term or non-English",salon-086,"e to go further, here we go. A shot of Karen LaCleure's work is above, can we come in a little bit h"
laceda,1,1,laced | laced a | laced-a,likely misspelling / mishearing,presentation-004,"o share with you. And it was written by John Laceda, who's an American film director. Previously"
labrador,1,1,Labrador | labradors,likely misspelling / mishearing,salon-052,"OK, tell me what you're doing. Pretend I'm a Labrador retriever and explain to me what's going on "
l'erte,1,1,l'rte | l'ere | l'tree,likely misspelling / mishearing,salon-092,De l'erte travaliers et nouves alerts critiques.
kyoto,1,1,Kyoto | koto,likely misspelling / mishearing,salon-078,"ee jazz artists, and we did a performance in Kyoto together where they're improvising, and I im"
kyi,1,1,kai | fyi | kya,"check: unusual word, term or non-English",interview-027,xciting and also has screened at the San Suu Kyi Film Festival and the San Francisco Dance Fi
kwwo,1,1,kWh,"check: unusual word, term or non-English",salon-026,t of contemporary presuplegacy issue hit the kwwo visio
kwanju,1,1,change | quango | Kwangju,"check: unusual word, term or non-English",interview-015,"Of Kwanju Biennale with Nam June Paik. Oh, cool. I rea"
kv,1,1,,"check: unusual word, term or non-English",interview-019,"gold medal also that time in the interschool KV conference. And I right from the start, I kn"
kusama,1,1,chasm | kusaam,"check: unusual word, term or non-English",salon-023,s not really art. That's anything new. Yayoi Kusama. K-U-S-A-M-A. If you ever see her work shown
kurt,1,1,Kurt | hurt | curt,likely misspelling / mishearing,interview-029,"he's a… he's a very well-known media artist, Kurt Henschflager, who does immersive very expres"
kuriyama,1,1,,"check: unusual word, term or non-English",presentation-002,in central Asia. It actually began for me in Kuriyama Fukushima Prefecture in Japan at the Shinto 
kurbelius,1,1,,"check: unusual word, term or non-English",salon-097,ore. Let's take a quick look at some more có Kurbelius'. Here we are with someone who came up with 
kunstler,1,1,Kunstler | consulter,likely misspelling / mishearing,interview-024," is the role for me? What is the role of the kunstler, the artist with this condition, which is se"
kun,1,1,run | sun | fun,"check: unusual word, term or non-English",salon-100,"d say, As-salamu alaykum. Hi, Ali. Hi, Ali.  Kun. It was noontime or evening. I'm not sure wh"
kumbh,1,1,cumber,"check: unusual word, term or non-English",interview-016,"practices of celebratory like festivals like Kumbh Mela. In the West, we've we've gone into thi"
kulture,1,1,culture | vulture | multure,likely misspelling / mishearing,salon-057,e soundtrack was created by a musician named Kulture Owl. Who I collaborated with very rarely do 
kulshreshtu,1,1,,"check: unusual word, term or non-English",interview-019,"d my art teacher was the person, his name is Kulshreshtu Sir. Who was the person basically, you know,"
kulkas,1,1,kluges,"check: unusual word, term or non-English",salon-018,ion with orange deals something with the Ram Kulkas who uses orange people for his models. But i
kulkar,1,1,caulker,"check: unusual word, term or non-English",salon-100,". Embassy put us in touch with her. And then Kulkar, who couldn't be on at this hour because she"
kukwaga,1,1,,"check: unusual word, term or non-English",salon-068,"o other people who reference it. Was by Paul Kukwaga, I'm not probably saying his name right, abo"
kukrinix,1,1,,"check: unusual word, term or non-English",salon-096,"t posters are based on this and group called Kukrinix, that would create like every day they would"
kuitenbrauer,1,1,,"check: unusual word, term or non-English",salon-042,not say the name correctly. Tikwa or Tikowai Kuitenbrauer. Sticks and Bones Digital Monoprint on Alumi
kudo,1,1,kudos | judo | kudu,likely misspelling / mishearing,interview-019,in the Expressionist Artist Index.  That's a kudo too. She has participated in numerous solo a
kubrick's,1,1,rubric's,likely misspelling / mishearing,interview-023,orical associations from a review of Stanley Kubrick's 2001 Space Odyssey. In which the reviewer sa
kubrick,1,1,Kubrick,likely misspelling / mishearing,salon-107," kind of cool spaced out, like almost like a Kubrick kind of result. So, you know, started to stu"
kubota,1,1,Kubota | Cabot | cubit,likely misspelling / mishearing,roundtable-005,"my mind sound courses. So I had udocast Nabi Kubota as teachers, and I took everything I could f"
kton,1,1,ton | Aton | kaon,likely misspelling / mishearing,salon-080,"we curated for was object one, and it's Obj, KTON E. And they have open call for curators. So "
kt,1,1,it | kit,"check: unusual word, term or non-English",salon-097," that. So for instance, when you have a sine kt function, the simplest thing is to have k be"
kronos,1,1,Kronos | kronor | cronies,likely misspelling / mishearing,salon-018,"J playing at the Acropolis. So I worked with Kronos Quartet, which is a legendary string ensembl"
krishna,1,1,Krishna,likely misspelling / mishearing,salon-090,"o zinc plates to print viscosity etchings at Krishna Reddy's NYU studio. In 1980, I did 3M scanne"
kraus,1,1,Kraus | Krause | kraals,likely misspelling / mishearing,salon-077,"e since the 1970 S. With people like Roz and Kraus, who wrote about sculpture in the expanded f"
krasna's,1,1,Karen's | Karin's,"check: unusual word, term or non-English",presentation-009,ight into the barn and see where Pollock and Krasna's masterpieces were made. So I'm going to put 
kras,1,1,kris | eras | bras,"check: unusual word, term or non-English",salon-104,", painting for the market. And, in fact, Lee Kras… there's a famous quote from Lee Krasner, wh"
krampus,1,1,cramps | grampus,"check: unusual word, term or non-English",salon-010,"hat actually made into a gallery.  This is a Krampus. And my style. But it started, I think liter"
krama,1,1,karma | drama | Rama,likely misspelling / mishearing,salon-096,the Jean Frankel Theatre. She is a member of Krama collective Lumen prize. And Moma's R. And D 
kraljkova,1,1,,"check: unusual word, term or non-English",salon-042,"Cool. And we have Lucy Kraljkova. Grandpa's Watch, Inherited. Digital Collage"
kovat,1,1,caveat | covert | covet,"check: unusual word, term or non-English",interview-013, love to be able to be more of a part of but kovat happened like six six months after we moved 
kostryva,1,1,,"check: unusual word, term or non-English",salon-034,mers I think light up. Yeah. My name is Lily Kostryva. I would like to present next time too. Okay
korshi,1,1,Kurt | Karachi,"check: unusual word, term or non-English",presentation-006,"ut it's interesting. I guess young people in Korshi will be really on the, much more on the cutt"
korova,1,1,Korea,"check: unusual word, term or non-English",interview-021,was that place. There was a place called the Korova Milk Bar. I don't know if you ever went ther
korog,1,1,Korea | Koran | koror,"check: unusual word, term or non-English",salon-087,king From planned by Head Instructor Brother Korog hacker And this is another one where you can
koriyama,1,1,,"check: unusual word, term or non-English",salon-100,"sited the Kaiya Seisan Daiei Jingu Shrine in Koriyama, Fukushima Prefecture.  And I took photos of"
koreans,1,1,Koreans | Korea's | Korean's,likely misspelling / mishearing,salon-068," a lot of these people. I mean, and like the Koreans stealing, what was it? I forget, $6 billion "
kopenawa,1,1,,"check: unusual word, term or non-English",salon-106,"ote of the environmentalist, activist, David Kopenawa, who said once, the white man should remembe"
kooning's,1,1,mooning's | nooning's | cunning's,likely misspelling / mishearing,interview-001,"ith Willem de Kooning. So he went over to de Kooning's studio. This is like, I believe, the 50s.  A"
kooka,1,1,kooks | kook | kooky,likely misspelling / mishearing,salon-046,a VHS installation here in this thing called kooka manga and it's He's dealing with the nostalg
kondo,1,1,condo | rondo | kendo,likely misspelling / mishearing,interview-018,"n coming forward, it's Bacon and Kollitz and Kondo. And right now I'm in Cindy Sherman. So we'r"
kombat,1,1,combat | wombat,likely misspelling / mishearing,salon-091, button masher like Street Fighter or Mortal Kombat. You actually got to create a warrior and yo
kolonowski's,1,1,,"check: unusual word, term or non-English",salon-086," And then around this wall we have Rollemann Kolonowski's scans next to Sue Byers. I'm sorry, I'm tilt"
kollitz,1,1,collate | collat.,"check: unusual word, term or non-English",interview-018,"oya. And then coming forward, it's Bacon and Kollitz and Kondo. And right now I'm in Cindy Sherma"
kojo,1,1,jojo | dojo | mojo,"check: unusual word, term or non-English",salon-031,"p facilitate it. So this is a project that's Kojo and I signed up for, for the next 10 years. "
knoxville,1,1,Knoxville,likely misspelling / mishearing,presentation-007,"ions, the Gallery of Art and Architecture in Knoxville, Tennessee, and the Rhizome Artbase for Nast"
knownorigin,1,1,known origin | known-origin | yknownorigin,likely misspelling / mishearing,salon-017,d to pick up. And I read about SuperRare and KnownOrigin and how you had to apply and use your video 
knowles,1,1,Knowles | knows | knolls,likely misspelling / mishearing,interview-028," Dust, by the Fluxus artist and poet, Alison Knowles, and this is a work of computational poetry "
knapp,1,1,Knapp,likely misspelling / mishearing,salon-095,"ng. And we had a guest artist who was Joseph Knapp. Who I didn't know.  Oh, yeah. He had a wond"
kn,1,1,in | on,"check: unusual word, term or non-English",salon-050,"ior to everyone, you know, having to use the KN95 mass. Okay. And here we have a snow leopar"
kluver,1,1,Culver | clever | clover,"check: unusual word, term or non-English",salon-104," she was part of the EAT movement with Billy Kluver and Robert Rauschenberg, and, she won one of"
kluber,1,1,blubber | flubber,"check: unusual word, term or non-English",salon-019,"in art and technology. Oh, no, no. The Billy Kluber thing. I was a member of that group. And the"
klingons,1,1,Klingons | Klingon's | Clintons,likely misspelling / mishearing,salon-066,"tar Trek Deep Space Nine, you know, when the Klingons are there. That type of thing. And I warmed "
kling,1,1,king | cling | sling,likely misspelling / mishearing,salon-109, up. I did different versions of it.  I used Kling to generate the video. And then I also did s
klimt-like,1,1,,"check: unusual word, term or non-English",salon-017," background, a lot of squares.  It felt very Klimt-like. Very what? Klimt. Oh yeah. I've heard peopl"
kleineellschaft,1,1,,"check: unusual word, term or non-English",salon-107,"thing forgotten. Okay. Thank you., weil eine kleineellschaft wird wirklich beschrieblich wie hier sehen S"
klein-samsom,1,1,,"check: unusual word, term or non-English",salon-110," event, Carolina? Hi, everyone. I'm Carolina Klein-Samsom. Right now, I'm in Salvador de Bahia, Brazil"
klein's,1,1,klieg's,"check: unusual word, term or non-English",salon-062,nology was involved at all.  Just like Franz Klein's famous black and white paintings in the 1950
kleenex,1,1,Kleenex,likely misspelling / mishearing,salon-036,"ge. So things like that are trademarked like Kleenex, for instance, it became a word, but, you kn"
klee's,1,1,knees | lees | lee's,"check: unusual word, term or non-English",salon-056,eiss' influence in that work. I can see Paul Klee's influence in it. And a little bit of Kan Pin
klee,1,1,Lee | Klee | knee,likely misspelling / mishearing,roundtable-001,. You have anyone from Max Beckmann and Paul Klee to Francis Bacon and Giacometti in here. So 
kl,1,1,,"check: unusual word, term or non-English",salon-100, the greatest works of art in the world.ager kl singer The museum continues to attract visit
kkk,1,1,,"check: unusual word, term or non-English",salon-018,"s, they were like, why do you want to play a KKK film at the Acropolis? And I was like, well,"
kjell,1,1,Kiel | knell | keel,"check: unusual word, term or non-English",interview-004,"So, this is John as Kjell."
kistner,1,1,chastener,"check: unusual word, term or non-English",salon-024,k also this project I did when I got my polo kistner I've given them that a project we always nee
kisner,1,1,Eisner | kisser | Kiser,likely misspelling / mishearing,salon-008,st gurudev ravinara to go I've received polo kisner upon graduation grant and national scholarsh
kirwan,1,1,,"check: unusual word, term or non-English",roundtable-006,"nticipated. And, I remember at the time, Amy Kirwan was the director of Southampton Arts Center,"
kirkow,1,1,Kirkwood,"check: unusual word, term or non-English",salon-096,"metimes artists like Magritte or Dali, or De Kirkow, come to mind when I look at Michael's works"
kircher,1,1,Carter | quarter | charter,"check: unusual word, term or non-English",salon-107,in the middle and build artifacts together.  Kircher built organs through which the sun plays mus
kinoglitch,1,1,,"check: unusual word, term or non-English",presentation-004,"the video, named ""No Words"", and I worked in Kinoglitch this time, which is a program that can be us"
kinkos,1,1,kinks | kink's | pinkos,likely misspelling / mishearing,salon-025,"ng debris on the streets as I walked off the kinkos or the dead leaves and such, as well as the "
kinkade,1,1,kinked,"check: unusual word, term or non-English",salon-051,"the style of, you can create your own Thomas Kinkade painting if you wanted so. Print it out and "
kingsbury,1,1,Kingsbury | kings bury | kings-bury,likely misspelling / mishearing,salon-081,"ber. Actually, classes start in September at Kingsbury Community College, which is why we have this"
kinethoscopic,1,1,,"check: unusual word, term or non-English",salon-097,"his is the other, the next version is called kinethoscopic 2001. Okay. Let's see the memotif here. Okay"
kinesetical,1,1,kinematical,likely misspelling / mishearing,salon-022,pursuit is to have to have the better use of kinesetical systems. And that's my plan. 2D. So this is 
kimmel,1,1,Kimmel | Kimball | kümmel,likely misspelling / mishearing,salon-099,"tally, or at work, or everything here. Jimmy Kimmel and Stephen Colbert are probably the biggest"
kimie,1,1,Kim,"check: unusual word, term or non-English",salon-056,"was my grandmother, my maternal grandmother, Kimie, who was an accomplished calligrapher. And s"
kimi,1,1,Kimi | Kim | Mimi,likely misspelling / mishearing,interview-001," definitely, I would say that my, my grandma Kimi a was definitely a major influence on me as "
kilish,1,1,kills | kilos | killifish,"check: unusual word, term or non-English",salon-020,ghing on my chair. That music was from Bodan Kilish who put together a score. The piece was call
kildall's,1,1,kill's | killdeer's,likely misspelling / mishearing,salon-046,ial intelligence you know at astronomy scott kildall's piece exotopia is basically basically a VR g
kikta,1,1,kit | kilt | tikka,"check: unusual word, term or non-English",salon-092,"ustrate this approach in albums like crypto, kikta and la Mavisai. I used algorithms to create "
kierkegaard,1,1,Kierkegaard,likely misspelling / mishearing,salon-047,"le bit surrealistic. You know, I said, Soren Kierkegaard as anime style Mecca. I said, okay, that's, "
kienholz,1,1,,"check: unusual word, term or non-English",interview-010," you can see in people's works, artists like Kienholz and David Hockney and people like that, and "
kiefer's,1,1,liefer's | cipher's | quaffer's,likely misspelling / mishearing,interview-020,"ugh that. And for those who don't know about Kiefer's work, I mean, obviously post-World War II ar"
kianai,1,1,Kiana | kana,likely misspelling / mishearing,salon-042," a Long Island artist. She says in 2006, the Kianai Peninsula was the place where the creative s"
khusla,1,1,,"check: unusual word, term or non-English",salon-088,"t there today. See, this is Sterey. C. Vihan Khusla is from Calcutta International School, Kolka"
khodorov,1,1,,"check: unusual word, term or non-English",salon-100,"in many of the photographs were present, and Khodorov Saleh, a Uzbek artist, is standing in front "
khayma,1,1,Khama,likely misspelling / mishearing,salon-037,em actually got displayed call at the ras al khayma art festival and it was called alas we're An
khawain,1,1,Hawaiian,likely misspelling / mishearing,salon-040,ction of Victor Bout's plane. That's in Umar Khawain from the ad that was actually represented in
keta,1,1,kept | beta | meta,"check: unusual word, term or non-English",salon-088,"n. Our 1st group who are presenting today is Keta Shah and Vivansh. Osla. Hey, Darsa, you are "
kessler,1,1,Kessler | kestrel,likely misspelling / mishearing,salon-065,"et journal, the journalist, his last name is Kessler.  He stated something outrageous. He said th"
kerouac,1,1,Korean | Kerouac | Korea,"check: unusual word, term or non-English",interview-016,"950s. People like William S. Burroughs, Jack Kerouac. And of course, above all for me, Amiri Bara"
keough,1,1,Keogh,likely misspelling / mishearing,salon-086,n 2022 who is coming around and helping Jory Keough.  Another wonderful young artist who both of
kenyans,1,1,Kenyans | Kenya's | Kenyan's,likely misspelling / mishearing,presentation-002,hired a large number in this case documented Kenyans paid them low wages to look at images and id
kenya,1,1,Kenya | Kenyan | Kenna,likely misspelling / mishearing,salon-083,"ole phenomenon. I've got a close friend from Kenya, and he referred to Karen's as people who ca"
kenworth,1,1,ken worth | ken-worth,likely misspelling / mishearing,interview-015,"Boston Museum of Fine Art. It was curated by Kenworth Moffitt, who was the director. And Jules was"
kensey,1,1,Kelsey | Kinsey | Kesey,likely misspelling / mishearing,salon-058,"ochi Misrits Binali Collateral, CACA Museum, Kensey Institute, USA, Behrin Museum, National Gall"
kenobi,1,1,Kenobi | knob | knobby,likely misspelling / mishearing,salon-059," art for the backgrounds for the new Obi Wan Kenobi TV series, and all the new Star Wars TV seri"
kennedy-levine,1,1,,"check: unusual word, term or non-English",salon-042,"t another show and the curator for that, Amy Kennedy-Levine, came up with this great phrase that these a"
kennedy,1,3,Kennedy | kenned,likely misspelling / mishearing,salon-012," government. You know, Edward Dunham. Edward Kennedy tried to get that enacted into law that arti"
kennard,1,1,Kenner,"check: unusual word, term or non-English",salon-029,"t we had two. So, sorry. All right. So, Alan Kennard. All right, Alan, you with us?"
kendra,1,1,Kendra | kinder | kneader,likely misspelling / mishearing,interview-019,.  That's my school. I did my schooling from Kendra Vitale. Central. It's a central school. And 
kemper,1,1,Kemper | keeper | temper,likely misspelling / mishearing,salon-099," And her work has been exhibited at Albrecht Kemper Museum of Art, Edward M. Kennedy Institute, "
kelbs,1,1,Kelby | Kelts | kelps,likely misspelling / mishearing,interview-026,and 2016-2018 What inspired Aleph No was Leo Kelbs asking me what my ideas were for the origins
keitenbroer,1,1,,"check: unusual word, term or non-English",salon-053,ming to us from the Netherlands. He is Tikoi Keitenbroer. Thank you very much. Thank you very much fo
keinia,1,1,keen | Keene | Kenia,"check: unusual word, term or non-English",salon-051,I engineers believe AI artists use shapes of keinia or presup ala can communicate through shapes
keetie,1,1,Keith,"check: unusual word, term or non-English",salon-023,"aving, I think it's not getting, yeah. She's Keetie Chandler and here I am. All right. Well, tha"
kedarsha,1,1,cedars,"check: unusual word, term or non-English",salon-088,"Yes, so hello, Abdul! I'm Kedarsha from Jaida School for excellence. Gudavi Ahm"
keaunee,1,1,Kearny,"check: unusual word, term or non-English",salon-029,"ing water crushing against the shores in the Keaunee Peninsula in Maui. And then in 2009, I used "
ke,1,1,me | key | ken,"check: unusual word, term or non-English",salon-100,c Mama That came up as well with bei Wilpert Ke planes ad��inha Lee Rel Lebenssche zur nh in
kazuko,1,1,kazoo | kazukx,"check: unusual word, term or non-English",salon-009,"ys. All right. Okay. Next up we have.  Denia Kazuko. Kazuko. Hi, it's a. It's Denia Kazaku. Kaza"
kazimir,1,1,,"check: unusual word, term or non-English",roundtable-003,of creativity. On the left is the artwork of Kazimir Malevich. And the quote says Malevich's art 
kazaku,1,1,Kazakh | kayak | kaiak,likely misspelling / mishearing,salon-009,"Denia Kazuko. Kazuko. Hi, it's a. It's Denia Kazaku. Kazaku. Okay. Sorry. Don't worry. Don't wor"
kaveh's,1,1,cave's,"check: unusual word, term or non-English",salon-062,"you. Yeah, that's a good way to start. E nur Kaveh's world. It's an event I'm going to have to ma"
kavanaugh,1,1,Kavanaugh,likely misspelling / mishearing,salon-084,.  And it's not me that's so happy. It's Ted Kavanaugh. I actually did it right when he was. Electe
kaur,1,1,Kaur | Kauai | gaur,likely misspelling / mishearing,salon-024,"e the platform for showing my work. Malavika Kaur, My name is Malavika already. Davo has intro"
katuit,1,1,Katie | Kati,"check: unusual word, term or non-English",salon-075,"y's work was running when you came up to the Katuit to see Lucy's work full scale, like large, s"
kattegat,1,1,Kattegat | catgut,likely misspelling / mishearing,salon-020,ions of imagery. So I went to Denmark to the Kattegat coast and interviewed a bunch of people who 
katrina,1,1,Katrina | Karina | Katerina,likely misspelling / mishearing,salon-041,deal with that would deal with the hurricane katrina before before I was where I pasted stuff ont
katmandu,1,1,Katmandu | Kathmandu,likely misspelling / mishearing,interview-008,"d clothing for Asclan Brazil, Art Multiples, Katmandu Project, Princey's Art Rug Projects, James P"
katerina,1,1,Katerina | Katrina | Katherine,likely misspelling / mishearing,salon-032,"iographs, for instance here from Russia from Katerina Yeremenko. Or this one since looks, this is "
katamari,1,1,catamaran,"check: unusual word, term or non-English",interview-013,y brain I think of it as I'm sure you played katamari like I kind of just roll and pick up and pic
kaspar,1,1,Kaspar | Casper | Caspar,likely misspelling / mishearing,interview-020,"orthern Romantic artists, whether it be like Kaspar Friedrich and others, there's this very elem"
kasner,1,1,kasher,likely misspelling / mishearing,salon-084,"you know, we often talk about Pollock or Lee Kasner, and I definitely feel like when I'm doing a"
kashmir,1,1,Kashmir | Kashmiri,likely misspelling / mishearing,salon-050,he basis. This is Anwar Pandith. He was from Kashmir province in India. I went to a shop in the B
karolinum,1,1,Karolin,likely misspelling / mishearing,interview-029,"itics, is currently on view at the Francisco Karolinum Linz in Linz, Austria. So, why don't you, te"
karokka,1,1,Karachi | karaoke,"check: unusual word, term or non-English",presentation-008,ty is just like buildings here we call them [karokka] which means just box. Buildings resemble bo
karlsruhe,1,1,Karlsruhe,likely misspelling / mishearing,interview-023,"I have... I'm in a show at the ZKM Museum in Karlsruhe, which is based on art and technology. I als"
karl,1,1,Karl | Carl | Karla,likely misspelling / mishearing,salon-018,would think of in the physical world of what Karl Marx would have called alienation of the pro
karianne,1,1,Marianne | Karin | karate,likely misspelling / mishearing,salon-087,nted to say thank you thank you very much to karianne and joey I just met in real life last Wednes
kari,1,1,Kari | Mari | kart,likely misspelling / mishearing,presentation-001," we talking to the participants or to the to Kari? Good question. Becca, I'm not sure people k"
kare,1,1,are | care | dare,likely misspelling / mishearing,salon-082,"o just comment. Something of a question with Kare for Karen. First of all, very much intereste"
kaplan,1,1,Kaplan | chaplain,likely misspelling / mishearing,salon-093, of the Hello Brooklyn show that Oops. Tyler Kaplan works at Ford Photography groups foresteham 
kansan,1,1,Kansas | Kansan | kanas,likely misspelling / mishearing,interview-007,h printer so this what this was printed on a kansan infinity photographic rag paper then I took 
kanradi,1,1,quandary | kerned,"check: unusual word, term or non-English",salon-108,ork. Michael Woodruff. Mark Shepherd and Ina Kanradi They work together as a team.  And this one 
kannstolden,1,1,,"check: unusual word, term or non-English",salon-106,umanity. All compressed. All compressed. All kannstolden. All lieu de trouver des incons zawsze? Yes.
kanish,1,1,danish | banish | vanish,likely misspelling / mishearing,salon-075,?  And there are a bunch of other people and Kanish came last week. So it's really been great. I
kani,1,1,Dani | mani | ani,"check: unusual word, term or non-English",salon-046,"ng in the chat from one of the artists, Azra Kani, I think. Is that a female artist, Nagin?"
kanditsky,1,1,Kandinsky,likely misspelling / mishearing,roundtable-006,"to Plane and Concerning the Spiritual Art by Kanditsky, and, I said, okay. Next 3 months, I'm going"
kanatan,1,1,Canton | contain | canton,"check: unusual word, term or non-English",interview-019,"la Bhavana Vishwa Bharti University, Santini Kanatan. During her time at Kala Bhavana, she was aw"
kan,1,1,can | man | an,"check: unusual word, term or non-English",salon-056, Klee's influence in it. And a little bit of Kan Pinsky as well.  That's it. Thank you for yo
kamelli,1,1,camel | camellia,"check: unusual word, term or non-English",salon-079,m. And then Judy Jacobs taught me about Jeff Kamelli. And here's the very first humans photograph
kamala,1,1,Kamala | Kampala | kamal,likely misspelling / mishearing,salon-085,"on said them I think Cam is saying them. Oh, Kamala! I gotta get her in there anyway. This is th"
kamagwe,1,1,,"check: unusual word, term or non-English",salon-023,"veled to three cities in Cuba. It started in Kamagwe. Moved on to Santiago de Cuba. Cuba, and the"
kalevala,1,1,Kalevala,likely misspelling / mishearing,salon-090,did one in Finland that was the story of the Kalevala. And everybody participates and comes in. An
kaleidoscoping,1,1,,"check: unusual word, term or non-English",salon-016,ll the sort of geometric effects the sort of kaleidoscoping and mirroring and everything also like that 
kalavavan,1,1,,"check: unusual word, term or non-English",interview-019,got selected I did my d fine and m fine from kalavavan shanti niketan so this black and white house
kakoposka,1,1,,"check: unusual word, term or non-English",salon-032," You know what? There was an artist, Lindsay Kakoposka. She had emailed me, but I don't think she's"
kafka,1,1,Kafka | chaff | chafe,likely misspelling / mishearing,interview-011,", which is, I don't know if you remember the Kafka, the penal colony, right? And in the penal c"
kaddaf,1,1,Chad | quad | quads,"check: unusual word, term or non-English",salon-034,ck and look again they weren't being used at kaddaf at the big digital art fair in paris in the 
junji,1,1,Jung,"check: unusual word, term or non-English",salon-057, Renata. I want some nightmare fuel. Look up Junji Ito and his work. He's a horror manga artist
jung's,1,1,Jung's | June's | lungs,likely misspelling / mishearing,salon-086,"e sublime unconscious, I'm referring to Carl Jung's concept of the collective unconscious in whi"
junarpur,1,1,,"check: unusual word, term or non-English",salon-088, Ajitha Purkhai from Future campus school in Junarpur. This is my drawing of dreams. So I collabor
juliates,1,1,Juliet | Julia's | Juliet's,"check: unusual word, term or non-English",salon-099, created this AR intervention with all these Juliates as warriors surrounding the physical statue 
juliane,1,1,Julian | Juliana | Juliane,likely misspelling / mishearing,salon-109," you know? And I think- Okay, we're at time, Juliane. Yeah, it could be used more intelligently, "
jugalvandi,1,1,,"check: unusual word, term or non-English",salon-088,"nly going to present or their artwork. 3, rd Jugalvandi, or Conference timing May to September every"
judeo-christian,1,1,Judeo-Christian | judo-christian | judaeo-christian,likely misspelling / mishearing,salon-013,"how this compares to our cultural myths, the Judeo-Christian myths, the Greek and Roman myths, and how th"
jude,1,1,dude | Jude | judge,"check: unusual word, term or non-English",salon-102,"Support. And most recently, AIN performed at Jude de Pomme, which is a museum in Paris, and I'"
jr,1,1,jr.,likely misspelling / mishearing,salon-069,"o present to my oldest brother, who's Vernon Jr., for his birthday. But there was a huge scr"
jquery,1,1,jQuery | query | equerry,likely misspelling / mishearing,presentation-008,ons were designed for the Internet. So I use jQuery and JavaScript for motion scripting. In 2024
jpl,1,1,ppl | jul | jpg,"check: unusual word, term or non-English",interview-028," shooting with, you know, with folks at NASA Jpl. Or the Planetary Society places like that, "
jpeging,1,1,,"check: unusual word, term or non-English",salon-069,ith the value a little bit. And actually the JPEGing artifacts are beginning to show that's what 
jovan,1,1,Joan | Jovan | Javan,likely misspelling / mishearing,salon-016,"ere was a very famous New York photographer, Jovan, who shot everything horizontally because th"
jou,1,1,you | Joe | joy,"check: unusual word, term or non-English",interview-026,e brainwave information.  The real-time Lise Jou pattern changed in accordance with the brain
jotto,1,1,Otto | lotto | motto,likely misspelling / mishearing,interview-015,know art history and you go back and look at jotto you know you go oh look at this painting thi
jost,1,1,just | most | host,"check: unusual word, term or non-English",salon-038, encouraging. There's a filmmaker named John Jost. He's like a Jonas Minkus kind of experiment
josephine,1,1,Josephine,likely misspelling / mishearing,salon-078,"st to show you a few quick examples, this is Josephine Poole's Snow white, beautiful book. By the w"
jordan's,1,1,Jordan's | Jordyn's | Jordon's,likely misspelling / mishearing,salon-012,s they're going to be like oh I have Michael Jordan's dunk you know from. 2013. When they were pla
joplin,1,1,Joplin | poplin,likely misspelling / mishearing,salon-094,"month.  This is one of our openings with the Joplin Ballet. So, without further ado, I think we "
joon's,1,1,John's | joins | john's,likely misspelling / mishearing,salon-036,"ted reality. So if you remember back to Sung Joon's presentation, you saw how on his phone there"
joon,1,1,John | join | soon,"check: unusual word, term or non-English",salon-036,"ust ask. I could just ask you. Yeah. So Sung Joon, I don't know if you are familiar with an ar"
jonah,1,2,Jonah | Jonas | Jorah,likely misspelling / mishearing,salon-023,"ke it.  This is again fabric. This is called Jonah and the Whale. Again, these are all in the s"
johannes,1,1,Johannes | Jonah's,likely misspelling / mishearing,salon-020," Lace Maker. And it was based, influenced by Johannes Vermeer's same title painting, The Lace Make"
jodie,1,1,Jodie | Josie | Jodi,likely misspelling / mishearing,salon-033," God, I forget the name. It was. It was with Jodie Foster. I forget the name. It was such a goo"
jodi,1,1,Jodi | Lodi | modi,likely misspelling / mishearing,interview-028,"I remember seeing, like jodi.org early on in the web. Like, you know, ver"
joaquin,1,1,Joaquin | Joaquín,likely misspelling / mishearing,interview-011,"a good friend of mine, Michael Gray, Michael Joaquin Gray, was making these beautiful sculptures,"
joanne,1,1,Joanne | Joanna | Jeanne,likely misspelling / mishearing,salon-014," introduced to a group through a woman named Joanne Carter, who runs the App Whisperer. She's in"
jillian,1,1,Jillian | Lillian | Gillian,likely misspelling / mishearing,salon-101,club with Loop Art Critique and guest artist Jillian Meyer so it looks like it's still open artis
jezz,1,1,Jesse | jazz | jeez,"check: unusual word, term or non-English",salon-097,eak hem hasta Tokyo were sequenced cars down jezz convenient vehicles up towards downtown Detr
jethro,1,1,Jethro,likely misspelling / mishearing,salon-092,act concept was actually spurred from an old Jethro tall song from their out from their album mi
jesus's,1,1,Jesus's | Jesse's | Jess's,likely misspelling / mishearing,interview-025,. So the Pearl of great price is from one of Jesus's parables that are told in the gospel.  Where
jessup,1,1,Jesus | Jesus',"check: unusual word, term or non-English",salon-103,o métodos editoriais dist measurements Inarp Jessup situations where artists correct scenes by e
jes,1,1,yes | Jesse | jet,"check: unusual word, term or non-English",salon-107,inions down all around so many stories about jes dress industry now things like dancing event
jerusalo,1,1,Jerusalem,likely misspelling / mishearing,salon-052,"could be. So again, going back to that Louis Jerusalo tying it in, even with what Cynthia was ment"
jerusalem,1,1,Jerusalem,likely misspelling / mishearing,presentation-003," State Museum in Novosibirsk, ICA in London, Jerusalem Biennale, numerous international festivals, "
jersie's,1,1,Jessie's | Jersey's | Jerrie's,likely misspelling / mishearing,salon-049,hat we're doing it's not like we're going to Jersie's first kind of thing we're going to look at i
jerome,1,1,Jerome | Jeromy,likely misspelling / mishearing,salon-102,"has been supported by the Simons Foundation, Jerome Foundation, Creative Australia, EY Metaverse"
jericho,1,1,Jericho,likely misspelling / mishearing,salon-035, that was like yeah the after paris was then jericho which for me was the most difficult to finis
jennylights,1,1,jenny lights | jenny-lights,likely misspelling / mishearing,salon-050,"lothing line, Jenny Lights Designs. And it's JennyLights.com. And then you go into the shop where we "
jen's,1,1,Jen's | Ben's | men's,likely misspelling / mishearing,salon-021," the compliment. That means a lot to me. And Jen's not feeling well today, but I'll tell her wh"
jelinski,1,1,,"check: unusual word, term or non-English",interview-012,"I think these are people we should. Margaret Jelinski. Well, you know, you know something? She is,"
jekyll,1,1,Jekyll | jerkily,likely misspelling / mishearing,salon-102,"ries are also incorporate Anubis, who is the Jekyll god, and I wanted to kind of, like, share, b"
jed,1,1,Jed | bed | jet,likely misspelling / mishearing,roundtable-002,s from a recent book published by the writer Jed Pearl. And the title of the book is Authorit
jean-pierre,1,1,jean-pierce,likely misspelling / mishearing,salon-106,"art. Right. So I, I started here my PhD with Jean-Pierre Balbe. And I was lucky to meet some colleagu"
jean-paul,1,2,jean-maul | jean-pail | jean-pal,likely misspelling / mishearing,salon-063," Clos.  In English, we know this is no exit. Jean-Paul Sartre's famous work. I based that here with"
jean-fran,1,1,jean-fren | jean-ran | jean-fan,likely misspelling / mishearing,salon-106,"ration of geniuses like Dali or Van Gogh for Jean-François Millet. Millet painted simplicity, labor"
je,1,1,he | me | Joe,"check: unusual word, term or non-English",salon-092,nt on Paris.  To school a major. We found it je passis et re.
javalks,1,1,,"check: unusual word, term or non-English",salon-102," I'm not gonna pronounce this correctly, the Javalks in Stockholm. Commissions include projects f"
jarragon,1,1,jargon | tarragon,likely misspelling / mishearing,salon-019,"as a project where this, this man, John Paul Jarragon, who was a convicted murderer from Texas don"
janvanike,1,1,,"check: unusual word, term or non-English",salon-082," Renaissance artists like Lucas, Cranach, or Janvanike. And then I used some Italian artists like P"
januszewska's,1,1,,"check: unusual word, term or non-English",salon-089,"Fleur scientific inspired ocean imagery, and Januszewska's exploration of ocean mythology.  Expressioni"
januaries,1,1,Januarys | Januaries,likely misspelling / mishearing,salon-027,"discover how connected we are. I would spend Januaries in Sanibel.  And of course, I would work on "
janneke,1,1,Janice | Janneke,"check: unusual word, term or non-English",salon-020,"ric. And this is my friend and collaborator, Janneke Pirna, who's an Estonian artist who works a "
jankowicz's,1,1,,"check: unusual word, term or non-English",roundtable-001,"n fact, in your fly-through, you showed Nina Jankowicz's two-panel animation. And you could only do t"
janiczewska,1,1,,"check: unusual word, term or non-English",salon-021,today. We have Cynthia Beth Rubin and Renata Janiczewska.  I'm going to give you guys a rundown of th
jamie's,1,1,Jamie's | Jaime's | Janie's,likely misspelling / mishearing,salon-053, our visual language. And I'm looking at the Jamie's. I'm a background there and the sort of simi
jamie,1,1,Jamie | Jaime | Janie,likely misspelling / mishearing,salon-058, excellent work I'd love to look into it jay jamie correct what was the name of the gallery aga
jamestown,1,1,Jamestown,likely misspelling / mishearing,salon-098,ul cabinet and it has shown in washington dc jamestown new york and also in miami florida it's now 
jameel,1,1,James | jammed | jam-eel,"check: unusual word, term or non-English",interview-006," Khalif. And there's also another one at the Jameel Art Center in Dubai that was, and this is al"
jamaican,1,1,Jamaican | Jamaica | Jamaicans,likely misspelling / mishearing,interview-008,"Thanks. This was a book about, you know, the Jamaican Rasta culture that's disappearing. And, and "
jamaica,1,1,Jamaica | Jamaican,likely misspelling / mishearing,salon-074,"ctually a lot of nature around. Right around Jamaica Bay is an estuary. Oh, here's Sungjin Lee's "
jakar,1,1,Jamar | Dakar | jerkier,likely misspelling / mishearing,interview-006, And so we're just starting to generate some Jakar.  From that but they aren't here and then gu
jaida,1,1,Jaime | Jada | jail,"check: unusual word, term or non-English",salon-088,"Yes, so hello, Abdul! I'm Kedarsha from Jaida School for excellence. Gudavi Ahmedabad. It'"
jahangir,1,1,,"check: unusual word, term or non-English",interview-019,"Yes, and so five first, first show was at Jahangir Art Gallery, but they have a system of booki"
jaffe,1,1,Jaffa | gaff | caffe,likely misspelling / mishearing,interview-024,th three other people. Marco Vasi. See Louis Jaffe and Michael Shamberg. They should all get cr
jafar's,1,1,Jamar's | gaffer's | gofer's,likely misspelling / mishearing,presentation-008,her.  All right. And this is a night view in Jafar’s world.
ivisit,1,1,visit,likely misspelling / mishearing,salon-053,"ortraits that are based on screen grabs from iVisit, which is one of the first desktop video con"
iverson,1,1,Iverson | inversion,likely misspelling / mishearing,interview-024, And one of them is already museumized.  The Iverson bought it. And the next one is up for grabs.
itsuka,1,1,,"check: unusual word, term or non-English",salon-090,"t Formica, and did a ceramic tile project at Itsuka Chemical Company in Japan. In the early 1980"
itp,1,1,its | tip | itv,"check: unusual word, term or non-English",interview-027,rted learning coding creative coding through itp and started making work generative work. And
itma,1,1,imma | ima | item,"check: unusual word, term or non-English",salon-046,"I got connected to Patrick's. And thank you, Itma, for selecting my work. Now, inspiration is."
itho,1,1,Utah | tho | imho,"check: unusual word, term or non-English",salon-038,"n the wall, right? And so this is sort of my Itho trophy. And it was about getting this messag"
ithaca,1,1,Ithaca,likely misspelling / mishearing,presentation-001,"So Stephen Paré is originally from Ithaca, New York. He began his career in music and "
iter,1,1,tier | item | inter,"check: unusual word, term or non-English",salon-081,permissioning for reproduction or production iter instance instantiation on my nice printer th
itc,1,1,its | etc | tic,"check: unusual word, term or non-English",salon-088,"as that when we go to a grand hotel like the Itc Hotel or some grand hotel, we ourselves feel"
itang,1,1,tang,likely misspelling / mishearing,salon-105,"ur next speaker is… A little bit about her.  Itang founder, performer, builder, whose work live"
italians,1,1,Italians | Italian's,likely misspelling / mishearing,salon-099,"come from, occupied Italian Eritrea when the Italians invaded Eritrea, and they were very horrific"
italiano,1,1,Italian | Italiano | Italians,likely misspelling / mishearing,salon-090,es under Charles �chod apple purpose complex Italiano Elizabeth saw this thing pop up like the fir
istan,1,1,Stan | is tan | is-tan,likely misspelling / mishearing,salon-083,t have you so? Alright! Let me. Just see. To Istan Vernada.
israeli,1,1,Israeli | Israel | Israelis,likely misspelling / mishearing,salon-102,"e was an extensive poisoning campaign by the Israeli government, because there was a lot of fear "
ismsies,1,1,isthmuses,"check: unusual word, term or non-English",salon-037,"ism and surrealism. And, you know, all these ismsies, these sorts of things. And I was actually g"
ismaili,1,1,Israeli | Ismaili | Ismailis,"check: unusual word, term or non-English",salon-020,ere was Chris Nappy on percussion and Shazad Ismaili on like a tiny little guitar off in a corner
isim,1,1,sim | ism | idim,likely misspelling / mishearing,salon-079,"hese images? And of course, because we're in Isim how to do the potato eaters, and also Goya e"
isfahani,1,1,Isfahan,likely misspelling / mishearing,salon-047,"mixing different styles like, Bakhtiari with Isfahani and, and, Baluchi and that sort of thing and"
iseo,1,1,is | issue | iso,"check: unusual word, term or non-English",salon-021,"over.  So then I did a piece that was during ISEO, was shown on the ICC tower. So this is just"
isen,1,1,Sienna | sen | risen,"check: unusual word, term or non-English",salon-098,lowonym 16 meters ten rebuild change lines 19isen measured 21 spoon media with digital work.  
isekai,1,1,Osaka | esker,"check: unusual word, term or non-English",salon-055,"deo game, it's called, in Japan, it's called Isekai, it's another world stories where, you know,"
isaiah's,1,1,Isaiah's | Isaac's | Isiah's,likely misspelling / mishearing,salon-045,anize. Like I got a message from there's two Isaiah's.  Apparently there's two different organizat
isabel's,1,1,Isabel's | Isabell's | Isabela's,likely misspelling / mishearing,salon-106,"es. Well, why don't you go ahead? Let's show Isabel's video."
isaac,1,1,Isaac | Issac | Isaak,likely misspelling / mishearing,salon-090,"he Brooklyn Museum Art School with painters, Isaac Sawyer, Ruben Tam, and Tom Doyle, the sculpt"
irvin,1,1,Irvin | Irving | Irwin,likely misspelling / mishearing,salon-065,"the other Cynthia that we have, Cynthia Beth Irvin, she says great depth in that image. Also, s"
irt,1,1,it | art | dirt,likely misspelling / mishearing,interview-003,John Wayne is alive and well and writing the IRT another information painting.  And there's m
irshad,1,1,arcade | orchid | arched,"check: unusual word, term or non-English",salon-046,"en actually for one of our pieces, we've got Irshad Fatahian, so kill so you don't get killed. T"
irs,1,1,its | is | hirs,"check: unusual word, term or non-English",salon-014," Transactions and it literally generated the IRS form.  It was unbelievable. I was just like,"
irina,1,1,Iran | Irene | iron,"check: unusual word, term or non-English",salon-087, on the side.  Here we have Moonflower II by Irina Ali Povsky. I'm not sure if you're here. I d
iribus,1,1,iris | irises,likely misspelling / mishearing,salon-041,led mount doom and the other is called mount iribus and they're like surrounded by ice and that 
iranians,1,1,Iranians | Iranian's,likely misspelling / mishearing,salon-072,ic concepts and mythological power among the Iranians. The Cyprus Tree held great symbolism in anc
ir's,1,1,it's | if's | irks,"check: unusual word, term or non-English",salon-030, go.  All right. So that is Techspressionism.ir's Instagram link. If anybody would like to per
ippolito's,1,1,,"check: unusual word, term or non-English",interview-001,"u know, when I graduated, I pretty much took Ippolito's advice and, you know, moved to New York, mov"
ipo,1,1,imo | iso | Pipo,"check: unusual word, term or non-English",salon-012,ge at this point. They're actually having an IPO pretty soon. But you can sign up for a Coinb
iphota,1,1,iPhoto,likely misspelling / mishearing,salon-081,"is I use I photo that. Well, it's not called Iphota. But the these are a few trailers. I'm gonna"
iphone's,1,1,iPhones | iPhone's | phones,likely misspelling / mishearing,salon-100, entirely by the algorithmic processes of my iPhone's AI as it struggles to cope with the novel ex
ipcc,1,1,iicc | imcc | ilcc,"check: unusual word, term or non-English",salon-041,and oh this far away. There's stuff that the IPCC didn't want to put into their reports becaus
iowa,1,1,Iowa | Kiowa | iota,likely misspelling / mishearing,salon-021,"Arts Center, Cedar Rapids, and Cedar Rapids, Iowa, and Seduced by Sacred, which is a Jewish ar"
inza,1,1,Ina | inna | inga,likely misspelling / mishearing,salon-095,re making money into now for public purposes inza state like hard labor about software develop
invasives,1,1,invasive,likely misspelling / mishearing,salon-102,"ities around that species, and they count as invasives. And you can see her holding a python here a"
introate,1,1,nitrate | intro ate | intro-ate,likely misspelling / mishearing,salon-104,"ionistic representation of what is really an introate or intangible character.  Some of them, like"
intraaction,1,2,interaction,likely misspelling / mishearing,salon-101,"y interesting. And it's going to be entitled Intraaction Between Art and Science, New Modes of Knowle"
intoda,1,1,inroad,"check: unusual word, term or non-English",salon-093, has been archived for viewing at TEDx. Some INTODA immunizations data desk digitization animati
interweb,1,1,inter web | inter-web,likely misspelling / mishearing,salon-020,t and so yeah I mean it's really the sort of interweb and I also was thinking like neurons and neu
interspiritual,1,1,inter-spiritual | inter spiritual,likely misspelling / mishearing,salon-109," talents wherever they take you. I'm also an interspiritual minister studying. I mean, my theology is ju"
interspeciality,1,1,,"check: unusual word, term or non-English",salon-099, that explores AI environmental collapse and interspeciality. So the staging interfaces like VR and real-
interpermeate,1,1,inter permeate | inter-permeate,likely misspelling / mishearing,salon-053,aybe the language of photography has come to interpermeate many directions. But also seem to have many 
interdisciplinarity,1,1,interdisciplinary,likely misspelling / mishearing,salon-105,"I mean, just experience in general, just the interdisciplinarity aspect of games, and just experience design "
interactors,1,1,interactions | interacts | interdictors,likely misspelling / mishearing,salon-019," was kind of a goal for VR. To have multiple interactors somehow.  So... Sorry, lost my cursor. And t"
interactml,1,1,,"check: unusual word, term or non-English",salon-099,"oo gloves, with flex sensors, and I also use InteractML in Unity to trigger changes both in the game"
intelle,1,1,Intel,likely misspelling / mishearing,salon-094,n the landscape around. Because I use... The INTELLE ATM at 150 is so good as a place to get a di
integrational,1,1,integration,likely misspelling / mishearing,salon-099,emain distinguished as a scholar within that integrational set. I wrote poetry in order to explain myse
insurkey,1,1,,"check: unusual word, term or non-English",salon-060,s that's what we did and we did that for the insurkey not this was the first time that we had this
instrumentalized,1,1,,"check: unusual word, term or non-English",salon-102,"osite… often the opposite, where artists are instrumentalized by science to help science communication, so"
instrumentalization,1,1,,"check: unusual word, term or non-English",salon-102,"ring themes of energy, waste, labor, and the instrumentalization of bodies.  I think as a whole, all of these"
inst,1,1,int | ins | inset,likely misspelling / mishearing,salon-085,is from my personal garden.  And often on my inst. On my Instagram and Facebook posts. I will 
inspite,1,1,inspire | in spite | in-spite,likely misspelling / mishearing,salon-103,eativeIs mere charts At each presentation To inspite of young artists Who wanted to spend their l
inspirationism,1,1,inspirations,likely misspelling / mishearing,salon-095,d you know like they have like you know like inspirationism like Judaism pop art like more Western but n
inshot,1,1,incite | inchoate | in-shot,"check: unusual word, term or non-English",salon-031, that I can get mobile. So I have been using InShot and other things like that. Just things that
inkscape's,1,1,inscape's | inks cape's | inks-cape's,likely misspelling / mishearing,presentation-008, have used Open Brush and Gravity Sketch and Inkscape's an excellent free vector drawing tool and GI
initi,1,1,Inuit | init | innate,likely misspelling / mishearing,salon-099,"erated in 2025. I… Take pictures of myself.  Initi… anyway, these are some early pieces that ar"
inimpressive,1,1,unimpressive | in impressive | in-impressive,likely misspelling / mishearing,salon-109,rom einfach necessary gave me one on YouTube inimpressive language when hang don't seem like different
inha,1,1,inna | inga | Nihau,"check: unusual word, term or non-English",salon-100,me up as well with bei Wilpert Ke planes ad��inha Lee Rel Lebenssche zur nh introduce season 3
infogrames,1,1,,"check: unusual word, term or non-English",interview-007,ey got bought off by a French company called Infogrames. Our deal with Hasbro International went dow
influencey,1,1,influencer | influence | influences,likely misspelling / mishearing,interview-013,re of the kind of the day of the dead creepy influencey kind of stuff more school work more kind of 
indra,1,1,India | Indra | infra,likely misspelling / mishearing,salon-012,"back with a German drum and bass musician in Indra Soler, which, you know, after he released th"
indonesia,1,1,Indonesia | Indonesian | indonesiga,likely misspelling / mishearing,salon-102,"polar regions, inside of active volcanoes in Indonesia and Ethiopia, to the desert of western China"
indigeneity,1,1,indignity,likely misspelling / mishearing,salon-045,"ut with, you know, all water-based material, indigeneity, all these sorts of things. And, you know, t"
indiegogo,1,1,,"check: unusual word, term or non-English",interview-006,lling that sand table with the he did he did indiegogo for that sand table with the with the marble
indiebound,1,1,,"check: unusual word, term or non-English",salon-012,". And it's better, of course, to get it from IndieBound than Amazon. But, you know, it's up to you. "
indian-persian,1,1,,"check: unusual word, term or non-English",salon-021," source material. And so looking back at the Indian-Persian manuscript, this is a piece, you know, movin"
india's,1,1,India's | Indians | Indian's,likely misspelling / mishearing,salon-058," of Modern Art, Nodalhi and many more.  I am India's major digital art collector. I have more tha"
incred,1,1,incurred | inched | inured,likely misspelling / mishearing,salon-101," AI Automaticorno horizontal Free hacker Cop incred Yeah, that'd be great. Sure.  Yeah, I mean, "
incons,1,1,icons | incense | icon's,likely misspelling / mishearing,salon-106,ed. All kannstolden. All lieu de trouver des incons zawsze? Yes. It will be presented in augment
inclusionism,1,1,inclusions,likely misspelling / mishearing,interview-026,"a few salons, I was impressed by the group's inclusionism and friendly demeanor. And here I am feeling"
inarp,1,1,inari | inwrap,likely misspelling / mishearing,salon-103,hat são métodos editoriais dist measurements Inarp Jessup situations where artists correct scen
inapossibility,1,1,inaccessibility,likely misspelling / mishearing,interview-019,master in textile design in so my school was inapossibility for me and my art definitely my main subject
improvisationally,1,1,improvisational | improvisation ally | improvisation-ally,likely misspelling / mishearing,salon-104,", and so they are composed spontaneously and improvisationally, but there is definitely composition there, "
imovies,1,1,movies | iMovie's | iMovies,likely misspelling / mishearing,salon-070,"yping anything. It's all on my iPad. Not the iMovies on my desktop, but an iMovie on iPad is, it'"
imovie's,1,1,movies | iMovie's | iMovies,likely misspelling / mishearing,salon-070, those have a lot of filters and options and iMovie's really kind of sort of restricted. So someti
imogen,1,1,Imogen | Imogene,likely misspelling / mishearing,salon-103,"ools like Photoshop and illustrator. There's Imogen developed inside Google, mainly shown in Goo"
immigrante,1,1,immigrants | immigrant | immigrate,likely misspelling / mishearing,salon-023," This one's Get Out the Vote. This one is La Immigrante. And, again, the border crossings. This was "
immersiveness,1,1,,"check: unusual word, term or non-English",salon-083,nd of you know what these images sort of the immersiveness of these images. And you know I played with 
immer,1,1,simmer | emmer | dimmer,likely misspelling / mishearing,salon-072,rticipation with deaf communities and presup Immer Additional info information comes In order f
immaterialization,1,1,,"check: unusual word, term or non-English",interview-008,"e getting to this. We're moving towards this immaterialization. World. And that's also, even though you're "
imitizing,1,1,imitating,"check: unusual word, term or non-English",salon-023," suggestions.  Well, there's a lot of the 3D imitizing of Van Gogh paintings. That's very popular. "
imguire,1,1,impure | immure,"check: unusual word, term or non-English",salon-077,"s to have been saved somewhere, either using imguire, or for in my case I'm using my squarespace "
imas,1,1,ima | Xmas | MIAs,likely misspelling / mishearing,salon-080," until right before Covid, I worked for Dave Imas, who was who is incredibly talented. Cartogr"
iman,1,1,man | Ian | ima,likely misspelling / mishearing,salon-074,back up. And I just want to say we also have Iman here from Iran today. That's right. Yes. Tha
imaginee,1,1,imagine | imagined | imagines,likely misspelling / mishearing,salon-058,"actice from 2008.  I am vulnerable member of Imaginee Poesia, one of the international artistic li"
imagenet,1,1,imagine | imagined | imagines,likely misspelling / mishearing,salon-043,k images it dips into a vast database called imagenet and finds images and then you can see the im
imac,1,1,ima | Mac | iMac,likely misspelling / mishearing,salon-037,n the fly and it's a great app. And I had an iMac 27-inch that was chugging along and I finall
ils,1,1,its | pls | ill,"check: unusual word, term or non-English",salon-109,"ngers Underwater abroad internet bridge rock ils Photoshop, basically.  And the reason it's i"
illustrationist,1,1,illustrations,likely misspelling / mishearing,salon-031,"his is a doodle. I'm not like a professional illustrationist, and I, but some occasionally I really like "
illio,1,1,ill | illic | illii,"check: unusual word, term or non-English",salon-042,"at he provided. I don't know if it's Elio or Illio. But he... What he said was, in my generativ"
ikea,1,1,Ikea | idea | kea,likely misspelling / mishearing,salon-023,"n the wall? I've been using. I've been using Ikea.  Curtain hardware. Ikea, the, the furniture"
ijer,1,1,ajar,"check: unusual word, term or non-English",salon-080,"ger. And then there was a Meyer that was me, IJER. And those were the 2 supermarkets, neither "
iis,1,1,its | is | his,"check: unusual word, term or non-English",roundtable-005," probably in elementary school. We had Apple Iis, and there was a program, or actually a prog"
iie,1,1,ice | tie | die,"check: unusual word, term or non-English",presentation-003, began using computers in 1981 with an Apple IIe. That's impressive. Current computer system 
ihremsorry,1,1,,"check: unusual word, term or non-English",salon-090,as HTML Data Administration as well as Cyber ihremSorry citizen speech topics as well as important t
igor's,1,1,Igor's | rigors | rigor's,likely misspelling / mishearing,salon-011,"w, you know what? Please come to the talk in Igor's class. You know, if you can. So, you know, y"
idubbbz,1,1,,"check: unusual word, term or non-English",salon-009,"r, you're going to be able to make that much iDubbbz the same as the it's all about the size.  So"
ido,1,1,do | idk | id,likely misspelling / mishearing,salon-106,", I'm really not the first. Some people like Ido Stern was doing it before with C-Level and t"
idmagallery,1,1,,"check: unusual word, term or non-English",salon-045,ust for the call to works.  It's going to be idmagallery.org. Probably up by the end of next week and
icularly,1,1,ocularly,likely misspelling / mishearing,salon-109,re there would be additional peer gathering �icularly fear entry programs which were provided by s
icuban,1,1,Cuban | cuban,likely misspelling / mishearing,salon-085,"ranging videos on Youtube. And I had studied Icuban in Japan many, many years ago. So I thought,"
icia,1,1,icic | ilia | icier,"check: unusual word, term or non-English",salon-106,l as well. I am also serving in the board of ICIA International. Perhaps also you have heard a
ichabana,1,1,,"check: unusual word, term or non-English",salon-085,r me. I during Covid I was watching a lot of Ichabana Flower ranging videos on Youtube. And I had 
ibeam,1,1,beam | abeam,likely misspelling / mishearing,salon-032,"like 15 years. We worked a lot with rhizome, ibeam, smack melon, a lot of grants and supports f"
hypstatic,1,1,hypostatic,likely misspelling / mishearing,salon-085,e the Native image and then go through these hypstatic image. So I'm just gonna go through the rose
hypia,1,1,hype | hyper | hypo,"check: unusual word, term or non-English",salon-057," the stimulated fear of a pandemic and cause hypia that some disaster was going to happen, that"
hypey,1,1,hype | hyper | hyped,likely misspelling / mishearing,interview-018,o you talk faster than I do I told you I was hypey you're so fascinating this has been a wonder
hypervigilance,1,1,hyper vigilance | hyper-vigilance,likely misspelling / mishearing,salon-027,"tly.  There's actually a poem in there about hypervigilance, because I'm constantly watching, constantly"
hypertransformation,1,1,hyper transformation | hyper-transformation,likely misspelling / mishearing,salon-079," of mine. And that's not a bad typo. This is hypertransformation. 19 from 1,975, which is actually pre comput"
hyperspaces,1,1,hyperspace | hyperspace's | hyper-spaces,likely misspelling / mishearing,salon-042,"ng terrain and technology through craft lush hyperspaces, which offer both confusion and comfort toge"
hyperglyphics,1,1,,"check: unusual word, term or non-English",interview-003," while, but I feel like we're the new visual hyperglyphics of, of language. It's a universal one."
hydraological,1,1,hydrological,likely misspelling / mishearing,presentation-003,orks with climate variability and change and hydraological cycles and she looks at historical records a
hurtado,1,1,hatred | hotrod | hurt ado,"check: unusual word, term or non-English",salon-028,"bit of fun with that. And then that's Lucita Hurtado, an artist who was a very dear friend of min"
hurley,1,1,Hurley | Harley | burley,likely misspelling / mishearing,interview-015,"as born in Baltimore, Maryland. I grew up in Hurley and then Kingston, New York. I have two youn"
hurbois,1,1,hubris,"check: unusual word, term or non-English",salon-042,lor in Painting Therapy by Leanne Gallaud de Hurbois. The book gives very detailed written descri
huntington,1,1,Huntington,likely misspelling / mishearing,salon-038,"r parts of LA or, or whatever. I don't know, Huntington beach, You can go there and you can sort of "
hungary,1,1,Hungary | hungry,likely misspelling / mishearing,roundtable-005,"kow, Poland, and my mom was from Budapest in Hungary. They're city people, and they always took u"
hundert,1,1,hundred,"check: unusual word, term or non-English",salon-082,"s influenced from Gustav Klimt and Friedrich hundert foster A, and it's not easy to make gold loo"
humorizing,1,1,humoring | humanizing,likely misspelling / mishearing,salon-022,ng the presidential debate. Yeah as a way of humorizing it. This is I drew the insurrection the medi
huit,1,1,hit | hurt | quit,likely misspelling / mishearing,salon-063,"in this particular piece. This one is called Huit Clos.  In English, we know this is no exit. "
hughes,1,1,Hughes | Hugh's | hushes,likely misspelling / mishearing,salon-064," make yourself ill. Well, you know, Langston Hughes and also scriptures speak to that, that hope"
hugh,1,1,high | Hugh | hugs,"check: unusual word, term or non-English",salon-080,"t a work the other day from an artist called Hugh Messi, who works with stitch, like automated"
hudsburg's,1,1,,"check: unusual word, term or non-English",salon-044," So beautiful work. Next, assisting in Carol Hudsburg's work. I'm going to take over the presentatio"
hudo's,1,1,kudos | Hugo's | HUD's,"check: unusual word, term or non-English",salon-025," case you didn't notice, this is from Margie Hudo's series called the Excavation Series.  And I "
huanyi,1,1,haunt,"check: unusual word, term or non-English",salon-028,"a good model, I think, you know. I think GH, Huanyi Man, it's hard to say his name, but I think "
hu,1,1,hi | hue,"check: unusual word, term or non-English",salon-077,"t the example again, so I'll walk through in Hu, you know a after I save the at the end of t"
hoty,1,1,holy | hot | hoy,"check: unusual word, term or non-English",salon-084,"berry Street, which is where all the sort of hoty toy galleries were, and it brought in my wor"
horus,1,1,hours | Horus | chorus,likely misspelling / mishearing,salon-027,"I also took like the idea of like the eye of Horus, it also means protection, so it's watching "
horowitz,1,1,Horowitz,likely misspelling / mishearing,roundtable-006,"with an exhibition At a gallery called Glenn Horowitz in East Hampton, and the gallery was able to"
horlingen,1,1,harlingen | Harlingen,likely misspelling / mishearing,salon-095,"we need this she wasn't exactly exactly into horlingen because did your mommy stop eating, baby?"
horatzko,1,1,,"check: unusual word, term or non-English",salon-095,ans are abiding by and then you know artists Horatzko or various artists from that time are typing
horace,1,1,Horace | hoarse,likely misspelling / mishearing,interview-028,"e, and I loved. I loved reading Catellus and Horace, and like lots of those Latin writers, but I"
hookstratten,1,1,,"check: unusual word, term or non-English",interview-030,"And it was influenced by this Dutch painter, Hookstratten, and it was actually the… one of the early, "
hoofy,1,1,goofy | hoody | hooey,likely misspelling / mishearing,salon-092,"ng white to me, bearing a wedding dress or a hoofy dress like that.  Yeah, so, okay. But I time"
hoodl,1,1,hold | hood | hoods,"check: unusual word, term or non-English",salon-017,y to come behind an artist and do that.  Any hoodl we have five minutes left in our regularly s
hong-yeon,1,1,hong-yen | hong-neon | hong-yeen,likely misspelling / mishearing,salon-101," Seoul led to an invitation from the curator Hong-Yeon Mok from GMAP. And she said, Oh, how wonderf"
homoestheticus,1,1,,"check: unusual word, term or non-English",interview-018,"len Dasaniaki said in her book in the 90s, a homoestheticus, it's a sociobiological need in the human sp"
hololens,1,1,HoloLens | hollowness,likely misspelling / mishearing,salon-019," market and what Microsoft is doing with the HoloLens 2 and other things is... I mean, when we wer"
hollywood's,1,1,Hollywood's | Bollywood's | hollywoods,likely misspelling / mishearing,interview-029,"l Applications, which was made for educating Hollywood's effects artists."
hokusai,1,1,Hokusai,likely misspelling / mishearing,interview-001,"you know, also Japanese woodcut artists like Hokusai and Hiroshige influenced my work in terms of"
hofstetter,1,1,,"check: unusual word, term or non-English",salon-018,"eat book called Goldil Escher Bach.  Douglas Hofstetter. It's a great book. If you haven't read it, "
hofstadter,1,1,Hofstadter,likely misspelling / mishearing,salon-099,"with Clara Francesca here, with Katie Payton Hofstadter, and with Nang Lei, we co-founded the Aurora"
hockney's,1,1,hockey's | hackney's | hackneys,likely misspelling / mishearing,salon-038,"it, I thought back a little bit, about David Hockney's artwork that he did, taking and stitching ph"
hoberman,1,1,Doberman | doberman,likely misspelling / mishearing,interview-029,"as later. At that point, she was with, Perry Hoberman, and… who's also a fantastic early intermedi"
hobart,1,1,Hobart | Hobert,likely misspelling / mishearing,salon-019,nd that was from an exhibition at Hoagland.  Hobart and William Smith College. This was a simula
hoagland,1,1,Hoagland,likely misspelling / mishearing,salon-019, display. And that was from an exhibition at Hoagland.  Hobart and William Smith College. This was
hnc,1,1,inc | hoc | vnc,"check: unusual word, term or non-English",salon-072,"point, also I use the sound editor, which is HNC. And I take it from there. I'm going to show"
hixlow,1,1,,"check: unusual word, term or non-English",salon-044,"z through. This is my latest piece, which is Hixlow Station also. And there are 72 panels, eight"
historia,1,1,history | historic | historian,likely misspelling / mishearing,salon-102,"s' Inquiry into plants, in Pliny the Alder's Historia Naturalis, where it's described.  And I took"
histor,1,1,history,likely misspelling / mishearing,salon-080,The effect of the shift in the view of using Histor historical. We marginalize people using that
hirschman-leeson,1,1,,"check: unusual word, term or non-English",salon-022," is there's a show at the new museum of Lynn Hirschman-Leeson, who I've admired for a long time. And she's"
hirschberger,1,1,,"check: unusual word, term or non-English",roundtable-005,"nd one of them actually was this guy, Andrew Hirschberger, who was an art historian, and he, you know "
hiroshige's,1,1,Hiroshima's,likely misspelling / mishearing,salon-091,fter I'd seen an image come. It was actually Hiroshige's The Great Wave come in on a fast connection 
hiroshige,1,1,Hiroshima,"check: unusual word, term or non-English",interview-001,so Japanese woodcut artists like Hokusai and Hiroshige influenced my work in terms of the line qual
hipstramatic,1,1,,"check: unusual word, term or non-English",salon-085,he fall. If you water them.  I love what the hipstramatic camera does. And oftentimes I then use these
hipstatic,1,1,hip static | hip-static,likely misspelling / mishearing,salon-085," This is one of my favorite filters from the hipstatic camera app because it references, the perspe"
hippolito,1,1,,"check: unusual word, term or non-English",salon-083,"now there were. I had 2 painting professors, Hippolito and Shapiro and Shapiro said to us.  You kno"
hinkes,1,1,Hines | hinges | hikes,likely misspelling / mishearing,salon-042,"from the voltaic realm. And, low vid is Tali Hinkes and Kyle Lapidus."
hindi,1,1,Hindi | Cindi | hind,likely misspelling / mishearing,interview-011," this is Ajna 1, Ajna 2, Ajna 3. Ajna is the Hindi word for chakra. For the sixth chakra. The o"
himalayas,1,1,Himalayas | Himalayan | himalayans,likely misspelling / mishearing,roundtable-002,"tan. Tintin, Tibetan. It's a monument in the Himalayas. And the brush enables you to change the col"
hildesheim,1,1,Hildesheim,likely misspelling / mishearing,salon-020,"ght festivals. This is an old, old church in Hildesheim, Germany. They were really worried about the"
hiket,1,1,hiked | hikes | hike,likely misspelling / mishearing,salon-014,"heading towards like the platform I'm using, Hiket Nunk that I think they are, they just two da"
higgins,1,1,Higgins | highs | highness,likely misspelling / mishearing,salon-011,I'm a intermediate artist in the kind of the Higgins tradition and that sort of thing. And that i
higa,1,1,high | giga | hiya,"check: unusual word, term or non-English",presentation-009,olleague of Roy Nicholson at LIU named Yoshi Higa. Who is a photographer primarily. But I reme
hieronymus,1,1,Hieronymus,likely misspelling / mishearing,interview-030,"work was the fact that even though I'd known Hieronymus Bosch's work, and particularly The Garden of"
hier,1,1,her | hire | tier,likely misspelling / mishearing,salon-107,ineellschaft wird wirklich beschrieblich wie hier sehen Sie bis durch Trans immense attempted 
hicketnuke,1,1,,"check: unusual word, term or non-English",salon-027,"he one on the right was actually uploaded on HicketNuke, which is why it's titled NUNK, which I can'"
hicketnonc,1,1,,"check: unusual word, term or non-English",salon-030,"hich are foundation and you know, I did some Hicketnonc and then I posted some on OpenSea. And I hav"
hicket,1,1,ticket | wicket | thicket,likely misspelling / mishearing,salon-034, born out of the inability to do auctions on Hicket Dunk. Yeah. And then when the big exploit ha
hexfiend,1,1,hex fiend | hex-fiend,likely misspelling / mishearing,salon-013,l it was 14 and a half thousand pages I used hexfiend to do that and my printer could only print a
hershberger,1,1,,"check: unusual word, term or non-English",interview-001,"or is an art historian by the name of Andrew Hershberger. And those three people were definitely, you"
herschel,1,1,Herschel | Hershel | hershel,likely misspelling / mishearing,salon-052,". Cynthia D Donato, M.D.: At the smithsonian herschel on museum and sculpture garden Mexican Canad"
here'sery,1,1,,"check: unusual word, term or non-English",salon-098, their concert hall in general.  Now with us here'sery chance and enjoy this eight minute assimilat
herbie,1,1,Herbie | herby | herbier,likely misspelling / mishearing,salon-099, took the effort for it. This is a pastel of Herbie Hancock.
herbert,1,1,Herbert | Hebert,likely misspelling / mishearing,salon-103,d some of my other works It's written by E.  Herbert an art historian Because he talked about tea
henschflager,1,1,,"check: unusual word, term or non-English",interview-029,"a… he's a very well-known media artist, Kurt Henschflager, who does immersive very expressionistic, su"
hemispheriums,1,1,,"check: unusual word, term or non-English",salon-019,"early days when I was working with caves and hemispheriums and stuff there were. You know, I'd go to th"
helmholtz,1,1,Helmholtz,likely misspelling / mishearing,salon-101,"allery I'm showing with and here in Vermont, Helmholtz Fine Art, the woman said, you know, can you "
heilman,1,1,Hellman | Heinemann,likely misspelling / mishearing,interview-029,"ke, this one, I actually painted a fake Mary Heilman painting underneath of it."
hegel's,1,1,Hegel's | heels | heel's,likely misspelling / mishearing,salon-091,"se people with German backgrounds, men.  And Hegel's phenomenology of mind, of when something bec"
heelbie,1,1,Helene,"check: unusual word, term or non-English",salon-103,"th describe, exciting artwork that addresses heelbie themes that são métodos editoriais dist meas"
hedery,1,1,hedgy,"check: unusual word, term or non-English",salon-052,"cs and art, and that's going to be with Jack Hedery. And he just did a he just sold his company "
heckscher,1,1,huckster,"check: unusual word, term or non-English",salon-027," result of that, we are now connected to the Heckscher Museum of Art and the Dove Block Gallery in "
heckmans,1,1,heck mans | heck-mans,likely misspelling / mishearing,salon-046,"thought was really kind, our director, Davin Heckmans, one of my academic partners in the departme"
heavenjo,1,1,heaving,"check: unusual word, term or non-English",salon-103,images or również Deputy graphics created by Heavenjo space educational Zen ó Ray Nar descascados 
heatley,1,1,healthy | Wheatley | hgeatley,"check: unusual word, term or non-English",salon-045,"eally great photographer by the name of Jeff Heatley. And he, let's see."
hbcu,1,1,hbu,likely misspelling / mishearing,interview-005,olleges left in the country one of them is a HBCU back in Georgia called Morehouse and I think
hayden,1,1,Hayden | harden | hay-den,likely misspelling / mishearing,salon-052, does the program NOVA. He's the head of the Hayden Planetarium. And he gave a great essay to ki
haya,1,1,haha | hiya | yaya,"check: unusual word, term or non-English",salon-100,ns and athletes get mad about being RuPaul's haya sod or bold enough to tools are also embeddi
havebes,1,1,havens | haves | have's,"check: unusual word, term or non-English",salon-026,Right our next up we havebes we have going to havearazally we have negeen
havearazally,1,1,,"check: unusual word, term or non-English",salon-026,ight our next up we havebes we have going to havearazally we have negeen and brandon's I believe yes y
havard,1,1,Harvard | hazard,likely misspelling / mishearing,salon-070,re was the abstract illusionist movement and havard was one of the names gallagher is another na
hauser,1,1,Mauser | houser | hauler,likely misspelling / mishearing,salon-024,and this more on listening music so!  I like hauser music so I listen I was listening that and I
hasselblad,1,1,Hasselblad,likely misspelling / mishearing,salon-036,"mming.  And a friend of mine had lent me his Hasselblad camera and I shot her. So, so we're just gon"
hassanoff's,1,1,,"check: unusual word, term or non-English",salon-017,"hat. And then I looked at like D. Ann Stein, Hassanoff's work, and I love her vantage point from comi"
hashanah,1,1,Hashanah | hashanahs,likely misspelling / mishearing,salon-087,th Rubin who cannot join us today happy rosh hashanah cynthia this is eden's water eden waters mic
hasenhoff,1,1,,"check: unusual word, term or non-English",salon-014,etroy Sherry Karver and Deann Stein Hasinoff hasenhoff I think I said that correctly I hope I did t
hartney,1,1,Hartley | hearten | heartens,likely misspelling / mishearing,salon-022,"look at theater. Writer, Larry Lipp, Eleanor Hartney, some early Chinese American avant-garde art"
hartnett,1,1,Hartnett | hearten | heartens,likely misspelling / mishearing,salon-020,"e Capitol invasion. And my friend Nicole and Hartnett, who did these photographs of black objects "
hartman,1,1,Hartman | Harman | Hartmann,likely misspelling / mishearing,salon-063,"ally is very different.  Yes. In fact, David Hartman. He wrote an entire book on a scroll that he"
hartfeld,1,1,Hartford,"check: unusual word, term or non-English",salon-018,"f my all-time favorite artists are like John Hartfeld, who was a political artist during the Weima"
harborview,1,1,harbor view | harbor-view,likely misspelling / mishearing,salon-050,ally just to show the potential. This is the Harborview Hospital ceiling. This artwork was actually 
haraways,1,1,caraways,likely misspelling / mishearing,salon-077,"A lot of that was adapted from reading Donna Haraways work. And here, finally, in 20 first century"
hapus,1,1,haps | hap us | hap-us,likely misspelling / mishearing,salon-008,otherwise because instagram is having little hapus at images so I don't know that's the reason 
hao,1,1,has | had | ha,"check: unusual word, term or non-English",salon-108," Stephen Paray. Steven Ferre is one, and Yue Hao Gao. So it was just wonderful working with t"
hansen,1,1,Hansen | Jansen | Hanson,likely misspelling / mishearing,salon-015,"boration with Sophia from the, what was it?  Hansen Robots. Hansen Robotics? Yes. Hansen Robotic"
hanninger,1,1,hanger,likely misspelling / mishearing,interview-024,"pout from the 60s. And so a lot of my, Tanny Hanninger wrote a great article on it in which he call"
hannah,1,1,Hannah | Hanna | hanna,likely misspelling / mishearing,salon-102,"tallation, I collaborated with epigeneticist Hannah Louie Park on new text prompts for landscape"
handyitas,1,1,handy itas | handy-itas,likely misspelling / mishearing,salon-090,s being able to clean their crowns with such handyitas in front of their dramatic lenses. At least 
handi,1,1,hands | hand | Hindi,likely misspelling / mishearing,salon-024,eed a unity so we have a festival called gai handi where we meet the pyramid to reach the goal 
hancock,1,1,Hancock | haycock,likely misspelling / mishearing,salon-099,he effort for it. This is a pastel of Herbie Hancock.
hampstead,1,1,Hampstead | Hempstead | hempstead,likely misspelling / mishearing,salon-083,"Stevenson and abstract expressionists in the Hampstead in London. Jerry Bywaters, and some of my Am"
hammons,1,1,Hammond | hammond | gammons,likely misspelling / mishearing,salon-018,"arcel Duchamp, African-American artist David Hammons, and on and on. There's plenty. The collabor"
hammamule,1,1,,"check: unusual word, term or non-English",salon-023,"y that I've done it. I've also printed it on Hammamule bamboo. On a panel. That's been coated, spec"
hamden-sydney,1,1,,"check: unusual word, term or non-English",interview-005,What college was it? This is Hamden-Sydney College yeah
halsey,1,1,Halsey | Haley | Halley,likely misspelling / mishearing,interview-030,"ojects at the Hunter Museum of American Art, Halsey Institute of Contemporary Art, Pérez Art Mus"
halloran,1,1,Halloween | halogen | halliard,"check: unusual word, term or non-English",salon-052,"ltural context.  Cynthia D Donato, M.D.: Liz halloran born in Chicago Illinois and grew up in the "
halley's,1,1,Halley's | Haley's | alleys,likely misspelling / mishearing,salon-043,"nd an astronomer who predicted the return of Halley's Comet. In the 19th century, we had Ada Lovel"
halif,1,1,half | Hali | Halie,likely misspelling / mishearing,interview-006,uld argue is that there are people like omar halif you know and kalani nicole who runs transfer
hal,1,1,has | had | Hal,"check: unusual word, term or non-English",salon-018, can we can look at them through movies like hal 9000 and 2001 a space odyssey or then we can
hague,1,1,Hague | vague | ague,likely misspelling / mishearing,interview-021,"e Till Museum, or the General Museum. In the Hague. So in another European trip. I went there t"
haggadah,1,1,Haggadah,likely misspelling / mishearing,salon-063,the left outside animals. If you look at the Haggadah that's in the center. The people are talking
hager,1,1,Hager | hater | eager,likely misspelling / mishearing,salon-109,ck when I started Resident Amiga artist Jack Hager to sit in with them. Are you ready to paint 
haeckel,1,1,Haeckel | hackle,likely misspelling / mishearing,presentation-009,"called De Brucke, the bridge, was founded by Haeckel, Kirchner, and Schmidt-Rotloff and others, a"
hachimi,1,1,,"check: unusual word, term or non-English",salon-106, the Prima material with my collection about Hachimi. And that's the definition. And the story co
haar,1,1,hear | hair | haas,"check: unusual word, term or non-English",roundtable-003,l art. My scientist collaborator is Michelle Haar. She is a PhD candidate at the University of
gwankar,1,1,gawker | gnawer,"check: unusual word, term or non-English",salon-099,"iece is, co-created by David Byrne and Marla Gwankar, and it's based on a series of, like, neuros"
gutai,1,1,gut | gutter | gutty,"check: unusual word, term or non-English",salon-104,"r kinds of technology, too. You think of the Gutai artists in Japan, where they were using… the"
gustav,1,1,Gustavo | gusty | gust,likely misspelling / mishearing,salon-082,"etallics in my work. This is influenced from Gustav Klimt and Friedrich hundert foster A, and it"
gus,1,1,Gus | guys | gas,likely misspelling / mishearing,interview-013,se do if you're ever like crossing through a gus you know I'd be happy to show you around the
gurudev,1,1,grooved,"check: unusual word, term or non-English",salon-008,t is founded by great poet and writer artist gurudev ravinara to go I've received polo kisner upo
gurg,1,1,gurl | guru | burg,"check: unusual word, term or non-English",salon-088,"senting today is Anayas Chaturvedi, and Drew Gurg."
gunther,1,1,Gunther | Gunter | gentler,likely misspelling / mishearing,interview-011,"I studied in Dusseldorf. And. I studied with Gunther Uecker, even though I was really, I wanted t"
gunduz,1,1,,"check: unusual word, term or non-English",salon-020,", pretty fun gallery in Williamsburg by Piro Gunduz. And there's a long, narrow hallway. And I s"
gulliver's,1,1,gulper's,"check: unusual word, term or non-English",salon-026,minds me of the illustrations for books like Gulliver's Travels you know yeah it's
gullermy,1,1,gallery,likely misspelling / mishearing,salon-056," name of the story is, well, you guessed it, Gullermy GalaMe 2.0. Visually, GalaMe 2.0 is a human-"
gullahni,1,1,Gallatin,"check: unusual word, term or non-English",interview-025, the plantations here in the south.  And the Gullahni 2.0 tells my dad's history. And in telling m
gullaheechee,1,1,,"check: unusual word, term or non-English",salon-061, the Carolina Lowcountry in the heart of the Gullaheechee Nation of the South Carolina. Right. And I'm
gulla,1,1,gulls | gully | gull,likely misspelling / mishearing,salon-077,"e country. Rich extends well, basically, the gulla country go goes from Greenville, North Carol"
guideulk,1,1,,"check: unusual word, term or non-English",salon-101,lex movements and primary movements and pose guideulk motion across each scene I create and based 
guganine,1,1,guanine,likely misspelling / mishearing,salon-083," I believe, mid to late 1990s. It was at the Guganine, and so they had a small satellite gallery, "
guerin,1,1,guerrilla,"check: unusual word, term or non-English",salon-103,ll my Mount Jews or gifts that go into their Guerin painted shapes. Like these pictures that are
guattari,1,1,guitar | gutter,"check: unusual word, term or non-English",salon-019, interested in the philosophy of Deleuze and Guattari. And the idea of the or the concept of the b
gu,1,1,goo,"check: unusual word, term or non-English",salon-097, I worked with math experts some use univers Gu Florida University level math Meliek beliefs
gruth,1,1,truth | Ruth | ruth,likely misspelling / mishearing,salon-035,"on in my life I met another guy called Derek Gruth. Derek, he was the founder of New York Exami"
groundedness,1,1,roundedness,likely misspelling / mishearing,salon-037,"act that it... It somehow gives me kind of a groundedness, you know, to things.  And... I think one th"
grossman,1,1,Grossman | gross man | groomsman,likely misspelling / mishearing,salon-098,"nd it's very raw because my sound guy, Peter Grossman, you know, I would get the sounds from the m"
grosko,1,1,gross,"check: unusual word, term or non-English",salon-097,"g. So I said, you know, I used to know Roman Grosko for a long time. And so the thing is he woun"
gromalazzo,1,1,,"check: unusual word, term or non-English",interview-030,"So you see there, I took rocks and soil from Gromalazzo, and so this second piece is called Scrape. "
grogu,1,1,gorge | grog | grogs,"check: unusual word, term or non-English",salon-099,"Spun Art of, Trump. And, some spun art from Grogu. Cute Kitty. In the pandemic, those of us wh"
grims,1,1,grams | grits | grips,likely misspelling / mishearing,salon-082,"t, earliest version. You can find way before Grims if you can do it, and then just walk away an"
grigory,1,1,Gregory,likely misspelling / mishearing,presentation-006,"s would be the home of, I think his name was Grigory, who was a retired factory worker. And this "
griffith's,1,1,Griffith's,likely misspelling / mishearing,salon-052,"ot the Greek government to let me project DW Griffith's film, Birth of a Nation, on the ruins of the"
grenada,1,2,Grenada | Granada | grenade,likely misspelling / mishearing,salon-050,Grenada.
gregsian,1,1,Gregorian | Grecian,likely misspelling / mishearing,salon-039,l patina it's like we know like the greg the gregsian sculptures they a lot of them used to be pai
gregorian,1,1,Gregorian | Gregoria,likely misspelling / mishearing,salon-053,nd that's probably an example of it there in gregorian but the prices are starting to come down the
greensboro,1,1,Greensboro,likely misspelling / mishearing,interview-030,"er was being an artist. And so I went to UNC Greensboro in North Carolina, and then I moved up to Bo"
greenlight,1,1,green light | green-light,likely misspelling / mishearing,salon-011,"opment. And the guy who gave the proposal to Greenlight, his name is Tom Dunn. He was actually, I be"
greenleaf,1,1,green leaf | green-leaf,likely misspelling / mishearing,salon-037,"s, there is some of our jacquard work at the Greenleaf Arts Center currently in Chicago for, for th"
greenbergian,1,1,,"check: unusual word, term or non-English",roundtable-001,"ndaries would vanish. I'm by no means in the Greenbergian camp of, of being hard set on medium purity "
greenberg's,1,1,Greensburg's | green berg's | green-berg's,likely misspelling / mishearing,interview-015,"ecame a member of what was essentially Glenn Greenberg's group of artists. Oh, really? Yeah. And they"
graz,1,1,grab | Graz | gray,"check: unusual word, term or non-English",salon-063,ustria. I'm trying to remember. I think it's Graz looking out of the Modern Art Museum across 
gravett,1,1,gravitate | gravest,"check: unusual word, term or non-English",salon-025,"an idea of past submissions. So this is Paul Gravett. His photograph, it was the best in show las"
graphism,1,1,graphs | grahams,likely misspelling / mishearing,salon-078,"ic, Roland Baths, states that any drawing or graphism or mode of motivated inscription, not bound "
granolazzo,1,1,granolas | granulize,"check: unusual word, term or non-English",interview-030,"e. And so, there is a group of engineers. In Granolazzo, which is this tiny village in the mountains"
gramolazzo,1,1,,"check: unusual word, term or non-English",interview-030,"omething called the Digital Stone Project in Gramolazzo, Italy. And I had been to openings that they"
grametry,1,1,,"check: unusual word, term or non-English",salon-079, takes you into like some of the photo photo grametry sort of work that artists like Carla Gannis 
gradienting,1,1,gardening | gradienring,likely misspelling / mishearing,salon-086,"p of it, which kind of brings in some of the gradienting and some of the work that I don't really fee"
gpt-two,1,1,got-two | get-two | apt-two,likely misspelling / mishearing,interview-028,"ou know, very quickly. After that, you know, GPT-two kind of became a bigger thing. There were a "
gpt-ais,1,1,,"check: unusual word, term or non-English",salon-100,"I guess we should also thank Claude and Chet GPT-AIs for their help in a lot of translation, both"
gozal,1,1,goal | goral,likely misspelling / mishearing,interview-009,"ts of David Hanson, Sophia's creator and Ben Gozal, the AI mastermind behind Sophia and Sophia."
gowerist,1,1,,"check: unusual word, term or non-English",salon-015, with the art than rather than rather than a gowerist being able to you know show it to a collecto
gower,1,1,power | tower | lower,likely misspelling / mishearing,salon-041,"e that you showed yourself with and with the Gower with is that, is that I didn't hear you talk"
goulgain,1,1,,"check: unusual word, term or non-English",presentation-009,"ost-impressionists. People like the old monk Goulgain, who were trying to find a way to visualize "
gouachey,1,1,gouache | gouache's | gouaches,likely misspelling / mishearing,interview-029," sand and do a light white coat with drippy, gouachey shit on it, and."
gottlieb,1,1,Gottlieb,likely misspelling / mishearing,interview-015,story. I actually was on a panel with Robert Gottlieb when he was still alive down there at the Sp
gotham,1,1,Gotham | Gothic | gothic,likely misspelling / mishearing,roundtable-006," life. And of course, they had The Cooning's Gotham News, great Fras Klein, a whole room of… of "
gortona,1,1,Gorton | Groton | gorton,likely misspelling / mishearing,interview-003,s wonderful very rigorous. I also studied in Gortona Italy while I was with Lamar dot School of A
gorski,1,1,gorse | gorskih,"check: unusual word, term or non-English",salon-022,aching me about Wasile Kandinsky and Arshaad Gorski and all these other abstract expressionists.
gormanghast,1,1,,"check: unusual word, term or non-English",salon-078,"a phrase from a novel. And it's the novelist Gormanghast, which is a work that is like a world unto i"
gorlick,1,1,garlic,"check: unusual word, term or non-English",salon-025,se people like at intro michael froggen sean gorlick I decided I need to make money so I indentur
gorky,1,1,Gorky | corky | dorky,likely misspelling / mishearing,salon-019,andinsky.  And Burkhardt studied with Ashley Gorky and was studio partner with him and Mark Tob
gorey,1,1,Corey | grey | gooey,likely misspelling / mishearing,salon-069,"a Krupa, this one reminds me a lot of Edward Gorey. Renata Krupa, It's really uncanny how much "
gopak,1,1,hopak,likely misspelling / mishearing,salon-059,"at had things that they need to say, I think Gopak Kumar, what's next? Yes. I have a, are you, "
goodwin,1,1,Goodwin | Godwin | goodwill,likely misspelling / mishearing,interview-028," and influenced by creative coders like Ross Goodwin, who's become a good friend, and Alison Parr"
goodfollow,1,1,good follow | good-follow | wgoodfollow,likely misspelling / mishearing,salon-103,sarial Networks. They were introduced by Ian Goodfollow and his colleagues in 2014.  And also Transf
goodens,1,1,goodness | gooders | goo dens,likely misspelling / mishearing,salon-016,"nd kind of view, and I think that's a really goodens the feel of the book. So, but I'm not just g"
gontaroff,1,1,,"check: unusual word, term or non-English",interview-008,Gontaroff?
gomez,1,1,Gomez | game | games,likely misspelling / mishearing,salon-055,art next level a mentoring group with Sergio Gomez and at some point in the last year he starte
golopher,1,1,golfer,"check: unusual word, term or non-English",salon-021,"a Siberia. We had a big show in Siberia, Sue Golopher and I. And I was like, yeah, this also place"
golis,1,1,goals | golds | goalies,likely misspelling / mishearing,salon-101,"t exhibition happened in the World Heritage, Golis, on complex. So I come or you come internati"
golifer,1,1,golfer | go lifer | go-lifer,likely misspelling / mishearing,salon-064,"ing to put a link here in the chat. With Sue Golifer, I am moderating a session through SIGGRAPH."
golgi,1,1,Golgi | geology,likely misspelling / mishearing,salon-083,"l, South Carolina. Which is the heart of the Golgi nation. I am going to share with you today a"
goldsworthy,1,1,Goldsworthy,likely misspelling / mishearing,salon-075,But thinking I can do something like an Andy Goldsworthy kind of thing. And just playing with the lea
goldstown,1,1,,"check: unusual word, term or non-English",salon-028,act paintings. Another machine from Bodie in Goldstown. Old gold rush town that was abandoned out i
goldman,1,1,Goldman | Goodman | gold-man,likely misspelling / mishearing,salon-065,that is the most ludicrous thing. And the ex Goldman Sachs CEO just was on the news lately. And h
goldil,1,1,golden | gold | Goldie,"check: unusual word, term or non-English",salon-018,the Renaissance. There's a great book called Goldil Escher Bach.  Douglas Hofstetter. It's a gre
goldflesh,1,1,goldfish | gold flesh | gold-flesh,likely misspelling / mishearing,salon-027,act art styles are there and so that's where Goldflesh came from and Yoru soon thereafter also deve
goldbarth,1,1,,"check: unusual word, term or non-English",salon-008,"ut of here. I'm going to go meet with Albert Goldbarth, the poet. For all you poets out there who m"
gojo,1,1,jojo | dojo | goo,"check: unusual word, term or non-English",salon-086,"at? Hey, that's mine. Look who it is. That's Gojo? Yes. Awesome. I'll send it to you. Or I'll "
goh,1,1,got | oh | go,"check: unusual word, term or non-English",salon-099,"ucy's by Ankashiman and Ada Loveless by Joan Goh. And then, like, a really big success, in my"
goethe's,1,1,Goethe's | goeth's,likely misspelling / mishearing,presentation-007,f Caspar Friedrich who was a great friend of Goethe’s and this is his famous piece The Wanderer Ac
godman,1,1,Goldman | Rodman | Gorman,likely misspelling / mishearing,salon-072,let me share some notes from work with Aleya Godman and synthetics responsecleaning about commun
godel,1,1,model | Gödel | goddess,likely misspelling / mishearing,salon-018," to start. There's also Douglas Hofstadter's Godel, Escher, Bach are two really good ones. Gode"
goba,1,1,boba | soba | gobs,"check: unusual word, term or non-English",salon-088,lso co-founder of the Indian node along with Goba Kumar. So I'm good.  Oh.
goa,1,2,got | go | goo,"check: unusual word, term or non-English",salon-097," work exhibited on a big wall in a museum in Goa, which is big scale. But what was truly beau"
glv,1,1,glove | clv | dlv,"check: unusual word, term or non-English",salon-088," you did, you can export it as a Obj file or Glv."
globalworked,1,1,global worked | global-worked,likely misspelling / mishearing,presentation-005,to express emotional experience. And we're a globalworked community of artists working with technology
glitchiness,1,1,glitches,likely misspelling / mishearing,salon-015," people have been sort of noticing that same glitchiness that I kind of love here. So yeah, it kind o"
glitche,1,1,glitch | glitches | glitchy,likely misspelling / mishearing,salon-093,"t types of software, Keynote Glitch, Effect, Glitche, and I move them in and out of them. So it m"
gliddling,1,1,gliding | griddling,likely misspelling / mishearing,salon-049,ness or sharing icons or sharing presup IDEM gliddling because we are sort of far flung from one an
glick,1,1,click | slick | flick,likely misspelling / mishearing,interview-004,"ou... Brian Lins. I'm throwing in some Brian Glick on the student list. And as I said, we're go"
gleich,1,1,glitch,likely misspelling / mishearing,salon-098, million cheap flowers as well as 60 million gleich combined allowances was believed in staff ar
glds,1,1,golds | olds | gads,likely misspelling / mishearing,interview-027,", I would say. That. I then turned them into glds some of the gifs.  So it's kind of gone in a"
gj,1,1,,"check: unusual word, term or non-English",salon-085,"o my husband. He described me as an artistic Gj. So, combining layers of things to create a "
giuseppe,1,1,Giuseppe | guises | guise,likely misspelling / mishearing,interview-020,the Bauhaus and some Keeper and the music of Giuseppe Verdi. Interesting combination of things whi
giuliano,1,1,Giuliano | Giuliani | Gillian,likely misspelling / mishearing,salon-109," the chat.  All right. So moving on, we have Giuliano. So if you'd like to share and just introduc"
giuliani,1,1,Giuliani | Gillian | Giuliano,likely misspelling / mishearing,salon-084,"to end with oh, there are a few more. Here's Giuliani. Oh, I've been doing these drawings lately a"
girasi,1,1,giros,"check: unusual word, term or non-English",salon-102," others. Her residencies include Leonardo at Girasi, LMCC, New Ink, and the studio at Mass Mocha"
giram,1,1,garam | Hiram | grim,likely misspelling / mishearing,salon-085," Rusavi. I'm based in Iran. I'm zooming from Giram Province in the north of Iran, and I'm going"
ginsburg,1,1,Ginsburg | Ginsberg | gins burg,likely misspelling / mishearing,salon-020,pton on a windmill the night that Ruth Bader Ginsburg died. I put together a projection series to 
ginsberg,1,1,Ginsberg | Ginsburg | gins berg,likely misspelling / mishearing,interview-028,"d poets like Walt Whitman as well, and Allen Ginsberg, and you know a lot of writers who, I think,"
gillis,1,1,Willis | Gilles | gill-is,likely misspelling / mishearing,salon-042,Great. Brandon Gillis is right beneath Davos Peace. And it's title
gillian,1,1,Gillian | Lillian | Jillian,likely misspelling / mishearing,salon-099, formed a… Theater group called Ricky Lysand Gillian Brothers Band. And reperformed. So that I co
gillessey,1,1,guileless | guilelessly,"check: unusual word, term or non-English",salon-079, with. This is something I lifted from Peter Gillessey in his book and art Exhibition called before
gillespie's,1,1,glimpse's | gillrspie's,"check: unusual word, term or non-English",salon-079,hort Excerptive you'll bear with me of Peter Gillespie's description of these 2 pictures. Both pictur
gillespie,1,1,Gillespie | glimpse,likely misspelling / mishearing,salon-104,"at he was, you know, dancing around to Dizzy Gillespie or whatever, but he did not. He listened to "
gilles,1,1,Gilles | Giles | gills,likely misspelling / mishearing,interview-016,"rk, but mostly I have to admit Paul Virilio, Gilles Deleuze, and of course, Felix Vartari, who w"
gilbert,1,1,Gilbert | Gilberto | filbert,likely misspelling / mishearing,salon-105,"wing up, what was….  Anytime.  I went to the Gilbert Hall of Science, in… And to experience remot"
gilan,1,1,Milan | Gillian | Gilman,likely misspelling / mishearing,salon-101," everyone. I'm Sahar. I'm zooming from Iran, Gilan province. And I changed my mind. I'm going t"
giger,1,1,tiger | ginger | Geiger,likely misspelling / mishearing,salon-107, St. Petersburg. So I'll create something in Giger style with my machines. I think it's fun. An
gicle,1,1,girl | Gill | gill,"check: unusual word, term or non-English",salon-066,"frames. They can have this really high class gicle.  And I was like, and I, and again, me havin"
giacometti,1,1,Giacometti,likely misspelling / mishearing,roundtable-001," Beckmann and Paul Klee to Francis Bacon and Giacometti in here. So very, very different approaches."
gharakhani,1,1,,"check: unusual word, term or non-English",salon-046,Asra Gharakhani.
geyson,1,1,Greyson | geyser,likely misspelling / mishearing,salon-078,"f collage works. William Burroughs and Brian geyson working with this idea of the cut up, and I "
gewdy,1,1,gaudy,"check: unusual word, term or non-English",salon-090, us how small these realistic shoots were of gewdy highway przy indulgent snake Disneyantes can
gesenka's,1,1,,"check: unusual word, term or non-English",salon-101,"cey Ant and Vince Fraser, Laser Gun Factory, Gesenka's Funhouse, and Carrie Ann Shimsham, besides m"
gesamtkunstwerk,1,1,,"check: unusual word, term or non-English",salon-087,"ts.  Loop Art Critique merges the concept of Gesamtkunstwerk, a total work of art with contemporary digit"
gert,1,1,get | Greta | Bert,likely misspelling / mishearing,salon-032,"in random sequence, like the color charts of Gert Richter. And this was an MRI of a kiwi. And "
gerstmann,1,1,,"check: unusual word, term or non-English",salon-050,"s Senate to design a chair for Rafi Friedman Gerstmann, who was the first transgender, openly trans"
gericault,1,1,,"check: unusual word, term or non-English",salon-043," I was in particular thinking of the work of Gericault, the French 19th century painter who, his be"
gerbark,1,1,Gerber,"check: unusual word, term or non-English",salon-091,. Digital Visions.  There's a piece by Darcy Gerbark. This tile piece. This further affirmation t
gerald,1,1,Gerald | Gerard | Geraldo,likely misspelling / mishearing,salon-109,"gs is just kind of a switch. But I relate to Gerald Richter a lot.  Like, you know, use your tal"
ger,1,1,get | her | gee,"check: unusual word, term or non-English",interview-004,"ta comes from a German Gram from LP entitled Ger, Sacker, Orden. And over here is now John Ca"
georgetown,1,1,Georgetown,likely misspelling / mishearing,salon-102,", Technology, and International Affairs from Georgetown University. She is an Assistant Professor of"
geoglyphs,1,1,,"check: unusual word, term or non-English",salon-042,"ng and glyphs represents my fascination with geoglyphs, petroglyphs, seagulls and the acknowledgeme"
geoengineering,1,1,,"check: unusual word, term or non-English",salon-041,"e's this amazing book called Geotherapy, not geoengineering, but geotherapy. And the stats are amazing. "
gentileschi,1,1,gentiles chi | gentiles-chi,likely misspelling / mishearing,interview-030,"d, like, Judith Leister, you know, Artemisia Gentileschi, but it was just, you know, I could count th"
gensh,1,1,genes | gens | genus,likely misspelling / mishearing,salon-108,"at we had done for Techspressionism.  In our Gensh, which… we had cleaned up a lot of the style"
generis,1,1,generic | genesis | generous,likely misspelling / mishearing,salon-104,"upposed to… everything is supposed to be sui generis and not rely on any outside,"
gench,1,1,bench | tench | wench,likely misspelling / mishearing,salon-096,tion that's taking place this fall in. We're Gench in a museum that has been organized by Cynth
gemma,1,1,Gemma | Emma | gamma,likely misspelling / mishearing,salon-099,"everyone, my name's Clara Francesca, and I'm Gemma Chatima Tova for those practicing today. I'm"
gellman,1,1,Glenn | Gillian | bellman,"check: unusual word, term or non-English",salon-095,"acher from the School of Visual Arts, Rachel Gellman, going back to the 80s. Anyway, I did want t"
geison,1,1,gesso | grison,"check: unusual word, term or non-English",interview-028," what William Burroughs was doing with Brian Geison, for example, cutting up pages of poetry and"
gehring,1,1,gearing | Behring | Gehrig,likely misspelling / mishearing,interview-003," like that, I was already showing with Sandy Gehring gallery and, you know, doing some beautiful "
geclay,1,1,,"check: unusual word, term or non-English",salon-008,t taking paintings and then making a digital geclay print of them which is where sort of that ge
gebhardt's,1,1,Mgebhardt's,likely misspelling / mishearing,salon-086,"e had that I didn't show is we do have Darcy Gebhardt's work here, which is a, I'm sorry, it's an au"
ge,1,1,he | be | gee,"check: unusual word, term or non-English",salon-037,"l. I studied music. But by the time I got to GE, I had to teach. I did take some statistics "
gdp,1,1,gap | gip,"check: unusual word, term or non-English",interview-016,"what economists call gross domestic product, GDP, growth. You know, all of these things are a"
gbi,1,1,gib | Gobi | gfi,"check: unusual word, term or non-English",salon-082," my brilliant cousin was able to get all the Gbi recordings and everything of that night, you"
gatti,1,1,Patti | gate | Matti,likely misspelling / mishearing,salon-057,"yeah. Who's your mom? Elizabeth Aiken, Santa Gatti. Oh, I know all the Akens. Yeah. So I just w"
gatekeep,1,1,gatekeeper | gate keep | gate-keep,likely misspelling / mishearing,salon-029,It's a little hard to gatekeep when you make a place that has no gate. Exac
gastroquill,1,1,,"check: unusual word, term or non-English",salon-055, stills belong to a collection called Indigo Gastroquill. This is a still. This is a still from one o
gariborg,1,1,garbing,"check: unusual word, term or non-English",salon-010,rint it there but it's my name it's Darcy at gariborg.com so if you want to come visit me email me
gardner,1,1,Gardner | garner | gardener,likely misspelling / mishearing,presentation-001,s were influenced by this photo by Alexander Gardner from 1863 showing a man who kept our country
garber,1,1,garner | barber | garter,likely misspelling / mishearing,salon-099,"e human rights, featuring celebs like Victor Garber here. This was played over 12 weeks, and it "
garabatospr,1,1,,"check: unusual word, term or non-English",salon-097,"y name is Elio Ramos-Colón, and my handle is GarabatosPR on Instagram and Twitter also. So, I'm going"
gao,1,1,gas | gap | gal,"check: unusual word, term or non-English",salon-108,"phen Paray. Steven Ferre is one, and Yue Hao Gao. So it was just wonderful working with them,"
gann's,1,1,gains | Ann's | gangs,"check: unusual word, term or non-English",interview-030,"You see early training. This is working with Gann's model, so that kind of technology that I bri"
ganas's,1,1,gang's | gannet's | Gantt's,"check: unusual word, term or non-English",salon-086,ront. And a front table with... That's Carla Ganas's work on it. And a number of books and candy 
gamwell,1,1,gamble | gam well | gam-well,"check: unusual word, term or non-English",salon-058, traveling museum exhibition curated by Lynn Gamwell. And this was our contribution. There's a bo
gammatime,1,1,gamma time | gamma-time,likely misspelling / mishearing,salon-105,"he, together. And then, and now, gamma time. GammaTime is called GammaTime, this is very important,"
gamebook,1,1,gamecock | game book | gambol,"check: unusual word, term or non-English",interview-019,"Mitra, So here again, it is actually missing gamebook, but if I show the next slide you'll underst"
gamboa,1,1,Gambia | gamba | gambol,likely misspelling / mishearing,salon-097,"ntemporary artists and creative coder Manuel Gamboa now, which is actually... The first work tha"
galtea,1,1,gilt | Galatea | galea,"check: unusual word, term or non-English",salon-018, so many times AI mixes with narcissus flash galtea do you think that AI is a way we hold a mirr
galleriste,1,1,gallerists,likely misspelling / mishearing,salon-037,lothing. And this is made by a company in Le Galleriste in Montreal.
gallaud,1,1,galled | galleried | gal laud,"check: unusual word, term or non-English",salon-042,"ess, and Color in Painting Therapy by Leanne Gallaud de Hurbois. The book gives very detailed wri"
gallagher,1,1,Gallagher,likely misspelling / mishearing,salon-070,ist movement and havard was one of the names gallagher is another name and these people were creati
galesse,1,1,Gaels | gales,"check: unusual word, term or non-English",salon-079,"0, very rigorous, and then maybe later. Here Galesse points out in the 16 hundreds. This is Emman"
galentine,1,1,valentine | galantine,likely misspelling / mishearing,salon-105,"topped since. And, and now, we're working on Galentine and Arbor's expert, the XR space, participan"
galapagos,1,1,Galapagos,likely misspelling / mishearing,salon-027,it was a surprise to me to find out that the Galapagos organization wanted my work for their annual
gainsborough,1,1,Gainsborough | gains borough | gains-borough,likely misspelling / mishearing,salon-015,ou know I had I had some relatives who had a gainsborough up on the wall in that sort of thing so I me
gainesville,1,1,Gainesville,likely misspelling / mishearing,salon-087,ay from it.  That's it. Electronic volts Yay Gainesville Center 4040 Damien Beautiful thank you where
gain-marie,1,1,bain-marie | gain-mare | gain-marine,likely misspelling / mishearing,salon-087, this is Short Circuit. It's a piece by Bena Gain-Marie. And Bena has been with us since the very be
gaimans,1,1,caimans | caiman's | gasman's,likely misspelling / mishearing,salon-078,erlap absolutely. They overlap. This is Neil Gaimans and David Mckeon's the day I swapped my dad 
gai,1,1,gas | tai | gal,"check: unusual word, term or non-English",salon-024,ou need a unity so we have a festival called gai handi where we meet the pyramid to reach the
gaddafi,1,1,Gaddafi | Qaddafi,likely misspelling / mishearing,salon-058,"bited Saatchi Gallery London, Great Britain, Gaddafi, France, ReArt Ukraine, Museum of Modern Art"
gabo,1,1,gabs | Cabo | gab,"check: unusual word, term or non-English",salon-066,"chnologies to create. Also, hello, Nina. Hi, Gabo. How's it going? Okay, okay. The dog is comi"
gabarg,1,1,gabbing | gabber | gabbers,"check: unusual word, term or non-English",salon-094,til we get to some people showing up.  Darcy Gabarg has a beautiful augmented reality sculpture 
fy,1,1,Fe,"check: unusual word, term or non-English",salon-049,y running around the entire school screaming FY to everybody else. Right. It so I mean it wa
futuresmut,1,1,,"check: unusual word, term or non-English",salon-094,our designs so constantly all of us went bad futuresmut Jacquelyn and forth between each other. Some
futureoflife,1,1,,"check: unusual word, term or non-English",salon-051,lled the future of life and their website is futureoflife.org and they work with the government and wi
futur,1,1,future,likely misspelling / mishearing,salon-106,"reating a game, a video game. The name is Au Futur des Ancestros, in which you will have the di"
furley,1,1,Hurley | Farley | Curley,likely misspelling / mishearing,salon-042,"believe, in the Zoom. He also goes by Demian Furley, I believe. And what he says about this piec"
funde,1,1,funds | funded | fund,likely misspelling / mishearing,salon-101, and equity and www things like that. They'd funde them when they saw how beautiful these hopes
fulfils,1,1,fulfill | fulfills,likely misspelling / mishearing,salon-054, openness. And I think expressionism already fulfils an important function if there are artists a
fujin,1,1,Fuji | fuji | fujian,likely misspelling / mishearing,salon-105,"ith tools that are arguably pretty sterile.  Fujin. Do you actively… Those digital tools, or do"
fts,1,1,its | fits | vets,"check: unusual word, term or non-English",salon-010,"e. What else. This one, have you got into an FTS at all because I know it's like you know wor"
frybird,1,1,freeboard | fry bird | fry-bird,"check: unusual word, term or non-English",salon-019,"lack ring, rubber ring thing that I found in Frybird, I've used it many, many times. I love that "
frontosa,1,1,fronts,likely misspelling / mishearing,salon-023,"y husband's fish tank. He has a fish tank of Frontosa cichlids. And again, it was a slow shutter s"
frontlining,1,1,front lining | front-lining,likely misspelling / mishearing,salon-016," liked that idea.  And I think that's really frontlining, you know, the work, you know, and all the o"
fromyoutube,1,1,,"check: unusual word, term or non-English",salon-087,"ly hand off to kids at school that she knows fromYouTube Anyway, it's pretty open-ended right now, bu"
fromitution,1,1,,"check: unusual word, term or non-English",salon-101, well known as Gwangju Al reminds me of went fromitution for coffee not coffee. But GMA has always be
froggen,1,1,frogger | frogged | forgone,likely misspelling / mishearing,salon-025, studying those people like at intro michael froggen sean gorlick I decided I need to make money 
fritzov,1,1,Fritz,likely misspelling / mishearing,salon-020,cept that I got from reading in the late 70s fritzov copras the Tao of physics some of you may kn
friscole,1,1,,"check: unusual word, term or non-English",salon-087," choose further deep sleep. The!  Thank you, Friscole! It's so nice to meet you and see you in per"
friedman,1,1,Friedman | freedman | freedmen,likely misspelling / mishearing,salon-050,"ted States Senate to design a chair for Rafi Friedman Gerstmann, who was the first transgender, op"
frick,1,1,Rick | trick | brick,likely misspelling / mishearing,interview-030," had an assistant who was a retiree from the Frick Library, so it was… it was amazing, and a lo"
freestand,1,1,free stand | free-stand | freestone,likely misspelling / mishearing,salon-073,"g to do is on this side wall here, there's a freestand. And it's a kind of a standing wall that rig"
freehouse,1,1,treehouse | free house | firehouse,likely misspelling / mishearing,salon-109,ould seem far far away from beautiful Amazon freehouse until ever since learn those loud antes pal 
frederick's,1,1,Frederick's | fredrick's | fredericka's,likely misspelling / mishearing,salon-008,of a video I made that I like. I just pasted Frederick's Instagram into the chat window. If any of yo
frederica,1,1,Frederica | Frederick | Frederic,likely misspelling / mishearing,salon-020,"ey would intersect that scaffold. So here in Frederica Taylor Gallery, I don't know if any of you g"
fred,1,1,Fred | free | feed,likely misspelling / mishearing,salon-107," I was wondering if each of you guys, Bo and Fred, if you could respond, could, you know, spea"
fras,1,1,frat | eras | bras,"check: unusual word, term or non-English",roundtable-006,"e, they had The Cooning's Gotham News, great Fras Klein, a whole room of… of Clifford Still, a"
frankel,1,1,Frankel | franked | franker,likely misspelling / mishearing,salon-096,ving Image. 3rd Rail art Recess and the Jean Frankel Theatre. She is a member of Krama collective
francine's,1,1,Francine's,likely misspelling / mishearing,salon-086,"ery much with Moritz and Cynthia, I'm sorry, Francine's work and Lee's work there.  So then we got h"
fractally,1,1,fractal | fractals,likely misspelling / mishearing,salon-035,like pushpin shapes that are scattered about fractally so that you get some interesting light and d
fournier,1,1,Fournier | Fourier | fernier,likely misspelling / mishearing,salon-106, piece I did with Olivier Aubert and Thierry Fournier. And it was for a museum. It was a kind of d
fourier,1,1,Fourier | courier | Fournier,likely misspelling / mishearing,salon-011,n't see it. So I use an algorithm called the Fourier Transform that can actually take apart a sou
forths,1,1,forth | worths | fortis,likely misspelling / mishearing,salon-008,"mum. So, you know, there were a few back and forths with Patrick and I were like, I gave my resp"
foresteham,1,1,,"check: unusual word, term or non-English",salon-093,yler Kaplan works at Ford Photography groups foresteham einenhearted PA second that Colin mentioned 
forer,1,1,former | fore | forex,likely misspelling / mishearing,salon-104,presentable before you can go to a gallery.  Forer collectors will be interested in it. There w
fordasa,1,1,Fords | fords,likely misspelling / mishearing,salon-098,identify things so if we happen to put twoég Fordasa input fits by the location of hands and feet
fondicherry,1,1,,"check: unusual word, term or non-English",salon-023,"is is my project. It's called the Artists at Fondicherry, India. So, we thought of, okay, let's come "
fon's,1,1,tons | don's | cons,"check: unusual word, term or non-English",salon-107," that. And again, I forgot that to even read Fon's text. I guess I'm just like losing my readin"
fon,1,1,for | on | fun,"check: unusual word, term or non-English",salon-107,"hat's all I got at this point.  Awesome. So, Fon, what do you think? Yeah, so, I guess I've a"
fofa,1,1,sofa | offa | fora,"check: unusual word, term or non-English",salon-102," Monica Art Center in Barcelona, the Gallery FOFA in Montreal, and the Nobel Prize Museum at, "
flynn,1,1,Flynn | Lynn | fly,likely misspelling / mishearing,interview-026,"ction.  We're now collaborating with Garrett Flynn of USC's Media Arts, Games, and Health Depar"
fluxist,1,1,flutist,likely misspelling / mishearing,salon-022,"rutalist emigrate artist, feminist artist, a fluxist artist. Oh, yeah. So we saw... The when we w"
florenze,1,1,Florence | florins,likely misspelling / mishearing,interview-030,"ng I went to was in 2015, in… I think it was Florenze, in Florence. And so… and, oh, this is just "
florentine,1,1,Florentine | Florentino | florentines,likely misspelling / mishearing,roundtable-005,", and feminism. She combines influences from Florentine Renaissance, art, surrealism, and a variety "
flipside,1,1,flipped | flip side | flip-side,"check: unusual word, term or non-English",salon-039,Just Zelensky being able to. And the flipside of that is the obsolescence of privacy and s
flippin,1,1,flipping | flip pin | flip-pin,likely misspelling / mishearing,salon-099,"ake it so seriously. I may come off a little flippin' light, but what I'm dealing with is a real "
flexis,1,1,Alexis | flexes | flexi,likely misspelling / mishearing,salon-078,"e serial lists, and then later times, we saw Flexis.  Working in this area with playful kind of "
fleurs,1,1,Fleury | fliers | flours,likely misspelling / mishearing,salon-050," blow up the work. And the series was called Fleurs Fusillades, which in English is floral bombs"
fleando,1,1,,"check: unusual word, term or non-English",salon-090,uy Ferrer studio in digo Imperium C nah wave fleando Bay Baybrook nit wa Ken Watkins theater TV s
flavour,1,1,flavor,likely misspelling / mishearing,salon-045,spressionists.  The theme of our show is The Flavour of Maple. You can interpret that any way you
flav,1,1,flat | fav | flag,"check: unusual word, term or non-English",salon-106,t November.  We did a prayer in front of the Flav Mono to the fire divinity. And the exhibitio
flashbible,1,1,flashbulb | flash bible | flash-bible,"check: unusual word, term or non-English",salon-050,thing came crashing down was this ridiculous flashbible CD-ROM. You'd put into your computer and it 
flashart,1,1,flashers | flasher | flash art,"check: unusual word, term or non-English",salon-016,"ing is that it was her son, but he wrote for FlashArt. He was a fairly prominent curator. And so t"
flannerism,1,1,,"check: unusual word, term or non-English",salon-059," gonna go back to a lot of my work in the 3d flannerism, like, you know, like she and I have done so"
fiu's,1,1,fits | figs | firs,"check: unusual word, term or non-English",salon-092, She has recently participated in a panel at Fiu's Radcliffe incubator space titled before and 
fitzgerald,1,1,Fitzgerald,likely misspelling / mishearing,salon-057,"e work not too long prior to that for Cantor Fitzgerald, who was like up on the top floor and just s"
fishbox,1,1,fishbone | fish box | fish-box,likely misspelling / mishearing,salon-032,"de from Sofia Santos. And from Steve Miller, Fishbox. Or did you know that an egg has this? Fears"
fischel,1,1,Fischer | fistula,likely misspelling / mishearing,salon-052,"e doing some stuff with the church with Eric Fischel in a bit.  But love you guys. And seriously,"
first-gen,1,1,first-get | first-ten | first-gun,likely misspelling / mishearing,presentation-009,"and the first and the only of the first, the first-gen of the wild beasts who followed them, notabl"
firma,1,1,firms | firm | forma,likely misspelling / mishearing,salon-015,ls all the time but I tend to bring in terra firma as well things that you can touch initially 
firkan,1,1,firkin | firman,likely misspelling / mishearing,salon-059,Family Investment in Financial Investment in firkan Projekt APPLAUSE Musicians are unionized. Ma
firefox,1,2,Firefox | firebox | fire fox,likely misspelling / mishearing,salon-013,"en. And then I'm going to go to the desktop. Firefox. Now remember when you share, you had to cli"
fior,1,1,for | Dior | fir,likely misspelling / mishearing,salon-072,. So. Is based on a character named La Casta Fior. She's a. An opera singer. Diva. And here sh
finn,1,1,find | Finn | fine,"check: unusual word, term or non-English",presentation-003,raphic Institution and I'm also working with Finn Wimbley who is a research and technical advi
finley,1,1,finally | Finley | finely,"check: unusual word, term or non-English",salon-082,"o harm Garrett.  But precinct. Commander Ben Finley, claiming Garrett, pointed a shotgun at him,"
finland,1,1,Finland | Vinland | inland,likely misspelling / mishearing,salon-090,"it was text-based. And in that, I did one in Finland that was the story of the Kalevala. And ever"
financialization,1,1,,"check: unusual word, term or non-English",salon-087,ation of artificial intelligence systems and financialization of digital assets. But it is not just limite
filmora,1,1,filmier,"check: unusual word, term or non-English",presentation-008, I use all free tools except for Wondershare Filmora which I use for video editing. And once in a
fiji,1,1,Fiji | fuji,likely misspelling / mishearing,salon-041,"bleaching. I spent three incredible weeks in Fiji in the 90s, snorkeling and diving, incredibl"
figueres,1,1,figures | figure's,likely misspelling / mishearing,interview-021,dali's hometown in caddequez no I'm sorry in figueres this is hometown but he at the time he lived
figigal,1,1,Figgie | figural,"check: unusual word, term or non-English",salon-070," think is really interesting. Let me get the FIGIGAL. FIGIGAL? FIGIGAL, yeah. I don't know if we "
fifa,1,1,Fifa | fife | fina,likely misspelling / mishearing,salon-100,"And thank you very much and welcome again to FIFA, Pakistan. And I like, art everyone from you"
fidgetle,1,1,fidget | fidgets | fidgety,likely misspelling / mishearing,salon-098,"ial enterprises per column. I didn't realize Fidgetle had been around this long, but if it's about"
festivizing,1,1,,"check: unusual word, term or non-English",salon-049,ut if we could bring together something more Festivizing than just having people fall apart or possib
ferzes,1,1,ferries | fezes | fezzes,"check: unusual word, term or non-English",salon-102,"te. Krin.  Manchillo. A vous, qui remittance Ferzes. Uchmandata. La minim shayna.  So as you can"
feruza,1,1,Ferris | ferrous | ferula,"check: unusual word, term or non-English",salon-100,"It's really amazing.  Yeah. For the catalog, Feruza did a lot of the translating. She just volun"
ferruzza's,1,1,Ferris's,"check: unusual word, term or non-English",salon-100,"of our guests who came with Ferruzza, I know Ferruzza's last name, but I can't remember it. She's a "
ferruzza,1,1,Ferris | ferrous,"check: unusual word, term or non-English",salon-100,"n. Here are some of our guests who came with Ferruzza, I know Ferruzza's last name, but I can't re"
ferroni,1,1,Ferrari | Ferro | fern,"check: unusual word, term or non-English",salon-009, think that's it. It's like a big non-the en Ferroni. It's not like a big car. It's not like a bi
ferrer,1,1,Ferrer | Ferrari | ferret,likely misspelling / mishearing,salon-090,corded via Sony Quando Van Halen near CR��uy Ferrer studio in digo Imperium C nah wave fleando B
ferre,1,1,Ferro | ferry | ferret,likely misspelling / mishearing,salon-108,"ve two composers. Yes, Stephen Paray. Steven Ferre is one, and Yue Hao Gao. So it was just wond"
ferrariolo,1,1,,"check: unusual word, term or non-English",salon-104,"niversity of London. Our third guest, Angela Ferrariolo, is a systems artist focused on open-endedne"
feralphile,1,1,,"check: unusual word, term or non-English",interview-030,"rst, but one of my earliest NFTs that was in Feralphile."
ferality,1,1,fertility | fertile | ferocity,likely misspelling / mishearing,salon-046,e notion of wild or wilding or the notion of ferality you know in media you know what is what is m
femini,1,1,gemini | Gemini,likely misspelling / mishearing,salon-105,p of each 9 video. And those are quotes from Femini scholars. You don't know what you're gonna g
femia,1,1,femur | fem. | femora,"check: unusual word, term or non-English",salon-064,di.  And the name of the place is La Sagrada Femia. And here I'm zooming in a little bit. When 
felice's,1,1,Felicia's | Felipe's | felines,likely misspelling / mishearing,salon-086,"igital analog exploration. We have Andrea De Felice's work here, which is a breathing pump that pu"
felice,1,1,Felicia | Felipe | feline,"check: unusual word, term or non-English",salon-086,dion pumps air into it.  So that's Andrea de Felice. We have a big wall here that was the site o
felden,1,1,Elden | feline | felled,likely misspelling / mishearing,salon-015, like film in this case wool sexy for Morden Felden has called that because it's filled with six
feifelt,1,1,,"check: unusual word, term or non-English",salon-057, for sharing that and remembrances to george feifelt who passed on a couple weeks ago who ran bos
feiderman,1,1,,"check: unusual word, term or non-English",salon-020,piece about reflection that I did at Shirley Feiderman that I had great aspirations for this piece.
fei,1,1,few | Wei | fee,"check: unusual word, term or non-English",salon-055,"ere was a point where the Chinese artist Cao Fei did a, did her interpretation of, of. Beijin"
feeded,1,1,needed | feeder | seeded,likely misspelling / mishearing,salon-030,ffect.  And then the actual imagery that was feeded is a generative imagery to which look comple
fedini,1,1,feeding | fed ini | fed-ini,"check: unusual word, term or non-English",salon-108,"composer who I mentioned already, Alessandro Fedini. He used to be a jazz player for 15 years in"
fedexed,1,1,,"check: unusual word, term or non-English",salon-042," had it printed in London, England, and they FedExed it to me, whereupon I signed it and then shi"
fdr,1,1,for | far | fir,"check: unusual word, term or non-English",salon-039,ng I wanted to say is you know churchill and fdr got on the radio and they were communicating
fbi,1,1,bf | fyi | fib,"check: unusual word, term or non-English",salon-012,omebody that claimed they were like with the FBI. Although I think it was actually one of my 
faulkner,1,1,Faulkner | falconer,likely misspelling / mishearing,salon-109,"It's like,, I think it was, who said it? Oh, Faulkner. He said, just because it's the past doesn't"
fath,1,1,fat | math | bath,likely misspelling / mishearing,interview-012, and a little bit with Mel Bauchner and Judy Fath. But I'd say... I'd say that Elizabeth and A
fastly,1,1,lastly | vastly | factly,likely misspelling / mishearing,salon-095,"ecause, you know, like, I use my brain super fastly, like, trying to understand, like, a convers"
farnisdor,1,1,,"check: unusual word, term or non-English",salon-046,"hink last one of the other pieces we have is Farnisdor Gar, who I don't know, is it... Being that a"
farmville,1,1,FarmVille,likely misspelling / mishearing,salon-057,"hat.  It's like a nightmarish Mario Bros and Farmville kind of. Yeah, yeah. Yeah. Because I first s"
farah,1,1,Sarah | Farrah | Tarah,likely misspelling / mishearing,salon-012,ow a few of these. So... That's before Amina Farah. So... Okay. So I'm fast forwarding again. A
fanual,1,1,manual | fauna | faunas,likely misspelling / mishearing,salon-077,his was for a proposal for a reebok store at Fanual Hall in Boston.  This is a model in the actu
falkner,1,1,Faulkner | falconer,likely misspelling / mishearing,interview-015,"fluence is in terms of artists, Rapalek, and Falkner. And Frankenthaler and Olinsky and Koons. An"
falag,1,1,flag,likely misspelling / mishearing,salon-065,"ch is what this was called. The green of the Falag, which represents the bountiful land that's "
fakeness,1,1,fakes | fakers | fake's,"check: unusual word, term or non-English",interview-029,"here we did our thing, which was called Real Fakeness.  And we made… A manifesto! Oh, you did one "
fahrenheit,1,1,Fahrenheit,likely misspelling / mishearing,salon-053,"o me when we think about the introduction to Fahrenheit 451, where they have these three walls cover"
fadini,1,1,fading | Fadini | fadein,likely misspelling / mishearing,salon-108,lla… formal name and real name is Alessandro Fadini. He's originally from Italy. We call them Al
facetiming,1,1,face timing | face-timing,likely misspelling / mishearing,salon-023,"d she's now addicted to, you know, she'll be FaceTiming with her nine or ten-year-old cousin at the "
ezra,1,2,Ezra | era,likely misspelling / mishearing,salon-015,"you can see, is Bob D and this is Nietzsche. Ezra Pound. I also did some artists that, you kno"
eyecatch,1,1,eyepatch | eye catch | eye-catch,likely misspelling / mishearing,salon-042,"German node. Him and the artist next to him, Eyecatch. So he says, my work incorporates glitch tec"
ey,1,1,eye,likely misspelling / mishearing,salon-102,"tion, Jerome Foundation, Creative Australia, EY Metaverse Lab, New Inc. At the New Museum, a"
exxon,1,1,Exxon | exon,likely misspelling / mishearing,salon-040,"and I'd be like, hey, can I get some of that Exxon money? And they kicked me out of bond for bu"
expresso,1,1,espresso | express | express's,likely misspelling / mishearing,salon-109,"ork.  Now, Texpresso, I think it's a play on expresso, coffee, Texpresso and Techspressionism sudd"
expressdoran,1,1,,"check: unusual word, term or non-English",salon-031," my contact. And I really like to talk about ExpressDORAN, this project and Metaverse. Of course, I wa"
experimentational,1,1,experimentation,likely misspelling / mishearing,salon-070,nter. And that was just real experimenting.  Experimentational work where I had a – like a 13 by 19 inch fo
expatic,1,1,,"check: unusual word, term or non-English",salon-105," Or is it something emergent, or has it been expatic? I would love to hear from you. You know? Be"
exotopia,1,1,ecotopia,likely misspelling / mishearing,salon-046, you know at astronomy scott kildall's piece exotopia is basically basically a VR guide to the kno
excerptive,1,1,exceptive | execrative,likely misspelling / mishearing,salon-079, from 1669. I'm just gonna read a very short Excerptive you'll bear with me of Peter Gillespie's des
ewoks,1,1,Ewoks | woks | wok's,likely misspelling / mishearing,salon-012,"d of Southern rock band called Ethan and the Ewoks, that really, a really nice group of guys. A"
evny,1,1,envy,"check: unusual word, term or non-English",salon-096,adding to that portion. So it's kind of like Evny medium is now welcome. It's an awesome show.
everydays,1,1,everyday | every days | every-days,likely misspelling / mishearing,salon-031,ho Beeple is. Particularly since he sold the Everydays for 69 million. That was the headline grabbi
everest,1,1,Everest | Everett | severest,likely misspelling / mishearing,interview-024,hat you can do is a pebble compared to Mount Everest. That's a lousy example.  Not quite. And tha
everbeta,1,1,Everett | ever beta | ever-beta,likely misspelling / mishearing,interview-004," This is Colin Goldberg, webcasting from the Everbeta Content Network. I'm here with Joseph Nechva"
european-centric,1,1,europeans-centric,likely misspelling / mishearing,salon-051,ado is talking about as well in terms of the European-centric view of what the world is about. Are the ima
euclid,1,1,Euclid,likely misspelling / mishearing,salon-089,"talk, so this is like talk two, is about the Euclid. Exhibit plan and what we went through over "
etsy,1,1,easy | Etsy | Betsy,"check: unusual word, term or non-English",salon-084,e directly with other platforms like shopify Etsy. Also through. There's sort of like a connec
etisabian,1,1,,"check: unusual word, term or non-English",salon-046,and partner of all thing in all things Nagin Etisabian for all her amazing amazing help in this pro
etienne,1,1,Etienne | atone,likely misspelling / mishearing,salon-079,s that time. Laps if you will. Here. This is Etienne. Mara. Somebody pronounce it better for me. 
ethiopian,1,1,Ethiopian | Ethiopia | Ethiopians,likely misspelling / mishearing,salon-027,aybe you're aware of him or not I think he's Ethiopian I'm not sure. Abraham Elsa Elsa hot Elsa Lah
ethiopia,1,1,Ethiopia | Ethiopian | ethiopic,likely misspelling / mishearing,salon-102," inside of active volcanoes in Indonesia and Ethiopia, to the desert of western China, the Taklama"
etesabian,1,1,,"check: unusual word, term or non-English",salon-046,"se, my wife and partner in all things, Nagin Etesabian. And who actually has really been super thro"
esthetical,1,1,esthetically,likely misspelling / mishearing,salon-015,"ou know, I think it's important that from an esthetical standpoint as well, you know, there is a cer"
esteban,1,1,Esteban | Estefan,likely misspelling / mishearing,salon-086," wall, which is by Patrick Lichty and Nijine Esteban.  This is a, I don't know, I think it's a, t"
estava,1,1,estate,"check: unusual word, term or non-English",salon-090, Ken Watkins theater TV studio near Brooklyn estava Joe Crockenbrodeand her husband Clyde Kimbal
estasabian,1,1,,"check: unusual word, term or non-English",salon-043,r. Renata Janiszewska. Darcy Garbage. Najeen Estasabian. Najeen. I know that Giovanna alias Doug wom
est,1,1,set | eat | best,"check: unusual word, term or non-English",interview-013,s supposed to this says los dioses viejos se están muriendo which means the old gods are dyin
esque,1,1,Sequa,"check: unusual word, term or non-English",interview-021," rotational loss. And, you know, it's Escher esque. Because I allowed one of the things I did i"
espn,1,1,esp. | espy,"check: unusual word, term or non-English",salon-011,"titute for my dear friend and partner in the ESPN, Igor Vamos. And so, who I did a lot of the "
esperanto,1,1,Esperanto,likely misspelling / mishearing,salon-079,"h to the sixteenth. Duoparto means part 2 in Esperanto. I'd like to welcome Joey Zaza, a guest toda"
espataro,1,1,separate,"check: unusual word, term or non-English",salon-110,"ent studios. For example, here we have Teddy Espataro.  We have Galina too, that she's really part"
esmp,1,1,esop,"check: unusual word, term or non-English",salon-098,ssimilation video by Ai Weiwei andzenia deix EsMP range still showing our wedding expenses fro
esmar,1,1,isomer | assumer,"check: unusual word, term or non-English",salon-072,"... Right across the river from the Merchant Esmar, Chicago, which is an iconic architectural b"
erjon,1,1,rejoin,"check: unusual word, term or non-English",salon-099,"r 2nd. On October 2nd, they were, arresting, Erjon for just showing his art there. This is also"
erbarium,1,1,herbarium | erbium,likely misspelling / mishearing,salon-063,y for a number of years. And I worked in. At Erbarium. And I think that influenced my sensitivity 
equus,1,1,equal | equals | equip,"check: unusual word, term or non-English",salon-023,ral pieces of digital art. This one's called Equus. This one. Believe it or not. Started as two
epsin,1,1,epson | eosin | pepsin,likely misspelling / mishearing,salon-081,"n a drafting paper at actually 360 Dpi on an Epsin short color. P. 9,000 printer so recently ac"
epix,1,1,epic | pix,"check: unusual word, term or non-English",salon-076,"game companies like EA, Electronic Arts, and Epix, they would test market their games in Engla"
episodeique,1,1,,"check: unusual word, term or non-English",salon-100,"left off at port cups until section 24 first episodeique episode Michael two series are related, but "
episcopalian,1,1,Episcopalian | Episcopalians,likely misspelling / mishearing,interview-018,seeker myself I mean I you know I was raised Episcopalian but I the reason I went and took interfaith 
epilito,1,1,,"check: unusual word, term or non-English",salon-093, student I studied under this painter angelo epilito and when he was asked by us by the students 
ephemererality,1,1,ephemerality,likely misspelling / mishearing,presentation-008,ving and coming and going soft forms that so ephemererality is what I'm always looking for. Can you defi
epcot,1,1,Epcot | epoch,likely misspelling / mishearing,salon-041, saw you it in the must have been the 80s at epcot center they had this big display oh yeah mac
ep,1,1,,"check: unusual word, term or non-English",salon-025,"didn't have the money for it. So I asked the EP and the owner at the time. I said, oh, do yo"
enzo,1,1,Enzo | Renzo | Lenzo,likely misspelling / mishearing,salon-037,"e a Zen monk learning how to do the circular Enzo. You know, it's like, you know, how many yea"
enterpatings,1,1,,"check: unusual word, term or non-English",interview-007,tubes. And we just didn't have the financial enterpatings to keep the company afloat for the length of
ensp,1,1,ens | ensue,likely misspelling / mishearing,salon-086,"d to have this same piece be acquired by the ENSP and Michael Spalter collection, approximatel"
enso,1,1,ens | enos | inso,likely misspelling / mishearing,salon-054," here, that Mobius strip is created from the Enso and the Yeroboros. And they come together to"
enrico,1,1,Enrico | enrich,likely misspelling / mishearing,salon-033,n you're creating and there you are now here enrico at the rico maresca gallery in new york alic
enlam,1,1,Elam | enlace,likely misspelling / mishearing,salon-099,"uare, created by Eva Davide Dover and Sharon Enlam.  And Sue Rowe created Hattie Anderson to be"
englisher,1,1,English,likely misspelling / mishearing,salon-105,"he idea of technology, expand the music, the Englisher, you know, early album. A lot of the music v"
engels,1,1,Engels | angels | Engel's,likely misspelling / mishearing,salon-018,"tever society we're in. So Marx had, him and Engels had a very famous phrase where they said, no"
endura,1,1,endure | enduro,likely misspelling / mishearing,salon-042,"le bit, guiding me. And I work with the Bend Endura Lab at the University of Rhode Island. So I "
emshwiller's,1,1,,"check: unusual word, term or non-English",interview-021,"stuff with the Youngblood class with like Ed Emshwiller's Sunstone that was done with, you know, help "
emperium,1,1,imperium | emporium,likely misspelling / mishearing,presentation-008, really love like Stalin epoch building like emperium buildings.  They are like very huge and very
emokian,1,1,emotion,"check: unusual word, term or non-English",salon-046,"dtrack for each of them was composed by Igor Emokian, AKA Chris Holland. And one of the ideas exp"
emojigalites,1,1,,"check: unusual word, term or non-English",salon-057,ars old right now. It's called the Garden of Emojigalites. But I just feel like I was going to just pi
emmanuel,1,1,Emmanuel | Emanuel | Immanuel,likely misspelling / mishearing,salon-079,"lesse points out in the 16 hundreds. This is Emmanuel Dewitt. And, by the way, who was that before"
emert,1,1,emery | exert | evert,likely misspelling / mishearing,salon-104,"an advance the slide. Yeah, this would be an emert who's, so I know Anna Merch from Skydance, t"
eloy,1,1,Eloy | ely | ploy,likely misspelling / mishearing,salon-051,"e. And are we going to end up being like the Eloy that have all this great technology, but we "
elmo's,1,1,Elmo's | elms | elm's,likely misspelling / mishearing,salon-090,out Napoleon's conquest of Egypt. And I used Elmo's as French soldiers. Excuse me.  That have th
elliot,1,1,Elliot | Elliott | Eliot,likely misspelling / mishearing,interview-028,"t I was always drawn to sort of the way that Elliot kind of taps into. I would say, you know, a "
elkhorn,1,1,Elkhart | elk horn | elk-horn,"check: unusual word, term or non-English",salon-042,land clearing. The center of the painting is Elkhorn fern from the Amazon and the black overlay g
elisa,1,1,Lisa | Elisa | Ellis,likely misspelling / mishearing,salon-059,"ally strange. I mean, I remember this thing, Elisa, back in the 80s, which was, you know, a tex"
elgin,1,1,Elgin | Elvin | legion,likely misspelling / mishearing,salon-038,"the sculptures across the.  Temples that the Elgin marbles were there, right? That sort of like"
elazitsky,1,1,,"check: unusual word, term or non-English",roundtable-006,oto manipulations of people like Duchamp and Elazitsky and people who were playing with photography
elavi,1,1,leave,"check: unusual word, term or non-English",salon-050,"ing. This artwork was actually done by Sayed Elavi, who contacted me through my glass work and "
elauj,1,1,Ella,"check: unusual word, term or non-English",salon-106,olitics or gaming organizations for quandoca elauj Congratulations to working with someone who 
elam,1,1,Elam | slam | exam,likely misspelling / mishearing,salon-103,"ly, Philadelphia based on the artist Michael Elam said something that really struck me as bein"
ekg,1,1,egg | keg | eke,"check: unusual word, term or non-English",interview-003,"t to my doctor the other day and just get an EKG see I was doing. And I said, Oh, can I take "
eiser,1,1,Eisner | riser | wiser,likely misspelling / mishearing,salon-105,"t you check it out? I went in and I met Dick Eiser, who started it from Ceramic ink tank. And, "
eisenstadt,1,1,Eisenstadt | Eisenstaedt,likely misspelling / mishearing,presentation-006,"oment. You were looking at those pictures of Eisenstadt or Dorothea Lange, where the reason those im"
einfach,1,1,enface,"check: unusual word, term or non-English",salon-109, childhood interests. When he came back from einfach necessary gave me one on YouTube inimpressiv
einenhearted,1,1,,"check: unusual word, term or non-English",salon-093, works at Ford Photography groups foresteham einenhearted PA second that Colin mentioned a moment ago.
eine,1,1,mine | nine | fine,"check: unusual word, term or non-English",salon-107," something forgotten. Okay. Thank you., weil eine kleineellschaft wird wirklich beschrieblich "
eigentlich,1,1,,"check: unusual word, term or non-English",salon-101,ift up my ao paint and actually opened up my eigentlich painting cut her piece up so that it didn't 
eiffel,1,1,Eiffel,likely misspelling / mishearing,salon-067,"ple putting in a subject. Like. How tall the Eiffel Tower was, for example, and the computer wou"
eicosahedron,1,1,icosahedron,likely misspelling / mishearing,interview-021,"ical polyhedra, the Archimedean solid of the Eicosahedron, they're clustered, there's four of them ins"
ehtrsabian,1,1,,"check: unusual word, term or non-English",presentation-007,neteart.  That's us Patrick Lichty and Negin Ehtrsabian. I'm at patlichty.com and she's at neginete.
egrowz,1,1,,"check: unusual word, term or non-English",salon-019, Thank you. Thanks so much for joining us on EGROWZ. That was a lot of fun. It was fun. Very int
efekt,1,1,effect,"check: unusual word, term or non-English",presentation-004,"xt, I created the this image that you saw in Efekt and Luma Fusion video editing on my iPad. An"
eensafflesobics,1,1,,"check: unusual word, term or non-English",salon-055,"on, MD, Title compliance advisor at Snowhole eensafflesobics.com Corey Wilkinson, MD, Title hopefully mai"
edx,1,1,Ed | ex | edu,likely misspelling / mishearing,salon-078,"r the actual app. So let's jump over to. Oh, edx. This is the polex app site. It's available "
edwina,1,1,Edwina | Edwin | Edina,likely misspelling / mishearing,salon-077,"an name. I was supposed to do a project with Edwina Van Gogh, the who was a trustee there, and a"
edvard,1,1,Edward | Edvard,likely misspelling / mishearing,salon-075,ism would be the first wave. There's a great Edvard Munch exhibition near me at the Clark Instit
edus,1,1,edu | deus | eddies,likely misspelling / mishearing,salon-109,"th different kinds of softwares from 3D Max, Edus, After Effects.  After finishing the Google "
edmund,1,1,Edmund | Edmond | Edmundo,likely misspelling / mishearing,interview-006,hing that's really famous is the portrait of edmund bellamy which sold for I think two hundred f
edmond,1,1,Edmond | Edmund | Edmonds,likely misspelling / mishearing,salon-043,"at, and Cynthia and Nagin are on the jury of Edmond. I'm just about to put out the final choice "
edler,1,1,elder | Adler | Euler,likely misspelling / mishearing,roundtable-002, not. I'm not sure this is a picture by Gary Edler. B E Y D L E R from 1976 is called 20 minute
editoriais,1,1,editorials | editorial's,likely misspelling / mishearing,salon-103,at addresses heelbie themes that são métodos editoriais dist measurements Inarp Jessup situations wh
edinburgh,1,1,Edinburgh | Edinburg | edinburg,likely misspelling / mishearing,salon-104,ook this piece and exhibited it at a show in Edinburgh later on that same year. And just as an inte
edgar,1,1,Edgar | edger | Elgar,likely misspelling / mishearing,interview-025,"ry. You know, people, traditional poets like Edgar Allan Poe and James Weldon Johnson.  And I s"
eddie,1,1,Eddie | Addie | Edie,likely misspelling / mishearing,salon-048, different artists like Django Reinhardt and Eddie Van Halen and all that kind of stuff. They'r
eda,1,1,ada | era | de,"check: unusual word, term or non-English",salon-031,e specific because I really like trends like eda electronic music and I also like the idea of
ecow,1,1,cow | eco | scow,likely misspelling / mishearing,salon-081,"like a demo scene, trying to really push and ecow, and. You know. Just make make something tha"
ecg,1,1,egg | eco | mcg,"check: unusual word, term or non-English",salon-032,"n Charleston, South Carolina. And you see 3D ECG triggered cardiac CT reconstructions. We use"
ebay,1,1,eBay | bay | embay,likely misspelling / mishearing,salon-079,"ou could do it, and if you buy an old one on ebay. I'll come over and kick you in the shins be"
dzienicevka,1,1,,"check: unusual word, term or non-English",salon-087,13th group and I'm really thankful to Renata Dzienicevka that I met during her life at the Louvre art
dysregulation,1,1,,"check: unusual word, term or non-English",salon-099,"d there's an increase in, kind of, emotional dysregulation. So, a lot of the technology is affecting ke"
dyson's,1,1,Tyson's | design's | Dylon's,likely misspelling / mishearing,salon-078,"h is like kind of captures all Burroughs and Dyson's work, which is that when you are able to cut"
dynascape,1,1,,"check: unusual word, term or non-English",salon-057,nd of a different approach but even with the dynascape so I'm sure it was a different approach. But
dylan's,1,1,Dylan's | Rylan's | Kylan's,likely misspelling / mishearing,salon-086," My work is called Just a Mom. And to answer Dylan's question, who just posted in the chat under "
dyck,1,1,duck | deck | dock,"check: unusual word, term or non-English",salon-053," I'm thinking of Tukoi's.  Cyanotype and Van Dyck brown prints, which are sort of this wonderf"
dyceb,1,1,dice | diced | dicey,"check: unusual word, term or non-English",salon-015,is it's like I you know I haven't been using dyceb for a long time because of you know it's you
dxo,1,1,do | dox | duo,likely misspelling / mishearing,salon-027,"h Nick. Nick is no longer Nick. I think it's DXO or something.  They sent me. He said, we're "
dw,1,1,Dow | dew,likely misspelling / mishearing,salon-052,"e got the Greek government to let me project DW Griffith's film, Birth of a Nation, on the r"
dvs,1,1,dis | das | Des,"check: unusual word, term or non-English",salon-032,"done as I've said, I'm we've done like, mini DVS, NFTs, sedition, whatever, I'm kind of inter"
dusseldorf,1,1,Düsseldorf | Dusseldorf,likely misspelling / mishearing,interview-011," And then I went to Germany and I studied in Dusseldorf. And. I studied with Gunther Uecker, even th"
dusell,1,1,,"check: unusual word, term or non-English",salon-088,"I learned design. And I'm going to thank Lee Dusell, who was at Cranbrook Academy, and was my de"
durness,1,1,Durness | duress | dueness,likely misspelling / mishearing,salon-109,d actually discern textures and for Devonian Durness it was quadrupeds for studying four limb loc
durga,1,1,Durga | drug | dura,likely misspelling / mishearing,salon-024,means power so we have one goddess is called durga who is having I mean a lot of gods are we ar
durch,1,1,Dutch | dutch | Burch,likely misspelling / mishearing,salon-107,"irklich beschrieblich wie hier sehen Sie bis durch Trans immense attempted dieser First of all,"
duratrans,1,1,,"check: unusual word, term or non-English",salon-050," of a Fuji clear or a Kodak DuraClear or the Duratrans, depending on what I wanted to do.  This is "
duraclear,1,1,,"check: unusual word, term or non-English",salon-050,"sive on each side of a Fuji clear or a Kodak DuraClear or the Duratrans, depending on what I wanted"
dupont,1,1,Dupont | DuPont | Dumont,likely misspelling / mishearing,interview-016,", so I'm from Washington, DC. I grew up near DuPont Circle, but also grew up in another area cal"
duolingo,1,1,dueling | duo lingo | duo-lingo,likely misspelling / mishearing,salon-106, to returning. I'm trying to learn French on Duolingo a little bit. But I can pretty much say noth
dunham,1,1,Dunham | Durham | durham,likely misspelling / mishearing,salon-012,"ok, the federal government. You know, Edward Dunham. Edward Kennedy tried to get that enacted in"
dunga,1,1,dung | Durga | dungs,likely misspelling / mishearing,interview-019,"ogress means from the mountain and the level dunga place I came to bombay, we just see so and l"
dumont,1,1,Dumont | DuPont,likely misspelling / mishearing,salon-058,eally fun project this is a painting lorjean dumont origin of the world that I've done someone's
duluth,1,1,Duluth,likely misspelling / mishearing,salon-041, just down in the river about two hours from Duluth.
duk,1,1,due | duh | dun,"check: unusual word, term or non-English",salon-030,"long speaking. So to answer that, my name is Duk Su, but on the internet, it's really hard to"
dugale,1,1,Douglas,"check: unusual word, term or non-English",interview-003,"ut to Chrome. I would take my floppy disk to Dugale, which is a big photo outfit, you know, and "
duga,1,1,dura | juga | duma,"check: unusual word, term or non-English",salon-063," to understand that. What I really like with Duga and the other, other ones. Who were influenc"
duc,1,1,due | doc | duck,"check: unusual word, term or non-English",salon-110,na share some slides from my experience from duc art critic residency and then I'll invite yo
dubruka,1,1,,"check: unusual word, term or non-English",salon-075,"good idea. Obviously, and Der Blau Reiter or Dubruka that were predecessors to American abstract "
dubruca,1,1,,"check: unusual word, term or non-English",roundtable-006,"would be the figurative expressionists, like Dubruca or Dub Blau Reiter, these groups, you know. "
dua,1,1,due | duh | duo,"check: unusual word, term or non-English",salon-079,riana exhibition which is going to be called Dua partu. It is taking place in the town square
dsm,1,1,dam | dem | dim,"check: unusual word, term or non-English",salon-099,"forces, so from Madison Avenue to, like, the DSM to, like, cybernetics, and the way in which,"
drumpy,1,1,grumpy | dumpy | frumpy,likely misspelling / mishearing,salon-013,"burning and our people were being massacred, Drumpy was out playing golf and I was outraged.  An"
dropdowns,1,1,drop-down | dropdown | drop downs,likely misspelling / mishearing,salon-048, you type in things or you see as numbers of dropdowns and it. Makes all these parameters for you. 
drole,1,1,drove | drone | drool,likely misspelling / mishearing,salon-018,"ch simply means fake war. The French call it drole de guerre.  Paul, sorry to cut in again, but"
drillard,1,1,Dillard | drilled | drillers,likely misspelling / mishearing,salon-052,hat's a project that philosophers like jumbo Drillard or do Zuma. Totally two of my favorites. Or 
dreamingbrain,1,1,dreaming brain | dreaming-brain,likely misspelling / mishearing,salon-058,ry kind of you to say that and it is live at dreamingbrain.com but in a modern browser you're gonna get
dpw,1,1,Dow | dew | daw,"check: unusual word, term or non-English",salon-082,"e was a piece I wanted to read to you called Dpw. Orange, and the fragility of Dreams, but it"
doyle,1,1,Doyle | Boyle | Hoyle,likely misspelling / mishearing,salon-090,"h painters, Isaac Sawyer, Ruben Tam, and Tom Doyle, the sculptor. And then at Brooklyn College,"
downsville,1,1,Townsville | downscale,likely misspelling / mishearing,salon-105,"eers, It's gonna create a wonderful… here at Downsville.  Allow other people to be more in the we… T"
dorkbot,1,1,,"check: unusual word, term or non-English",roundtable-006,"hing, let's see here, Upgrade International, DorkBot, all these things. And, you know, the, you k"
doppelgangers,1,1,doppelgängers | doppelgänger's,likely misspelling / mishearing,salon-025,"my case, like I've, I've even met some of my doppelgangers. It's, it's crazy. Sometimes how closely we "
doppel,1,1,Doppler | dopey | doped,"check: unusual word, term or non-English",salon-078,the actual file format itself II call it the Doppel. It's like a dot. Jpeg.  The artwork itself 
donata,1,2,donate | sonata | Donita,likely misspelling / mishearing,salon-050,"Yes. Okay, great. So it's great. So Cynthia Donata, and please make sure that you're muted if y"
dominic,1,1,Dominic | Dominick | Dominica,likely misspelling / mishearing,salon-046, documentation on that.  Let's see here. I'm Dominic rivers. He's from Indiana University. And al
doi,1,1,do | dot | dog,likely misspelling / mishearing,salon-055,next number of weeks I'm also to started the doi foundation which finds meaningful web3 proje
dogecoin,1,1,,"check: unusual word, term or non-English",salon-034, the market just like ethereum or bitcoin or dogecoin whatever you happen to be in fluctuates so i
documenta,1,1,documents | document | document's,likely misspelling / mishearing,salon-090,raged passersby. And Joseph Beuys in 1977 in Documenta 6 invited me to come and talk about it. And 
dmed,1,1,died | deed | dyed,"check: unusual word, term or non-English",salon-030,"id, you are just like mind blowing art. So I DMed him, I was like, what are you doing? How are"
djibouti,1,1,Djibouti,likely misspelling / mishearing,salon-102,"ange of individuals, from Yemeni refugees in Djibouti to an ice expert and Arctic explorer. To, bi"
dival,1,1,rival | dial | divas,likely misspelling / mishearing,salon-042,"st of all, I have to have a big science to a dival because he's the one brought me introduced m"
dita,1,1,data | Rita | ditto,"check: unusual word, term or non-English",presentation-006,"accounts. Can you. Yes, actually, my name is Dita fire of us. You can also use my Instagram an"
dist,1,1,diet | list | dust,"check: unusual word, term or non-English",salon-103,s heelbie themes that são métodos editoriais dist measurements Inarp Jessup situations where a
dissatur,1,1,disaster,"check: unusual word, term or non-English",salon-090,d took place because there were kinds of Cab dissatur suite plans for typical bees is made up ofvi
disportion,1,1,distortion | disport ion | disport-ion,likely misspelling / mishearing,salon-039,hat. It has the potential to bring about and disportion an amount of negativity as well. And that do
disopened,1,1,disposed | disowned | dispensed,"check: unusual word, term or non-English",salon-059,its own material and I mean I'm being really disopened but I'm just saying that it is a viable mode
disneyland,1,1,Disneyland,likely misspelling / mishearing,salon-099,"ub president and took over so we could go to Disneyland. That, you know.  Morality-wise, maybe not s"
disneyantes,1,1,,"check: unusual word, term or non-English",salon-090,s were of gewdy highway przy indulgent snake Disneyantes cannot handle fireball collected over embank
disney-fy,1,1,,"check: unusual word, term or non-English",salon-067,that they're kind of Disney... Are trying to Disney-fy the use of things. They want everybody to co
disney's,1,1,Disney's,likely misspelling / mishearing,salon-042," in 1972, several of us were invited to Walt Disney's Imagineering Division, where they had it all"
dirtyfilm,1,1,dirty film | dirty-film,likely misspelling / mishearing,salon-015,e sure I get this right here. This is called dirtyfilm.org. It's still at that address on the web. 
dipdick,1,1,,"check: unusual word, term or non-English",salon-068,"l them nipdick, kind of like a triptych or a dipdick. And so this one, as you see on the screen r"
dioses,1,1,diodes | doses | diocese,likely misspelling / mishearing,interview-013,lly backwards it's supposed to this says los dioses viejos se están muriendo which means the old
dionysian,1,1,Dionysian | dmonysian,likely misspelling / mishearing,salon-029,"sibly going to be maybe the representing the Dionysian, you know, side of Techspressionism.  So I h"
dinsky,1,1,Pinsky | dinky | din sky,likely misspelling / mishearing,salon-019,u know you have people like malevich and kim dinsky and you know all you know you know just talk
dino-siphosis,1,1,,"check: unusual word, term or non-English",salon-061,"e this image of a splitting, I can't say it, dino-siphosis. And it was actually right in the middle of "
diniz,1,1,Denise | Diniz | Dinis,"check: unusual word, term or non-English",salon-106,ees. So it's a documentary directed by Livia Diniz and Bruno Coelho from Brazil and myself. And
diller,1,1,filler | tiller | dialer,likely misspelling / mishearing,salon-090,"ers were Ed Reinhardt, Jimmy Ernst, Burgoyne Diller, and Louise Bourgeois.  And so I had this in"
dijingo,1,1,dodging,"check: unusual word, term or non-English",salon-100,ibited in Urgench. Code. The Die Seisang Die Dijingo series is a continuation of a long-time inte
digo,1,1,dig | digs | dingo,likely misspelling / mishearing,salon-090,uando Van Halen near CR��uy Ferrer studio in digo Imperium C nah wave fleando Bay Baybrook nit
digitalartresidency,1,1,,"check: unusual word, term or non-English",salon-018,heir website and Instagram account. So is it digitalartresidency.org?  Is that the organization? I don't reme
digidigirati,1,1,,"check: unusual word, term or non-English",salon-044,"l up the images. And I'm not a member of the DigiDigirati, not yet anyway. And my images were made, th"
digi,1,1,Gigi | dig | digit,"check: unusual word, term or non-English",salon-049," Jose State University, he invited me to his digi on a lot of performance night at a local spa"
diga,1,1,dig | digs | diva,likely misspelling / mishearing,salon-056,"of Sir cash in. And his tribe was called the Diga. So his father, my grandfather migrated down"
diferentes,1,1,differences,likely misspelling / mishearing,salon-106,vents people never dry dog topics two female diferentes cultures black Somalia versus Stand alone Ad
dieser,1,1,diesel | dieter,likely misspelling / mishearing,salon-107," sehen Sie bis durch Trans immense attempted dieser First of all, I start with the archive.  I f"
diatime,1,1,diatom,"check: unusual word, term or non-English",salon-021,"Cairo that's now in Lennon-Fred, and I put a diatime on top of it.  And then I started working on"
dia,1,1,did | die | dis,"check: unusual word, term or non-English",interview-026,"has been shown at or is in the collection of Dia, The Whitney, Hammer, Lost in the Woods, and"
dex,1,1,de | dee | tex,likely misspelling / mishearing,salon-084,"period of the Weimar Republic of George Auto Dex, and they just inspired me so much. It's lik"
devoiding,1,1,devouring | devoting | devising,"check: unusual word, term or non-English",salon-039,"at's what was coming to mind. Like purposely devoiding, like on purpose, removing the heart. And sp"
deve,1,1,Dave | dive | devs,"check: unusual word, term or non-English",salon-050,a huge big deal and I was going out to Belle Deve Dugal a commercial photographer here in New 
devavod,1,1,,"check: unusual word, term or non-English",salon-034,"mber that I want. So this provides, this is, Devavod had said, it's part of a marketplace and it'"
devan,1,1,Evan | Devan | Devon,likely misspelling / mishearing,salon-088,"be with you all here today. Me and my friend Devan from Calcutta International School, Kolkata,"
deutsches,1,1,,"check: unusual word, term or non-English",salon-050,bunch of photographs that I had taken at the Deutsches Museum in Munich of submarines and different
detrius,1,1,detritus,likely misspelling / mishearing,salon-087,r here.  Are you getting dizzy? This is 1916 Detrius by Lee Schnaiberg. Is Lee here? Hi. Hi. Than
detridice,1,1,,"check: unusual word, term or non-English",salon-084,"oting things that are sort of left over, and detridice and garbage. And lately, because of what we'"
dessemetics,1,1,,"check: unusual word, term or non-English",salon-103,. In response to my 2005 PhD thesis in neuro dessemetics and cycles of modules of neural neural blurr
desmond,1,1,Desmond | despond | Demond,likely misspelling / mishearing,interview-002,This is Desmond Paul Henry who repurposed bomb-sighting mach
descrip,1,1,describe | descry | descried,likely misspelling / mishearing,salon-025, I was really happy with the patterns of the descrip t of on to another piece and I was really ki
descascados,1,1,,"check: unusual word, term or non-English",salon-103," by Heavenjo space educational Zen ó Ray Nar descascados my prompt, my syntax, and linguistic idiosyn"
derrida,1,1,Derrida | deride | derider,likely misspelling / mishearing,interview-008,"ing. I was doing by Michel Foucault, Jacques Derrida, Roland Barthes, Jean Baudrillard, the Frank"
derek,1,2,Derek | Derik,likely misspelling / mishearing,salon-035,"later on in my life I met another guy called Derek Gruth. Derek, he was the founder of New York"
depaul,1,1,DePaul | depot,likely misspelling / mishearing,salon-094," the Arts of Chicago, the UIC, Northwestern, DePaul, just you name it. Average we would give at "
depaolo,1,1,deploy,"check: unusual word, term or non-English",salon-048," thing that, I, I spent some time with Steve DePaolo over at Simon Fraser over in Vancouver. And,"
depaola,1,1,deploy,"check: unusual word, term or non-English",salon-059,"happen.  Well, I mean, I sat down with Steve DePaola. He's one of the heads of the AI graduate pr"
dentsu,1,1,dents | dent's,likely misspelling / mishearing,salon-071,"gade Marketing Group. They're an offshoot of Dentsu, which is basically the largest agency in th"
dennison,1,1,Dennison | Denison,likely misspelling / mishearing,salon-020,"gala. They were honoring Phuong Bui and Lisa Dennison. It was 2016. And then this is, this was at "
denham,1,1,Denham | Dunham | Dedham,likely misspelling / mishearing,interview-020,"g with this new printer.  They're located on Denham Island, just off Vancouver Island on the Wes"
dench,1,1,bench | tench | wench,likely misspelling / mishearing,salon-096,"ething again about the digital screens in er dench, in case people came in late. Which is off o"
denazela,1,1,,"check: unusual word, term or non-English",salon-075,corate it any way you like it's a powered by denazela hubs and we have a one-minute tutorial that 
denali,1,1,Denali | denial,likely misspelling / mishearing,salon-057,"l work. That led to called the dirigibles of Denali and the shared universe, which led to Nathan"
denado,1,1,denied | den ado | den-ado,"check: unusual word, term or non-English",salon-081,Alright. So next up is Cynthia di Denado.
demier,1,1,denier | demure | demur,likely misspelling / mishearing,salon-087,A place where the light goes out by Sandrine Demier. I'm not sure if Sandrine is with us today. 
demi,1,1,Demi | semi | demo,likely misspelling / mishearing,salon-078,", you know what we really wanna give this to Demi Lovato and a bunch of pop stars. And I actua"
dematerialisation,1,1,dematerialization,likely misspelling / mishearing,interview-008,y owning it. So where we think the data is a dematerialisation of something that was once solid collisions?
deloi,1,1,Delhi | Delia | delay,likely misspelling / mishearing,salon-080,"of money. I was making a really good salary, Deloi. I led their first new media department. I w"
delicaze,1,1,delicate,likely misspelling / mishearing,salon-083, fast just put this together quickly. Eugene Delicaze reclining on a divan. Beautiful paintings. B
delica,1,1,Delia | delict | FeliCa,likely misspelling / mishearing,salon-076,"ird. And that's where the, this title techno Delica came from. So zooming into the laptop and th"
delaquis,1,1,,"check: unusual word, term or non-English",salon-079," you know the big stars, the Bosch's and the Delaquis and just looking at? What can the panel do t"
deix,1,1,dlix | diix | ddix,"check: unusual word, term or non-English",salon-098,ute assimilation video by Ai Weiwei andzenia deix EsMP range still showing our wedding expense
dei,1,1,die | Ed | dee,"check: unusual word, term or non-English",salon-059,"erything that is not, you know, inclusive of DEI. And the thing is, is that, you know, we jus"
deglanda,1,1,,"check: unusual word, term or non-English",salon-018," One of my other favorite philosophers, Neil deGlanda, he has the machines. Is this? Okay. Sorry. "
defeo,1,1,Defoe | defer,likely misspelling / mishearing,salon-050,"ade that with a wonderful person named Julie DeFeo, who's an incredible artist. And she is now "
defazio,1,1,,"check: unusual word, term or non-English",salon-073,up. This is a favorite bridge of mine. Peter DeFazio bridge over the Willamette to Alton Baker Pa
defangled,1,1,detangled | defanged,likely misspelling / mishearing,salon-087,"words for this film. It's... It's wild, it's defangled, now it's expressions.  Yeah, wonderful worl"
deen's,1,1,teens | dean's | teen's,"check: unusual word, term or non-English",salon-050,"Atlanta. They were supposed to go into Paula Deen's magazine at the time, but she wanted a place"
deconstructuralist,1,1,,"check: unusual word, term or non-English",roundtable-006,"ostly post-Frankfurt School French you know, deconstructuralist theory, and looking at language, and how lan"
debra,1,1,Debra | zebra | Debora,likely misspelling / mishearing,salon-081," track from a an album called Convergence by Debra, Martin, Greg, Plant and Mark round, and the"
dbn,1,1,Dan | Don | den,"check: unusual word, term or non-English",salon-068, any chance? Yeah. Yeah. I love that. I love DBN and I was doing stuff around the same time a
davis's,1,1,Davis's | David's | Davies's,likely misspelling / mishearing,salon-050,"e I put up some pictures. Also, we have Char Davis's piece where someone is immersing. I think th"
davidson,1,1,Davidson | Davison | Davisson,likely misspelling / mishearing,salon-037,"alled The! My co-author is on tonight, Wilma Davidson. And we produced Soldier Sister Savant, whic"
davide,1,1,Davide | David | divide,likely misspelling / mishearing,salon-099,"h Washington at Union Square, created by Eva Davide Dover and Sharon Enlam.  And Sue Rowe create"
davanti,1,1,davit,"check: unusual word, term or non-English",salon-031,"at, actually, I already made calling and the Davanti last year. So the take pressure needs the en"
davabradleyart,1,1,,"check: unusual word, term or non-English",salon-025, dava bradley art or go to my website at www.davabradleyart.net that's d-a-v-o by the way
dav,1,1,dad | Dave | day,"check: unusual word, term or non-English",salon-028," do want to add one thing, because you know, Dav, I'm very reticent to talk when I get going."
datzai,1,1,data,likely misspelling / mishearing,salon-107,"roadcast on TV.  Today's special guest is DJ Datzai. Full effects on the turntables, bringing it"
dataism,1,1,dadaism | Dadaism,likely misspelling / mishearing,interview-006,tting interested in having roots in you know dataism and expressionism which kind of leads me as 
dasshing,1,1,dashing,likely misspelling / mishearing,interview-014,"wn in the US, Europe, and Asia. She has most dasshing works in the field of web art, art on line a"
dasheed,1,1,Rasheed | dashed,likely misspelling / mishearing,salon-022," was also based off an architect, Balkrishna Dasheed. He was an Indian architect who designed all"
dasaniaki,1,1,,"check: unusual word, term or non-English",interview-018,"rt is just gonna always be with us. As Ellen Dasaniaki said in her book in the 90s, a homoestheticu"
dartmouth's,1,1,Dartmouth's,likely misspelling / mishearing,salon-018,nd worked with these climate scientists from Dartmouth's cold regions research labs at Columbia Earth
darth,1,1,earth | Garth | darts,likely misspelling / mishearing,salon-067,"d Luke Skywalker or a really good, you know, Darth Vader doing different stuff. So, I mean, I t"
darsa,1,1,Dara | Darla | Daria,likely misspelling / mishearing,salon-088,"g today is Keta Shah and Vivansh. Osla. Hey, Darsa, you are there."
darktable,1,1,marketable | dark table | dark-table,likely misspelling / mishearing,salon-040,"djacent that is free and open sourced called Darktable, which is great."
darkeno,1,1,darkens | darken,likely misspelling / mishearing,salon-109,n Africa and around this environment I every darkeno digital technologies today so cr Singapore o
darkbot,1,1,,"check: unusual word, term or non-English",salon-043, what I can remember was yep grade there was darkbot and
darfur,1,1,Darfur | darker | darer,likely misspelling / mishearing,salon-021,rica but I'm a big fan of the community from darfur here it is really different and it changes y
darcygerbarg,1,1,,"check: unusual word, term or non-English",interview-015,It's my name. It's DarcyGerbarg.com.
darcygehrbarg,1,1,,"check: unusual word, term or non-English",interview-015,ontact me. You can contact me at director at darcygehrbarg.com. And set up a time to come visit.
dara,1,1,Dara | data | dare,likely misspelling / mishearing,salon-042,"ually did work with Nam June Paik, also with Dara Birnbaum and other notable video artists. An"
dao-e,1,1,tao-e | dal-e | ado-e,likely misspelling / mishearing,salon-056,"he artificial intelligence software platform DAO-E.  So follow my story, examine the illustrati"
danto's,1,1,Santos | Dante's | santo's,"check: unusual word, term or non-English",salon-036,"know, it's kind of the, you know, the Arthur Danto's thing is like, was, is art dead, you know, a"
dante,1,1,Dante | dance | date,likely misspelling / mishearing,salon-107,"is... Oh, this is my little proud. I rebuilt Dante. It's a sacred place. It's pandemonium actua"
danagi,1,1,Dana,likely misspelling / mishearing,interview-011," I can't remember. I'm thinking it was Tibor Danagi, but maybe it wasn't. And I saw these Egon S"
dalle,1,1,Halle | Calle | dale,likely misspelling / mishearing,salon-059,"erent models, whether it's stable diffusion, DALLE, or what have you, we don't know that they a"
dali's,1,1,Dali's | Ali's | deli's,likely misspelling / mishearing,interview-021, this just by chance I'm we were in salvador dali's hometown in caddequez no I'm sorry in figuer
dagmar,1,1,Dagmar | diagram | damar,likely misspelling / mishearing,salon-032,"th x rays, I did this with a friend of mine, Dagmar Sobisch, in a very productive x ray session."
daggy,1,1,saggy | laggy | baggy,likely misspelling / mishearing,salon-013,along to the song so it's meant to be really daggy and awkward because I sort of I in my MFA I 
dadaada,1,1,daddy | Dada | dada,"check: unusual word, term or non-English",salon-015," Gramercy part, our venture partners office, Dadaada, still call for submission.  I already post "
dabeias,1,1,derbies,"check: unusual word, term or non-English",salon-097,"imple rules are very colored formulas. Mario dabeiAS Well, if that doesn't sound easy to me. Jame"
d-a-r-c-y-g-e-r-b-a-r-g,1,1,,"check: unusual word, term or non-English",interview-015,"everybody knows they can go to your website, d-a-r-c-y-g-e-r-b-a-r-g.com and immerse in some of these pieces them"
d'avignon,1,1,,"check: unusual word, term or non-English",salon-068,"Picasso. And in the painting of Mademoiselle d'Avignon, he put in an African mask. And I just had t"
d'arvignon,1,1,,"check: unusual word, term or non-English",interview-015,is f-tap that picasso when he did his dainty d'arvignon which was his big breakthrough out of his yo
d'angelo,1,1,dangle | tangelo | D'Angelo,"check: unusual word, term or non-English",salon-032,"e looks, this is a red mandible from Tommaso D'Angelo from Italy.  Also interesting, it looks almo"
d'amilo,1,1,Camilo | d'amino | d'amigo,"check: unusual word, term or non-English",interview-029,"in a room and copy classical like, the Venus D'Amilo, or something."
cyrillic,1,1,Cyrillic,likely misspelling / mishearing,salon-035,"t said, I want to create a. City scape using Cyrillic.  Alphabet. That was my input for this, and "
cynist,1,1,cygnets,"check: unusual word, term or non-English",salon-037," a digital artist, an acquired savant, and a cynist. What is acquired savantism? Some might know"
cyanotide,1,1,cyanotic | cyanosed,likely misspelling / mishearing,salon-064,"evealed, when I was doing layered, dragonfly cyanotide, I never dreamed I would be creating self-po"
curvan,1,1,corvine | cur van | cur-van,"check: unusual word, term or non-English",salon-071,"Then I have... Another book, which is called Curvan Explorer. This is about photography. Explori"
currenting,1,1,curating | cur renting | cur-renting,"check: unusual word, term or non-English",salon-089,e ocean. It's one fluid mechanism that keeps currenting around the planet. So we looked at different
curgie,1,1,Currie | currie | curie,likely misspelling / mishearing,salon-052,".D.: E kaha. Cynthia D Donato, M.D.: drew on curgie cell of the human cell of cerebellum in 1899"
curationist,1,1,cartoonist | creationist,"check: unusual word, term or non-English",presentation-006,", my contribution is more of a curatorial or curationist perspective I go through, like I said thousa"
cumberbatch,1,1,Cumberbatch | cumber batch | cumber-batch,likely misspelling / mishearing,salon-018,s movie where Alan Turing played by Benedict Cumberbatch. And they needed to crack all the German cod
culturalraft,1,1,cultural raft | cultural-raft,likely misspelling / mishearing,salon-058,y. There are two galleries. Gallery. Right.  Culturalraft.org. Yeah. And the other one is LICartists.o
culturalnung,1,1,,"check: unusual word, term or non-English",salon-106,ople care about more than others in terms of culturalnung of cultural historically items k Or even tra
culturalboth,1,1,cultural both | cultural-both,likely misspelling / mishearing,salon-087,e fantastical addiction related effects from culturalboth outcomes of the COVID-19 pandemic as well as
cullen,1,1,Cullen | Mullen | sullen,likely misspelling / mishearing,salon-039,"Maybe Cullen or Davo, you might want to put it out there "
cubas,1,1,Cuban | cubes | cubbies,likely misspelling / mishearing,salon-090,", you know, again, looking at I'm looking at Cubas and I'm going like, wow, I really wished I l"
ctv,1,1,civ | cdv | ccv,"check: unusual word, term or non-English",interview-020," was featured on national Canadian broadcast CTV.  Recently, she has had an outdoor public ar"
ctp,1,1,cap | cup | cop,"check: unusual word, term or non-English",salon-032,epresent the spectrum of people so again the ctp is here this is crafted with a prototype sof
csun,1,1,sun,likely misspelling / mishearing,salon-090,with Fritz Feiss. My favorite professor from CSUN. Fritz didn't do computer art. But he was ke
cstem,1,1,stem | esteem,likely misspelling / mishearing,salon-086,"han North America. We have Mikael Boras, aka CSTEM, tuning in from Spain. Great. We have a reel"
cryptosphere,1,1,crypto sphere | crypto-sphere,likely misspelling / mishearing,salon-063,rounds that word due to recent events in the cryptosphere. I agree. I think it's kind of interesting. 
cryptopunk,1,1,crypto punk | crypto-punk,likely misspelling / mishearing,salon-098,"r, who I believe is actually like one of the CryptoPunk holders, although he sold it. And then it be"
crutzen,1,1,curtain | curtsey,"check: unusual word, term or non-English",salon-083,"ite a lot in club culture. Obviously Gregory Crutzen and Jeff Wall, who, I saw retrospectives of "
crts,1,1,cats | arts | cuts,"check: unusual word, term or non-English",salon-028,t buying a bunch of like broken monitors and CRTs. Yeah. And just having them all like lined u
crt,1,1,cat | art | cut,"check: unusual word, term or non-English",salon-040,these are sculptures that were attached to a crt screen and I took some photographs of them s
crotter,1,1,critter | trotter | crater,likely misspelling / mishearing,roundtable-002,"e of my pieces called the Sinai Christ Panda Crotter. And as I was doing it, I was thinking of th"
crockenbrodeand,1,1,,"check: unusual word, term or non-English",salon-090,s theater TV studio near Brooklyn estava Joe Crockenbrodeand her husband Clyde Kimball Ruth and Jay Levit
crm,1,1,com | cam | arm,"check: unusual word, term or non-English",salon-011,lery. It's we were the first people to bring CRM into the business. And kind of the reason wh
creuset,1,1,Crest | creates | crest,likely misspelling / mishearing,salon-106,ospection begins.  My next work is called Le Creuset. It is an artistic journey that is in perpet
crenca,1,1,crunch | crank | Cuenca,"check: unusual word, term or non-English",presentation-004,"and we have AS220 that was begun by, Alberto Crenca that has been a tremendous maker space for R"
cred,1,1,Fred | red | cried,"check: unusual word, term or non-English",interview-013, days actually you actually have more street cred as a nerd than you would have as a cool kid 
creativeis,1,1,creative | creatives | creativeness,likely misspelling / mishearing,salon-103,ts were asked about opportunities To collect creativeIs mere charts At each presentation To inspite 
creaning,1,1,creating | cleaning | creaming,likely misspelling / mishearing,salon-078,"e through every stop sign that came our way, creaning under a starlight sky Night driving all the "
creality,1,1,reality | cruelty,likely misspelling / mishearing,salon-086,d then I started printing and printing on my Creality Ender and using first translucent blue and I
cranbrook,1,1,,"check: unusual word, term or non-English",salon-088,"nd I'm going to thank Lee Dusell, who was at Cranbrook Academy, and was my design teacher. Because,"
crabistic,1,1,,"check: unusual word, term or non-English",salon-022,diences. This is a segment of a piece called Crabistic. I composed and used it. And this is a piece
coutille,1,1,,"check: unusual word, term or non-English",salon-099,rings them luck and better sex. And so Tommy Coutille created this AR intervention with all these 
cousteau,1,1,Cousteau,likely misspelling / mishearing,salon-041,r about 50 years on Long Island. Now Jacques Cousteau had said people treat our water and air like
counterstatement,1,1,counter statement | counter-statement,likely misspelling / mishearing,salon-042,How are visual artists expected to develop a counterstatement both in their work and their attitude toward
cotuot,1,1,cutout,"check: unusual word, term or non-English",salon-089,"show that was a Techspressionist show at the Cotuot Center for the Arts with some other, a few o"
cotonou,1,1,Cotonou,likely misspelling / mishearing,salon-106," in Benin, in a traveling exhibition between Cotonou, Ouida, and the French government. Abomey an"
cortez,1,1,Cortez | cortex | Cortes,likely misspelling / mishearing,salon-056,eum. Helen. Margaret Burke. White. And Andre Cortez with three of. The ones who is just still ev
cort,1,1,sort | cost | corn,"check: unusual word, term or non-English",salon-029,. And through Brookhaven I did a thing about cort glue on plasma relating that to Neolithic Ch
correctionist,1,1,corrections,likely misspelling / mishearing,salon-094,a walkthrough about our new projects for tax correctionist artists. And we're gonna have my assistant C
corporateachenial,1,1,,"check: unusual word, term or non-English",salon-097,r comments about concept AI or native versus corporateachenial AI or underlying technologies or concepts li
cornersmith,1,1,corner smith | corner-smith,likely misspelling / mishearing,salon-102,"orever, as well, in Geneva, Switzerland, and Cornersmith in, Washington, D.C, so… can't wait to see w"
cornell's,1,1,Cornell's | Cordell's | cornels,likely misspelling / mishearing,interview-029,"ature-y feeling, and… The color code… Joseph Cornell's…"
corlin,1,1,Colin | Collin | Corbin,likely misspelling / mishearing,salon-012,"a living relationship. And so the real world Corlin in some senses that I treated these. I mean,"
corian,1,1,corona | Dorian | dorian,"check: unusual word, term or non-English",salon-047,"o this is a scan that we did at the ruins of Corian near Limassol, Cyprus. And this is an old Ro"
corell,1,1,Cornell | Cordell | corral,likely misspelling / mishearing,salon-079,"puter as a pentium 90 that I was able to run Corell photo paint on. And, boy, I just went off. I"
corazon,1,1,Corazon | corrosion | Borazon,likely misspelling / mishearing,salon-063,"ht, let's make it play again. It's called La Corazon Fantasia. And I talked about it some in the "
copywritten,1,1,copywriter | copy written | copy-written,likely misspelling / mishearing,salon-036,"was first coined, that wasn't trademarked or copywritten or anything. And it took 20 or 30 years and "
copmarker,1,1,comparer | cop marker | cop-marker,likely misspelling / mishearing,salon-080,"w, of course, thriving.  I briefly worked at Copmarker in Eugene as the trade show manager. This wa"
copie,1,1,copy | cop | copied,"check: unusual word, term or non-English",salon-021,"was that I had an artist residency at Centre Copie Arts, Centre in Montreal.  And this was in t"
coopersville,1,1,,"check: unusual word, term or non-English",salon-078,"rlight sky Night driving all the way down to Coopersville, past the drive in theatre, on Route 93. We "
cooning's,1,1,Connie's | Corning's | cooking's,"check: unusual word, term or non-English",roundtable-006,"nism in my life. And of course, they had The Cooning's Gotham News, great Fras Klein, a whole room "
coombs,1,1,Coombs | combos | combs,likely misspelling / mishearing,salon-062,it into something else. He had no idea. Like Coombs never had an idea. He just wants to use it a
contiero,1,1,contour | contra,"check: unusual word, term or non-English",salon-087,he Highlight platform. The artist is Stefano Contiero. This work is sort of interesting. You have 
contemporarized,1,1,,"check: unusual word, term or non-English",interview-019,"ave learned how the design can be, you know, contemporarized."
constmatrix,1,1,,"check: unusual word, term or non-English",salon-025,wing art as well. So I know like we have the Constmatrix galleries and that sort of thing. And so whe
constantinople,1,1,Constantinople,likely misspelling / mishearing,salon-047,ntury saints cats who brought them down from Constantinople to get rid of the snake population.  And I l
conradi,1,1,Conrad,likely misspelling / mishearing,salon-108,ith Michael Woodruff and Mark Chavez and Ina Conradi. And the other monitor on the right is Audre
conrad's,1,1,Conrad's,likely misspelling / mishearing,salon-044,"into the very heart of darkness, like Joseph Conrad's voyage into the Congo, where evil draws you "
connery,1,1,Connery | Coney | coney,likely misspelling / mishearing,salon-011,"ays like a Roger Moore guy and he was a Sean Connery guy. But, you know, and, you know, these pai"
connectix,1,1,conceit | Connectix | conceits,"check: unusual word, term or non-English",salon-107," know, on the first, you know, webcam, those connectix, little eyeball cams, and there is a program"
congrat,1,1,congrats | Constar,likely misspelling / mishearing,roundtable-003,"trailer did not come through, in which I too congrat... Thanked. Many thanks to the Techspression"
congo,1,1,Congo | condo | convo,likely misspelling / mishearing,salon-044,"rkness, like Joseph Conrad's voyage into the Congo, where evil draws you in like a field of pop"
concorded,1,1,Concorde | con corded | con-corded,likely misspelling / mishearing,salon-072,are examples of how completely grotesque and concorded contorted.  The AI can make images. But what
concepting,1,1,connecting | conceiting | concerting,likely misspelling / mishearing,salon-059," to what Gavin does. She does a lot of movie concepting and ideation, has started a GoFundMe that is"
computastics,1,1,,"check: unusual word, term or non-English",salon-018,of a preface says you never change things by Computastics so too was science we have to rethink some o
compuserve,1,1,CompuServe,likely misspelling / mishearing,roundtable-006,", there was, I was actually doing art on the CompuServe, let's see here, Computer Art and Multimedia"
complie,1,1,compile | comply | complies,likely misspelling / mishearing,salon-093,em coming now. Against looks up your logo on complie flight opportunity next month. Thanks for jo
comost,1,1,compost | cohost | commits,likely misspelling / mishearing,salon-082,addock wagon.  Bad-tempered creatures in the Comost of circumstances. Using a sort of crane and 
commodifiable,1,1,com modifiable | com-modifiable,likely misspelling / mishearing,salon-055,"t now all of a sudden, my work is completely commodifiable. And how does that change how I approach it?"
commentaires,1,1,commentaries,likely misspelling / mishearing,salon-092,"re I'm from. So Merci beaucoupe presentation commentaires politiques say on video. Says image politic,"
commedia,1,1,comedy | commode | com media,"check: unusual word, term or non-English",salon-021, out of the character's head. It's kind of a Commedia dell'arte character.  This is a series now t
cometed,1,1,committed | competed | coveted,"check: unusual word, term or non-English",salon-078," special cream over red with taillights that cometed through the dark.  Moving, always moving. Th"
comeless,1,1,homeless | compels | come less,likely misspelling / mishearing,salon-105,"hink about this stuff?  Anything different.  Comeless, listen, testers. And, like, the… every time"
colwitz,1,1,,"check: unusual word, term or non-English",salon-088,"e. Thanks, Roz. It reminds me a lot of Kathy Colwitz. I don't know if you look at a lot of her wo"
columna,1,1,columns | column | Columba,likely misspelling / mishearing,salon-089,"sh. And the title of her first part was Aqua Columna. And if you can see my pointer, these are so"
coluba,1,1,club | Columba | clobber,likely misspelling / mishearing,salon-087, you cut by max is max you max dolly Camilla Coluba
coltrane's,1,1,Cortland's | Cortlands',"check: unusual word, term or non-English",salon-019,"c or music in general.  If you think of John Coltrane's Alabama, it's a very moving, very dramatic, "
coltrane,1,1,Coltrane | Cortland,likely misspelling / mishearing,interview-025,"d I understood that jazz giants such as John Coltrane had passed away, perhaps unnecessarily. Colt"
colourists,1,1,colorists | colorist's,likely misspelling / mishearing,salon-087,Gorilla Going Up is going to have colourists come up with Step More balls in style go sta
colosi,1,1,cools | colossi,"check: unusual word, term or non-English",salon-056,"estments made.  Yeah. We have a friend, Nina Colosi, who does the screens, and she puts you know"
colombe,1,1,Colombo,likely misspelling / mishearing,salon-042,"And the next one below it is Elio Ramos Colombe. Thanks, Ben. Paint Particles. Do you want t"
collinsville,1,1,Collinsville,likely misspelling / mishearing,roundtable-005,"rtists in their souls moved to a town called Collinsville, and in this town for at least the 4 years t"
collin,1,2,Collin | Colin | Colvin,likely misspelling / mishearing,salon-075, And. I'm going to hand. The. Mic. Off. The. Collin. In just a moment. But. We had. Also. Mentio
collectionist,1,1,collections | collectivist,likely misspelling / mishearing,salon-049,eating a space where they can put together a collectionist like room in their virtual space. And I've b
collabed,1,1,collared | collaged | collated,likely misspelling / mishearing,salon-009," I want to do that with, but with art. So he collabed with a couple other different artists. I wan"
coling,1,1,coming | Colin | coping,likely misspelling / mishearing,salon-087,rls life so now if you could please continue coling up your thumbs up then we would love to hear
coleman,1,1,Coleman | Colman,likely misspelling / mishearing,interview-016,"de musicians like Sun Ra, John Cage, Ornette Coleman and so on. Made inquiries. And so the notion"
colecovision,1,1,,"check: unusual word, term or non-English",salon-091,"Donkey Kong and other arcade systems for the ColecoVision. Here's a screen of Zaxxon.  And then in 83,"
colbert's,1,1,,"check: unusual word, term or non-English",interview-016," deep structure of climate change. Elizabeth Colbert's book, the six on the sixth great extinction."
colabo,1,1,cobalt,"check: unusual word, term or non-English",salon-083,"t was that's part of the idea. It's entitled Colabo. As, in short, for collaboration, there's ki"
coisascribe,1,1,,"check: unusual word, term or non-English",salon-109, flavor effects will across similar faces lo coisascribe style colors power colleagues seeing feature
cointracker,1,1,coin tracker | coin-tracker,likely misspelling / mishearing,salon-014," with, or I don't know if they own it called CoinTracker, which, as I was doing my tax return, I real"
cohn,1,1,John | con | corn,"check: unusual word, term or non-English",salon-104,"to make interesting marks.  You know, Harold Cohn said to me once that he felt that he might r"
cockshore,1,1,cocksure | cockcrow,likely misspelling / mishearing,salon-082,lf. And the men all laughed heartily at this cockshore bravado. His applum was reassuring. Encourag
cmy,1,1,my | Amy | cry,likely misspelling / mishearing,salon-022,"nd technology uses a different, they use the CMY compared to the RGB or RYB more commonly lea"
cluons,1,1,cleanse | clones | cleans,"check: unusual word, term or non-English",salon-052,ht inside protons. We know they're works and cluons. And if you collide these things at the righ
clowny,1,1,clown | clowns | clown's,likely misspelling / mishearing,interview-018,can't make that kind of gesture I can't move clowny enough I'm not Jim Carrey I wish right he ca
clos,1,1,close | cos | clot,likely misspelling / mishearing,salon-063,"is particular piece. This one is called Huit Clos.  In English, we know this is no exit. Jean-"
cloist,1,1,closet | clouts,likely misspelling / mishearing,salon-083,"nal libraries. That is, a cloisters. And the cloist is very quiet sort of a peaceful environment"
cloisonne,1,1,cloisonné,likely misspelling / mishearing,interview-022,had a finial on my mother's age worn hutch a cloisonne with red roses and hollyhock shimmery clear 
clint,1,1,Clint | client | flint,likely misspelling / mishearing,salon-082,"here that almost feels like. Your version of Clint at times, not because of gold, but because o"
clemson,1,1,Clemson | calmest,likely misspelling / mishearing,salon-097,tronics Scott religions advanced mathematics Clemson Energy I can still get art out of them. And 
clemente,1,1,Clemente | clement,likely misspelling / mishearing,salon-102,"pture installation that was exhibited at the Clemente in the Lower East Side this year, and is, as"
clemence,1,1,Clemente | clemency,likely misspelling / mishearing,roundtable-001,h I co-curated with Karen Mancusi Ongaro and Clemence White was basically looking at two art histo
claire,1,1,Claire | Clare | Clair,likely misspelling / mishearing,salon-048,"iversary of art form, there was a article by Claire Bishop called the digital divide. And that w"
cj,1,1,,"check: unusual word, term or non-English",salon-020,"n I was asked to do by actually Paul Miller, CJ Spooky, who spoke, I think, last week.  Conn"
cityofmud,1,1,,"check: unusual word, term or non-English",salon-050,that we did is archived on the website there cityofmud.com but I started getting into doing really 
circularism,1,1,circulars | circularize,likely misspelling / mishearing,salon-035,e in the background there. And then I have a circularism style.  And it wasn't until the night before
cio,1,1,coo | bio | ciao,"check: unusual word, term or non-English",salon-043,"at's pathetic. Only 19.2% of all fortune 500 CIO positions are held by women. As of 2022, onl"
cinemax,1,1,cinemas | Cinemax | cinema,likely misspelling / mishearing,salon-030,s with my photos. And then I went back to 3D Cinemax and Photoshop and started collaging. And so 
cinemagraphs,1,1,cinema graphs | cinema-graphs,likely misspelling / mishearing,salon-009, doing in the last couple of years are these cinemagraphs that I was at a show one time and this lady 
chuuk,1,1,Chuck | chuck | chunk,likely misspelling / mishearing,salon-059,ed States. It was hosted by SVA with Natasha Chuuk and Lev Manovich. And some topics that came 
churchill,1,1,Churchill,likely misspelling / mishearing,salon-039, the other thing I wanted to say is you know churchill and fdr got on the radio and they were commu
chungwong,1,1,,"check: unusual word, term or non-English",salon-105,"ted work at SIGRAPH, the New Museum, and the Chungwong Sculpture by Please welcome Adele! I wouldn'"
chromatidia,1,1,,"check: unusual word, term or non-English",salon-013,"rmat equally. Make a computer, like computer chromatidia experience, like this one. So I started to t"
chromasia,1,1,chromes,"check: unusual word, term or non-English",salon-069," photographer. And I like one in 10 men have chromasia, the sort of red, green color blindness. Is "
christoph,1,1,Christoph | Christopher | Christophe,likely misspelling / mishearing,salon-032,"ense, I would say. This is a friend of mine, Christoph Wachowski, who did this painting actually wi"
christo,1,1,Christ | Christy | Christi,likely misspelling / mishearing,salon-022,oking even traditional work like people like Christo where the work is created as a site specific
christiana,1,1,Christian | Christina | Christians,likely misspelling / mishearing,salon-049,"n.  I saw something, I think it was actually Christiana Paul retweeted something about vFriends, lik"
choreo,1,1,chores | chore | chore's,likely misspelling / mishearing,salon-087,"ce, it's called from a series that is called Choreo Scripts, that this is mixing the human body "
chorearch,1,1,chore arch | chore-arch,likely misspelling / mishearing,roundtable-001,"des and Choreographies in Art, 1965 to 2018, Chorearch Angel, Pro Tools in 2011, and Profiling in 2"
chook,1,1,shook | cook | hook,likely misspelling / mishearing,salon-059,should be super easy to find. Google Natasha Chook and Lev Manovich and watch that video becaus
chod,1,1,chop | chow | cod,"check: unusual word, term or non-English",salon-090,tent cases wanted those tries under Charles �chod apple purpose complex Italiano Elizabeth saw
chirico,1,1,Chico,likely misspelling / mishearing,salon-091,"emporary movements. We got impressionism, de Chirico, even a more contemporary photograph where y"
chincham,1,1,chinch | chinches | chinch am,likely misspelling / mishearing,salon-095,"time. Today, I walk in, I talk to Carrie Ann Chincham, who said she's going to be setting up this "
chimographs,1,1,,"check: unusual word, term or non-English",salon-102,"o representations of data with contact maps, chimographs, and other visualization formats.  We also c"
chillette,1,1,chilled,"check: unusual word, term or non-English",salon-077,"r husband is also very storied artist, Frank Chillette, who worked with Martian clue, and is one of"
chillett,1,1,chillest | chalet | chilmlett,likely misspelling / mishearing,salon-078,. I think the last one might have been Frank Chillett.
chihuly's,1,1,,"check: unusual word, term or non-English",salon-070,tings as well. I was inspired by seeing Dale Chihuly's website. I love his. When I lived in Seattle
chihuly,1,1,Chihuly | chilly | chillily,likely misspelling / mishearing,salon-070," I used to visit a lot of places that showed Chihuly work.  And on his website at the time, he ha"
chicago-based,1,1,chicano-based | chic ago-based | chic-ago-based,likely misspelling / mishearing,salon-096,y warm welcome to them. Galina Shevchenko is Chicago-based artist who's been engaging with technology a
chiang,1,1,Chiang | change | Chang,likely misspelling / mishearing,salon-106,dency in Art Thailand residency last year in Chiang Mai.  And there I met the musician collectiv
chexpressionism,1,1,,"check: unusual word, term or non-English",salon-029," huge variety of work being produced through Chexpressionism. So my work is, I came to digital out of nec"
chesapeake,1,1,Chesapeake,likely misspelling / mishearing,salon-069,s that I submitted to a film festival called Chesapeake Film Festival. And they're all basically gra
chernobyl,1,1,Chernobyl | Tchernobyl,likely misspelling / mishearing,salon-019,". But these two pictures were made after the Chernobyl disaster in 1986, and I felt the need to res"
chelda,1,1,child | chela,"check: unusual word, term or non-English",salon-069,Up is chelda hi welcome hi I work in photoshop can y'all 
chefska,1,1,checks | chefs | cheeks,"check: unusual word, term or non-English",salon-083,"ge for the Brooklyn Exhibition, Renati and a chefska who also happens to be The in Instagram cura"
cheatsy,1,1,cheats | chesty | cheats',likely misspelling / mishearing,salon-087,"ed, white, and blue patriotic stars. There's cheatsy knickknacks. One is a cross. One is an angel"
chavez,1,1,Chavez | chives | chive,likely misspelling / mishearing,salon-108,"Rubin, paired with Michael Woodruff and Mark Chavez and Ina Conradi. And the other monitor on th"
chatima,1,1,chattier,"check: unusual word, term or non-English",salon-099,"ne, my name's Clara Francesca, and I'm Gemma Chatima Tova for those practicing today. I'm calling"
charmans,1,1,chairman's | chairmans | char-mans,likely misspelling / mishearing,salon-078,"the body of text. On the left you have Trina Charmans, Peter Pan, and she is literally showing you"
charlie's,1,1,Charlie's | Carlie's | Charlize's,likely misspelling / mishearing,salon-110,ifferent. So I leave critiques and also with Charlie's a lot of the critiques. And so you'd have to
charlie,1,1,Charlie | Carlie | Charlize,likely misspelling / mishearing,salon-110, then we can give feedback. But at least and Charlie and I are very different. So I leave critiqu
charla,1,1,Charlie | Carla | charka,"check: unusual word, term or non-English",salon-016," just lucky it's all begun to the phones and charla, you know, easy breezy.  Easier. I'm not cod"
charizard,1,1,,"check: unusual word, term or non-English",interview-013,A there's a sketch of charizard right here and a sketch of zoroark from the 
chaotica,1,1,chaotic | chaotic a | chaotic-a,likely misspelling / mishearing,salon-037,s. Both. J wildfire is how I like. But I use Chaotica. I use Mandelbulber. It's any new thing I ca
chang,1,1,change | hang | chan,likely misspelling / mishearing,interview-028,"nd Ocean Wong and Sally Wen Mao and Victoria Chang, and like, there's so many wonderful poets w"
chaman,1,1,Chapman | shaman | chapman,likely misspelling / mishearing,salon-102," describes the work.  Moler. Be botan. Lower Chaman reg got a note. Krin.  Manchillo. A vous, qu"
chakt,1,1,chat | chart | chant,likely misspelling / mishearing,salon-087,tanding trans chúngris network online groups chakt certain disaster centers change feelings thr
cfo,1,1,ofc | coo | CFOs,"check: unusual word, term or non-English",salon-060,"Colin Goldberg, CFO Alphabet and Google Hello and welcome to the"
ceylon,1,1,Ceylon,likely misspelling / mishearing,salon-046,"Paul, thank you to the tech experts in Ceylon. Now, because of this, I got connected to Pa"
cet,1,1,get | let | set,"check: unusual word, term or non-English",salon-042,ext is Philippe Ormiere. His piece is called Ceté Couché de Soleil Magique. Digital monoprint
cena's,1,1,Lena's | cents | cent's,likely misspelling / mishearing,salon-020,ally I think Victor if you haven't seen Star Cena's work also you would really enjoy he uses the
cecil,1,1,Cecil | Cecile | cicil,likely misspelling / mishearing,salon-083," in any gallery. And Edward Pullott, so John Cecil Stevenson and abstract expressionists in the"
ccrt,1,1,cart | curt | cert,"check: unusual word, term or non-English",salon-088,"nd she received a senior fellowship from the Ccrt Ministry of culture, Government of India and"
ccny,1,1,cony,"check: unusual word, term or non-English",salon-105,"e is currently a professor of game design at CCNY, and actively develops games as part of her "
cch,1,1,ccc | ccs | cci,"check: unusual word, term or non-English",salon-041,What is CCH? Climate change.
ccam,1,1,scam | cam | clam,"check: unusual word, term or non-English",salon-071,"k, next year as well. I think it's the. It's CCAM, which is. What is it?  Center for it's some"
cbtv,1,1,cctv,"check: unusual word, term or non-English",interview-029,"ing that. I played, at Max's Kansas City and CBTV, so I was in the cultural scene."
cbg,1,1,cbs | cig | cfg,"check: unusual word, term or non-English",interview-029,"d I was revered Patty Smith, and I played at CBG. Movies and all these places. I was interest"
cbdcs,1,1,,"check: unusual word, term or non-English",salon-055,"u use that from control mechanisms with like CBDCs to control like who's got a certain NFT, mea"
caton,1,1,canon | Eaton | canton,likely misspelling / mishearing,salon-010,k who uses the computer to do art. He and Ed Caton were still at NYIT when I was there. So that
catmull,1,1,cattail | catcall | cat mull,"check: unusual word, term or non-English",salon-085,xo lamp in the corner over the table. And Ed Catmull saw that lamp at my loft and tried to find o
catlow,1,1,Carlow | carlow | callow,likely misspelling / mishearing,salon-055, book that. A very good friend of mine. Ruth Catlow edited called artists rethinking of the bloc
castafior,1,1,,"check: unusual word, term or non-English",salon-068,"ve, I guess, to really read them. So, Bianca Castafior is an opera singer, otherwise known as the S"
casta,1,1,cats | pasta | costa,"check: unusual word, term or non-English",salon-072,xt one. So. Is based on a character named La Casta Fior. She's a. An opera singer. Diva. And he
cassini,1,1,Cassini | casino,likely misspelling / mishearing,salon-037,"ident and the art gift.  Through the eyes of Cassini, a lot of my art, I would say 90% begins wit"
cassandra,1,1,Cassandra | Kassandra,likely misspelling / mishearing,salon-099,", M by Bryce Burrell with Meredith Drum, and Cassandra with Washington at Union Square, created by "
cass's,1,1,case's | casa's | cast's,likely misspelling / mishearing,interview-017,"u're like, ah, there's a lot of stuff around Cass's house. You know? Watch out for that. Okay. D"
cartoonishness,1,1,,"check: unusual word, term or non-English",salon-017,to the human portraiture. And get rid of the cartoonishness but I have still struggled with that but I b
carrington,1,1,Harrington | Cranston | Arrington,likely misspelling / mishearing,salon-100,"as a painter include Mata, Paul Clay, Lenora Carrington, and people who are painting, basically pain"
carrieann,1,1,carrion | carryon,"check: unusual word, term or non-English",salon-087," Okay. First, I just want to thank Colin and Carrieann and Joey and all the people involved. I can'"
carrick-kent,1,1,,"check: unusual word, term or non-English",salon-018,collaborate with. And technology I use. Paul Carrick-Kent is with us tonight. He's one of the editors 
carrey,1,1,Carey | carry | Carley,likely misspelling / mishearing,interview-018,sture I can't move clowny enough I'm not Jim Carrey I wish right he can get it to do it so I hav
carr,1,1,care | car | cars,"check: unusual word, term or non-English",salon-068, about cultural appropriation. This is Emily Carr. And she would go to the West Coast and do t
carpent,1,1,carpet | carnet | car pent,likely misspelling / mishearing,salon-105,"t to it. And I'm heavily influenced by Julia Carpent who wrote The Artist's Way, and I've been wr"
carolyn,1,1,Carolyn | Karolyn | karolyn,likely misspelling / mishearing,salon-099,"e same speed of technological innovation, as Carolyn Jones notes here, is by actually taking up t"
carnegie,1,1,Carnegie | carnage | hcarnegie,likely misspelling / mishearing,salon-061,aPan site. And the GigaPan site is hosted at Carnegie Mellon University. And it's hosted on a coup
carlson,1,1,Carlson | Carson | Carlton,likely misspelling / mishearing,salon-065," project for a public art class with Cynthia Carlson, one of the great Queens College. And, you k"
carlsbad,1,1,Carlsbad,likely misspelling / mishearing,salon-081,"ul Henry and Ellen spirits. Their gallery in Carlsbad, in San Diego, opening a april fourteenth wi"
carianne,1,1,Marianne | careen,likely misspelling / mishearing,salon-079,"ed art.  And his partner, also a co-founder, Carianne Shimsham. They will speak to you briefly nea"
carian,1,1,Marian | carina | cairn,likely misspelling / mishearing,salon-081," we do have the founders here, Joey Zaza and Carian shim sham. So I'm sure if you guys have any "
caria,1,1,Maria | Carrie | Carla,likely misspelling / mishearing,salon-101,ourney as officers of oil plants and° Thomas�caria Earth So this is the homepage of the Wrong B
carfac,1,1,Carnac | carafe | carfatc,likely misspelling / mishearing,salon-080,"tist fees. In Canada we have a system called Carfac, which is our artist union, and our artists "
carey's,1,1,Carey's | Casey's | cares,likely misspelling / mishearing,salon-062,"ck Carey, except I kept Patrick kept Patrick Carey's name there to recognize that this was his wo"
carbohyd,1,2,,"check: unusual word, term or non-English",salon-057,? Yeah. There's no sound to this. Holy cow.  Carbohyd. Thank you. Thank you. So that was sort of m
capole,1,1,Carole | Capote | Capone,likely misspelling / mishearing,salon-099,"of Munich. People touch the breast of Juliet Capole because they think it, brings them luck and "
capcot,1,1,caplet | cap cot | cap-cot,"check: unusual word, term or non-English",salon-083,"the editor.  Which is pretty deep. Actually, Capcot has a pretty deep sound and audio library, a"
cao,1,1,can | cat | car,"check: unusual word, term or non-English",salon-055,"d there was a point where the Chinese artist Cao Fei did a, did her interpretation of, of. Be"
candiff,1,1,Cardiff | candid,likely misspelling / mishearing,salon-032,"ght. Well, let's see, this is from Catherine Candiff. So she put a digital collage from an MR, sa"
candide,1,1,Candice | candida | candied,likely misspelling / mishearing,interview-024,"ldn't say I'm suddenly an optimist. It's not Candide speaking.  It's too ingrained. I mean, peopl"
canberra,1,1,Canberra,likely misspelling / mishearing,salon-009,"what is it? The National Portrait Gallery of Canberra in Australia, blah, blah, blah. In other wor"
canber,1,1,cancer | Canberra | camber,likely misspelling / mishearing,salon-077,"Okay? Well, can canber, which I don't use often. Has a way where yo"
canarsie,1,1,Canarsie | caners,likely misspelling / mishearing,salon-015," naming the Munsee, Lenni, Lenape tribe, the Canarsie tribe, the Unkachug and Shinnecock tribes, w"
can'tout,1,1,can't out | can't-out,likely misspelling / mishearing,salon-042, I just want to say a little little thing. I can'tout. I can't. I can't. I can't. I can't. I can't
campana,1,1,campaign | campagna,likely misspelling / mishearing,salon-015, two Italian poems. Eugenie Montale and Dino Campana. That I really love. Then I started doing po
cameroon,1,1,Cameroon | Cameron,likely misspelling / mishearing,salon-081,n't know Nicolo is member of the group. From Cameroon. He actually helped establish a Wikipedia pa
calvin,1,1,Calvin | Alvin | Colvin,likely misspelling / mishearing,salon-015,"you can sell NFTs, like even musicians, like Calvin Harris made a sale there, The Weeknd made a "
callum,1,1,Callum | calm | callus,likely misspelling / mishearing,salon-032,eaking of love that merch culture I saw that Callum really loved it too I love the democratizati
calde,1,1,called | Cade | Calder,"check: unusual word, term or non-English",salon-008,ke a little stop in barcelona with anna eric calde and her husband anyway it's going to be a li
calarts,1,1,carats | cal arts | cal-arts,"check: unusual word, term or non-English",roundtable-006,ia and technology shape human perception.  A CalArts Herb Alpert Fellow and Whitney Biennial Exhi
calagari,1,1,Calgary | calamari,likely misspelling / mishearing,interview-006,is was sort of like as theater was dr cow dr calagari was to you know cinema and I think and then 
caia,1,1,Cain | casa | chia,"check: unusual word, term or non-English",interview-004,hD recently.  Up in Wales with Roy Ascott at CAIA. And it seemed to be a very rich and fruitfu
cadaf,1,1,caddy | cadaver | caddie,"check: unusual word, term or non-English",salon-022, fair in Paris just about a month ago called CADAF. And it was a digital art fair. And one of t
cacortopit,1,1,,"check: unusual word, term or non-English",salon-020,le sort ofiend I'm gonna call it. And that's cacortopit. And that's the most Come to my mind.  And t
cabrillo,1,1,Cabrillo | Carrillo | corbel,likely misspelling / mishearing,salon-036," Cruz. There, I studied at a junior college, Cabrillo Community College. And I came across a wonde"
cabre,1,1,care | cable | caber,likely misspelling / mishearing,salon-078,"k for wordless, graphic, novel. Look at Hugo Cabre. This book is really interesting, because it"
caboom,1,1,Cabot | kaboom,"check: unusual word, term or non-English",salon-106,ill be presented in augmented reality at the Caboom Festival in 2026. The work will remain visib
byzantium,1,1,Byzantium,likely misspelling / mishearing,salon-032,to Jesus. But I heard about this show called Byzantium Faith and Power. I went to see it and I read
byyer,1,1,buyer | bayer | Boyer,likely misspelling / mishearing,salon-090,alled Jurassic Park. That one was taken over byyer photo Paris King at vorgonoe university in P
bywaters,1,1,by waters | bewares | by-waters,likely misspelling / mishearing,salon-083,"essionists in the Hampstead in London. Jerry Bywaters, and some of my American trips I found, and "
byu,1,1,bye | buy | blu,"check: unusual word, term or non-English",salon-090,"ung developed the 3D animation program Movie BYU, which I ran and taught on my custom compute"
bw,1,1,be | btw | bow,"check: unusual word, term or non-English",salon-077,"mixing with creative commons, CC. Under line bw 3."
butyrol,1,1,butyric | butyl,"check: unusual word, term or non-English",salon-050,t's laminated with a glass. It's a polyvinyl butyrol or a urethane layer of adhesive on each side
buttockses,1,1,buttocks | buttock's,likely misspelling / mishearing,interview-024,"g for Christ. For Rubens, he was working for buttockses."
butoh,1,1,button,"check: unusual word, term or non-English",salon-018,"telligence. And currently I'm working on the butoh dance of the alien artificial intelligence, "
buterin,1,1,buttering | butyrin,likely misspelling / mishearing,salon-055," who was part of the launch team with Vitaly Buterin, you know, for Ethereum. And he wrote the, h"
businessy,1,1,business | business's,likely misspelling / mishearing,interview-013, you know would like to see it you know more businessy and selling more prints and things of course
busa,1,1,bush | busy | bus,"check: unusual word, term or non-English",salon-104," little off the topic, but A guy named Peter Busa, who was part of a movement called the India"
burri's,1,1,Burris | burrs | burro's,likely misspelling / mishearing,salon-088, Riyan Bari and Anaya Shah.  This is Riyanne Burri's work. Floating.
burrell,1,1,Burrell | Durrell | burley,likely misspelling / mishearing,salon-099,"with Columbus at Columbus Circle, M by Bryce Burrell with Meredith Drum, and Cassandra with Washi"
burnham,1,1,burn ham | burn-ham,likely misspelling / mishearing,salon-077,"named yet, and in conjunction with that Jack Burnham, another theorist at the time. We're really "
burmese,1,1,Burmese,likely misspelling / mishearing,salon-102,"what you see here. She's holding a python, a Burmese python, and there's a lot of Complexities ar"
burgum,1,1,burger | Burgos | burg,"check: unusual word, term or non-English",salon-087,ful wonderful like a fine wine it takes time Burgum by Malavika Manjulandru is Malavika yeah hi 
burgoyne,1,1,Burgoyne,likely misspelling / mishearing,salon-090," my teachers were Ed Reinhardt, Jimmy Ernst, Burgoyne Diller, and Louise Bourgeois.  And so I had "
burbo,1,1,turbo | burbs | burro,likely misspelling / mishearing,salon-014,cams that are down there. This one is called Burbo Cam and it was on Bourbon Street and it was 
burbank,1,1,Burbank,likely misspelling / mishearing,salon-081, Los Angeles. But. The prep. Area will be in Burbank.  I've arranged to have a very secure prep. 
bulgarian,1,1,Bulgarian | Bulgaria | Bulgarians,likely misspelling / mishearing,salon-056,s born in australia my biological father was bulgarian my real name is leonard petkar my mother dec
bukhara,1,1,Bukhara,likely misspelling / mishearing,salon-100,"sharing the catalog with friends. We went to Bukhara after we were in Urgench, and it was great t"
bui,1,1,but | buy | bus,"check: unusual word, term or non-English",salon-020,ce for their gala. They were honoring Phuong Bui and Lisa Dennison. It was 2016. And then thi
bucky,1,1,Bucky | lucky | Becky,likely misspelling / mishearing,salon-091,s an art student delved into. I had heard of Bucky since 69 and I had heard of operating manual
buchever,1,1,,"check: unusual word, term or non-English",salon-042," here, but very visible from the front. Mary Buchever, treatments one through, I believe, 11. Pape"
bucharest,1,1,Bucharest,likely misspelling / mishearing,salon-064,"red it and it's going to be shown in, I'm at Bucharest, Romania. So I'm going to be showing it in a"
bsing,1,1,being | bring | using,likely misspelling / mishearing,salon-059,"t that's, you know, I'm assuming they're not BSing me when they tell me that. No. It could be t"
bruton,1,1,Britain | Burton | Briton,"check: unusual word, term or non-English",salon-008,you like to present? Hi everybody. I'm Emily Bruton Schilling and I'm here from New York City an
brussels,1,1,Brussels | Brussels',likely misspelling / mishearing,salon-021," Another piece about Spain, the synagogue in Brussels in the center and a fallen down cathedral in"
brugge,1,1,Brugge | burg,likely misspelling / mishearing,salon-072,"ke an owl's, it seemed to me. I am Jonas Van Brugge. And these are my children, Albert and Philo"
bruco,1,1,Bruce | Bruno | bruno,likely misspelling / mishearing,salon-036," you know, like the, the Blau Reiter and the Bruco were basically trying to, you know, use, use"
bruca,1,1,Bruce | bruce,likely misspelling / mishearing,salon-036,", it's like, that's, you know, the bridge to Bruca and that sort of thing.  So the one thing is"
brosteman,1,1,,"check: unusual word, term or non-English",presentation-009,"le, is the creative mind, and we have Norman Brosteman, who wrote a book about the history of kinde"
brooklights,1,1,brook lights | brook-lights,likely misspelling / mishearing,interview-018,"w, like a New York family, real New Yorkers, Brooklights, right? And moving to- That is a lot for a y"
brooker,1,1,Brooke | booker | broker,likely misspelling / mishearing,salon-068,e same one. And his name is Bertram. Bertram Brooker. The piece is from 1900. His birth date was 
brooke,1,1,Brooke | broke | brooks,likely misspelling / mishearing,interview-006, in germany the blue rider and the bridge to brooke and the Blau Reiter. And so I'm very much ki
brogard,1,1,Brossard,likely misspelling / mishearing,salon-037,synaesthetic expert. Her name is Dr. Barrett Brogard. And she's at some point going to do a funct
bristol,1,1,Bristol | bristols,likely misspelling / mishearing,salon-013,"mation at University of the West of England, Bristol. The biggest part of my art practice has bee"
brighton,1,1,Brighton | brighten | bright on,likely misspelling / mishearing,salon-074,"he starts. This is the area, though. This is Brighton Beach. We're on the water. It's a big, beaut"
brigham,1,1,Brigham | bright | brig ham,likely misspelling / mishearing,salon-090,VP of technology at Magisynthovision and I.  Brigham Young developed the 3D animation program Mov
brieise,1,1,breeze | bruise | braise,"check: unusual word, term or non-English",salon-102,"ray dawn, slipping into your cloud. My fresh brieise is so sweet. It pulls you into the brackish "
brewster,1,1,Brewster | browser | bruiser,likely misspelling / mishearing,salon-018,"ive.org.  There's a gentleman by the name of Brewster Kale, who's a wonderful guy who's in San Fra"
bresnik,1,1,breezing,"check: unusual word, term or non-English",salon-063,"in New Haven. This is a friend of mine, Anna Bresnik, whose studio was near mine in the 80s when "
brenton,1,1,Benton | Brenton | Trenton,likely misspelling / mishearing,salon-093," the trailer? This is Karen here. Thank you, Brenton. Hi, everyone. See if I can get this trailer"
brennan,1,1,Brennan | Brendan,likely misspelling / mishearing,salon-026,approach of this collaboration. So thanks to Brennan and Nagin for this. I think these would be p
breneda,1,1,Brenda,likely misspelling / mishearing,salon-077,"he opening.  So I don't have a my feeling is Breneda, that it's gonna be driven by the community."
breakfastante,1,1,breakfast ante | breakfast-ante,likely misspelling / mishearing,salon-101,eed in ones that have actually been in fresh breakfastante studies that can show how fast each layer lo
brc,1,1,bro | Bruce | bra,"check: unusual word, term or non-English",salon-019,lly a big art exhibition. It was created for BRC VR 2020 and it's still up. We've added a bun
bravitas,1,1,gravitas | brevets | bra vitas,likely misspelling / mishearing,salon-095,f you have to have that I think to have some bravitas like your garden of Berkeley lines oh
brasner,1,1,brainer | brasier | brasher,likely misspelling / mishearing,salon-094,"ition to her post as director of the Pollock Brasner House, Harrison is the author of a monograph"
brancusi,1,1,branches | Brancusi,"check: unusual word, term or non-English",salon-058,"s, I guess, was all, you know, Lichtenstein, Brancusi, The Kiss, you know, there's lots of Klimt, "
branbilla,1,1,,"check: unusual word, term or non-English",salon-083,"tial, and people like Richard Moss and Marco Branbilla, who, I've seen his work. And Carla Gannis, "
br,1,1,be | bra,"check: unusual word, term or non-English",salon-077,"oint of awareness, to keep your eye fresh by Br. Being able to change the pages and also met"
boyz,1,1,boys | Boyz | boy,"check: unusual word, term or non-English",salon-008,"art, but it was really social sculpture that Boyz was talking about.  There's another thing th"
boynton,1,1,Boynton,likely misspelling / mishearing,salon-069,"ing about that is that, you know, Duchamp's, Boynton Valise, you know, it was like, you know, the"
boyd-williams,1,1,,"check: unusual word, term or non-English",salon-087,". Michael Woodruff. I know Lucy's here. Lucy Boyd-Williams, Earth, Trees, Sky, Orbs, Lucy. Hi! Hi, ever"
bowinkle,1,1,,"check: unusual word, term or non-English",salon-022,"ou know, because I mean, artists like Banton Bowinkle and things like that, you know, and that sor"
bowick,1,1,boric | Bewick,"check: unusual word, term or non-English",salon-044,"one of my students. And so that was at Janet Bowick at Bowling Green University, chairman of the"
bowdoin,1,1,Bowdoin | bowfin,likely misspelling / mishearing,interview-016,ay. So I went to a very small college called Bowdoin College in Maine. But also when I was younge
bover,1,1,over | cover | hover,likely misspelling / mishearing,salon-101,tor. And it's going to be moderated by Heidi Bover. Bover. I'm not sure if I'm pronouncing her 
boulay,1,1,Boulay | bouclé,likely misspelling / mishearing,salon-046," is that four? And, oh, and of course, Roger Boulay, who's our gallery director as well. So that"
boul,1,1,bout | boil | soul,"check: unusual word, term or non-English",salon-084,"r me completely. It's a in French, they say, Boul verso like you're completely turned over and"
boudoin,1,1,boudoir | boudin,likely misspelling / mishearing,salon-019,n I'm out. I live. I live up on top of Mount Boudoin now in Washington state. Overlooks the Colum
botswana,1,1,Botswana | Batswana,likely misspelling / mishearing,salon-052,ke use of a range of different media born in Botswana and having lived in Southeast Asia and in th
botan,1,1,obtain | botany | baton,"check: unusual word, term or non-English",salon-102,", video. That describes the work.  Moler. Be botan. Lower Chaman reg got a note. Krin.  Manchil"
bostrom's,1,1,bistro's,likely misspelling / mishearing,presentation-002,st that this could be the first step in Nick Bostrom's speculation that we are living in a simulati
bostrom,1,1,bistro | bistros,"check: unusual word, term or non-English",interview-028,"ore, you know, reading Ray Kurzweil and Nick Bostrom, and, like all these folks, Martin Rothblatt"
bosque,1,1,Basque | mosque | bisque,likely misspelling / mishearing,salon-035,d a bit of myself with a bit of. Jean-Michel Bosque.  And also with Pablo Picasso. And this is w
bosnia,1,1,Bosnia | Bosnian,likely misspelling / mishearing,salon-010,"And some of that actually came from studying Bosnia. If you guys are familiar with that.  So, ye"
bosert,1,1,bores,"check: unusual word, term or non-English",salon-081,"at most well known for its beautiful Eps and Bosert facade. Inside there's a fantastic ceiling, "
boscia,1,1,Bosnia | bossy | bosky,likely misspelling / mishearing,salon-014,ism leaves off that is you know artists like boscia or even david sally who are doing this and I
borwell,1,1,Orwell | Boswell,likely misspelling / mishearing,salon-042,Great. The next piece is Tor Borwell. It's titled Flunky Flux. It's a video. Unit
boros,1,1,Boris | boras | bores,likely misspelling / mishearing,interview-028,"ve, you know, sort of the it's like the Earl Boros, I guess. But yeah, like, I keep kind of bri"
borio's,1,1,Boris's | bore's | brio's,likely misspelling / mishearing,salon-036,"r reading you could recommend for that?  The Borio's book, relational aesthetics. Well, there you"
borio,1,1,Boris | bore | boric,likely misspelling / mishearing,salon-036,ne thing. And then the other one is Nicholas Borio. The idea of a relational aesthetics. In oth
borgia,1,1,Borgia | burger | berg,likely misspelling / mishearing,salon-087,"e of audio as well. I have to say for Carmen Borgia, who also worked with me, I always work with"
bordeaux,1,1,Bordeaux,likely misspelling / mishearing,interview-008,"been presented as solo exhibitions in Paris, Bordeaux, Marseille, Hong Kong, Rio, London, Boston, "
borch,1,1,porch | Bosch | birch,likely misspelling / mishearing,salon-042,"ust in case we run out of video. Okay. Peter Borch, constant state of confusion, acrylic on can"
boraz,1,1,borax | boras | bora,likely misspelling / mishearing,salon-092,"oards, put the chip in my life. I am Michael Boraz, also known as Systaime. Since the mid 1990s"
borah,1,1,Torah | bora | boras,likely misspelling / mishearing,salon-106,"liar to you. Systaime, also known as Mikhail Borah. And he has shown at one of our salons befor"
booyah,1,1,hooyah | boyar,likely misspelling / mishearing,salon-024,"k, of these mediums is adding to the sort of booyah base here we have. There's nobody here that'"
bootsy,1,1,Boots | boost | boots,likely misspelling / mishearing,interview-025,"ak. There were people like Sun Ra, you know, Bootsy Barnes. I mean, so I was influenced by the f"
boobar,1,1,bobber | boo bar | boo-bar,"check: unusual word, term or non-English",salon-024,s easy and this is again this morning it's a boobar right as I'm walking out the door on my way 
bonheur,1,1,bonder | bonnier | bonier,"check: unusual word, term or non-English",salon-058,"ilmmaker Louis Bunuel. Well? Oh, yeah. Louis Bonheur is my favorite. Yeah, I mean, it had a lot o"
bonchetta,1,1,,"check: unusual word, term or non-English",salon-095,ne of the artists came into the group andrea bonchetta who he created an nft with sophia which was 
bonacito,1,1,bonito,likely misspelling / mishearing,interview-001,ur artists that joined up a guy named andrea bonacito I think or I don't know if I'm butchering hi
bonachetto,1,1,,"check: unusual word, term or non-English",salon-014,ve I believe it's so we have Andrea Bonaceto bonachetto and clive hold yeah so it should be a good l
bolito,1,1,bolt | bonito | boleti,likely misspelling / mishearing,salon-083,"ly a big influence on me. His son.  John and Bolito actually was also an influence on me, and in"
boimans,1,1,biomes | bowman's | biome's,"check: unusual word, term or non-English",interview-029,"er commissioned new work in Rotterdam at the Boimans Depot, which comes from that work. Which, by"
bohr,1,1,Bohr | boar | boho,likely misspelling / mishearing,salon-092,"e is I wanted to share this quote from Niels Bohr, who a hundred years ago was a founding memb"
bohorquez,1,1,,"check: unusual word, term or non-English",salon-028,"the 2001 Gallery on Melrose, curated by Chaz Bohorquez, who is now becoming a famous graffiti artis"
bohorkas,1,1,,"check: unusual word, term or non-English",salon-028, He was a graffiti artist. His name was Chaz Bohorkas. And he opened my eyes to graffiti and I sta
bogosian,1,1,Bogosian,likely misspelling / mishearing,salon-108,"hnologist, but also does visuals, and Bianna Bogosian.  Who does robotics and many other things, b"
bodoni,1,1,Bedouin | Bodoni,"check: unusual word, term or non-English",salon-090,"id, yeah. This is supposed to be in 48 point Bodoni Bowl. She said, that's right. She said, you'"
boatleg,1,1,bootleg | boat leg | boat-leg,likely misspelling / mishearing,salon-087,"sion, Caroline and Joë.  This piece is Delta Boatleg. The work refers to the use of delta waves i"
bluth,1,1,blush | Kluth | blithe,likely misspelling / mishearing,salon-091,"tional animations, beautiful animations. Don Bluth and Rick's. And so we didn't get to do the b"
blum,1,1,blue | Blum | plum,"check: unusual word, term or non-English",salon-089,"omebody. By Tommy mints. By the name of Neil Blum Stein, who. Him and a partner run a gallery "
bluey,1,1,blue | blues | blurry,likely misspelling / mishearing,salon-070,that I did. I took a photograph. You see the bluey leaf structures there. They were actually a 
bluetoothed,1,1,blue toothed | blue-toothed,likely misspelling / mishearing,salon-012,"s up into the air using a little app. And we Bluetoothed the winches and, you know, the cable so we c"
bludorn,1,1,bullhorn,"check: unusual word, term or non-English",salon-044,llery called VSOP up in Greenport that Scott Bludorn put together a few years back. And it was ac
bloomlog,1,1,bloom log | bloom-log,likely misspelling / mishearing,salon-014," Snapseed, Alien Sky, I adore Alien Sky, and Bloomlog. So, there you can see, I use a lot. I have "
bloomingdale,1,1,blooming dale | blooming-dale,likely misspelling / mishearing,salon-038, I was lucky enough to do all the windows in Bloomingdale. They wanted to do a surf theme and I knew t
bln,1,1,Ben | ban | bin,"check: unusual word, term or non-English",salon-043,". During that time, I shot the 360 video for bln even in Soho. So, actually I didn't find the"
blinn,1,1,blind | blink | bling,likely misspelling / mishearing,salon-091,"atched, went to see a lecture that had James Blinn and David M. And I saw, I came across, it's "
bletchy,1,1,blotchy,likely misspelling / mishearing,salon-043,"ry during World War II, there was the secret Bletchy Park code breaking operation in Britain. The"
bleriot,1,1,blurt,"check: unusual word, term or non-English",salon-064,at anything and build anything. So this is a Bleriot plane. It's about 20 by 20 feet. It's about 
bleachay,1,1,bleach | bleached | bleachers,likely misspelling / mishearing,salon-089, digital art history. The name of the app is Bleachay and I will drop it into the chat at the end 
blaue,1,1,Blake | blue | blame,likely misspelling / mishearing,salon-029,"t I'm getting at here, when they started the Blaue Reiter and when Kirchner started and his gro"
blau-ryder,1,1,,"check: unusual word, term or non-English",salon-109,"ressionism, people like, you know, Munch, de Blau-Ryder, de Brucke, and then moving into American ab"
blanken,1,1,blanket | blanked | blacken,likely misspelling / mishearing,salon-011, did with a choreographer named Billy. Billy Blanken of Sheep Meadow Dance Theater. This is him. 
blair,1,1,Blair | Clair | flair,likely misspelling / mishearing,salon-056,"are times where it's very sunny, and there's Blair, and you can't see it. But there are other t"
blackie,1,1,black | Blake,likely misspelling / mishearing,salon-014, The iPhone. The hipstamatic camera. And the blackie camera. And then I take. The pieces. And I. 
bizcom,1,1,biz com | biz-com,likely misspelling / mishearing,salon-103," she states, in this art series, I leveraged BizCom AI, an AI engine tailored for product design"
bitforums,1,1,bit forums | bit-forums,likely misspelling / mishearing,salon-095,"o meet Claudia Hart yesterday at her show in BitForums. And she's like, oh, I know Joseph and I kno"
bissig,1,1,Bissell | bison | Bissau,"check: unusual word, term or non-English",salon-109,"ssels were made in 2004 by myself and Daniel Bissig, a researcher there. And the wonderful thing"
bischoff,1,1,Bischoff,likely misspelling / mishearing,salon-025,Margie Hudo her ceramic pieces and also Beth Bischoff her very large gorgeous photographs black an
birkbeck,1,1,,"check: unusual word, term or non-English",salon-104,tain. She holds a History of Art degree from Birkbeck and a Master's in Museums and Gallery Manage
birdy,1,1,birds | bird | bird's,likely misspelling / mishearing,salon-027,"d was of that piece, which it looks a little birdy because my, my webcam is, I'm blurring out m"
birdman,1,1,Birman | bird man | bird-man,likely misspelling / mishearing,salon-023,round and also add textures to them. This is Birdman. This is a series. This is an app and I can'
biotechnics,1,1,biomechanics,likely misspelling / mishearing,salon-009,l show or full collection I called spiritual biotechnics and they just basically these are all prints
bioresearchers,1,1,,"check: unusual word, term or non-English",salon-102,"ti to an ice expert and Arctic explorer. To, bioresearchers and, to astrophysicists and astroengineers a"
biopsychological,1,1,,"check: unusual word, term or non-English",roundtable-003,tually the home to a substantial and intense biopsychological movement that is the result of the! Bottom c
bionalium,1,1,,"check: unusual word, term or non-English",salon-081,"biennial thing. We call it the digital banal bionalium on the bay, or something fun."
biologiny,1,1,biology,likely misspelling / mishearing,salon-099,. It's there. Because ontogeny recapitulates biologiny. The thing that's created? Must bear the fin
biocreative,1,1,,"check: unusual word, term or non-English",salon-102,"arge-scale networked dance and theater using biocreative technology. She founded Future Perfect Lab, "
biobat,1,1,biota,"check: unusual word, term or non-English",salon-102,"f the COVID pandemic. And in August of 2020, Biobat Artspace at the Brooklyn Army Terminal prese"
bioadapted,1,1,,"check: unusual word, term or non-English",salon-099,"orating with the Transforma theater group on BioAdapted, which is a reenactment investigatory docume"
bigotism,1,1,,"check: unusual word, term or non-English",salon-099,been put in these programs.  To continue the bigotism we see in the world. So I love this conversa
bieber,1,1,Bieber | bier | bibber,likely misspelling / mishearing,interview-009,"lars per stream.  Like unless you are Justin Bieber or like a very famous star, it really doesn'"
bidform,1,1,Biddeford | bid form | bid-form,"check: unusual word, term or non-English",interview-029,"so, here's something that was in this recent BidForm show, which has an early animation in it. So"
bickerton,1,1,bicker ton | bicker-ton,likely misspelling / mishearing,salon-038,vases from 3000 BC Mahjong. That's an Ashley Bickerton early piece from 1986 in the foreground. And
biblioteca,1,1,bibliotics | bibliotheca,likely misspelling / mishearing,salon-068,ipts I wrote to the wrong curators the wrong biblioteca librarians I wrote to the medieval manuscrip
bianna,1,1,Bianca | Brianna | Gianna,likely misspelling / mishearing,salon-108,"s a technologist, but also does visuals, and Bianna Bogosian.  Who does robotics and many other "
bharti,1,1,Bhakti,likely misspelling / mishearing,interview-019,"nd Tapestry in 1995 from Kala Bhavana Vishwa Bharti University, Santini Kanatan. During her time"
bharati,1,1,Bharati | Bahraini,likely misspelling / mishearing,interview-019,"So there are... My father, he was working in Bharati Electrical Limited. That's industrial area w"
bgsu,1,1,bugs | bags | begs,"check: unusual word, term or non-English",salon-044," had her for a graduate printmaking class at BGSU. And she said, hey, you're from Long Island."
betzel,1,1,Bethel | bezel | bethel,likely misspelling / mishearing,salon-102,nd I tried to do it myself. I studied at the Betzel Art Academy and a Belgian Cognitive Science 
bethlehem,1,1,Bethlehem,likely misspelling / mishearing,salon-102,"n collected by Louis David von Schweinitz in Bethlehem, Pennsylvania, in pools and streams that wou"
bethany,1,1,Bethany,likely misspelling / mishearing,salon-025,"the chat for people.  I will just go to you, Bethany. Now, the piece itself, or the series of ima"
betanet,1,1,beaten | beta net | beta-net,"check: unusual word, term or non-English",salon-060,"y.  Right. They have some term for it, like, Betanet or something like that, that they call the n"
bessel,1,1,vessel | Bessel | beset,likely misspelling / mishearing,salon-020,"e University, graduated as a Bessal scholar, Bessel? Okay. As well as a BFA and MFA degrees in c"
bessal,1,1,Bissell | Bessel,"check: unusual word, term or non-English",salon-020,"e from Penn State University, graduated as a Bessal scholar, Bessel? Okay. As well as a BFA and "
beso,1,1,best | peso | bees,"check: unusual word, term or non-English",salon-073," flickers of candlelight. Trembling with the Beso intonation of the priest. Then disappearing,"
beshear,1,1,be shear | besmear | be-shear,likely misspelling / mishearing,salon-105,"ts.  Alright, so yes. Yeah, my name is Teddy Beshear, and I'm presenting to you today a video gam"
beschrieblich,1,1,,"check: unusual word, term or non-English",salon-107,"ou., weil eine kleineellschaft wird wirklich beschrieblich wie hier sehen Sie bis durch Trans immense a"
bertram,1,1,Bertram,likely misspelling / mishearing,salon-068," like here, is the same one. And his name is Bertram. Bertram Brooker. The piece is from 1900. Hi"
bernoullia,1,1,Bernoulli,likely misspelling / mishearing,salon-042,"truvanos, Le Chat Noir, Lee Schnever, Prince Bernoullia, Vicente Rivera, Michael Poluconis, Michael "
bernado,1,1,Brenda | Bernardo,"check: unusual word, term or non-English",salon-077,But if I call myself I call my gallery space Bernado Lights.  Or I name it after my business e gr
bernadette's,1,2,Bernadette's | Bernadotte's,likely misspelling / mishearing,salon-053,again about what is painting. And then to... Bernadette's comment reminds me of Nat King Cole. I'm not
ber,1,1,her | bet | per,"check: unusual word, term or non-English",salon-098,ase share those changes those updates before ber Tag då Petto ei in simultaneous translation.
bentley,1,1,Bentley | Bentleys | bentleys,likely misspelling / mishearing,interview-005,n a Rolls Royce and their dad pulled up in a Bentley and as I was like helping them unpack and un
benitez,1,1,Benitez | Bennett,likely misspelling / mishearing,salon-037,"as. I think it was. I think it was Margarita Benitez was making one, a long time ago but we kind "
beninist,1,1,benefits | Leninist,"check: unusual word, term or non-English",salon-106,close my door.  We received funding from the Beninist government that produced three films on wate
benayoun,1,1,,"check: unusual word, term or non-English",salon-106,"I was lucky to meet some colleagues, Maurice Benayoun, Pierre Lévy. And the ambient was really. Ve"
bemcon,1,1,beacon,likely misspelling / mishearing,salon-097,"n tools resources labor footage rice observe bemCon digital art also can be in large formats, li"
beltline,1,1,belittling | belt line | belt-line,"check: unusual word, term or non-English",salon-103, because we're sort of at the far end of the beltline. I think it's a little bit of a bell curve o
bellmer,1,1,belier | bellmen,"check: unusual word, term or non-English",interview-011," and, you know, kind of creating works, Hans Bellmer, of course, and Joseph Beuys with the animal"
bellas,1,1,Bella's | fellas | bells,likely misspelling / mishearing,presentation-008,"enter for Photography, the Museo Nacional de Bellas Artes in Argentina, if I didn’t mispronounce"
bellamy,1,1,Bellamy | belay | bellman,likely misspelling / mishearing,interview-006,at's really famous is the portrait of edmund bellamy which sold for I think two hundred forty $14
belize,1,1,Belize | belike | belie,likely misspelling / mishearing,interview-030,And so I did my own box in a Belize in 2017. It was after a major election in th
believeth,1,1,,"check: unusual word, term or non-English",interview-025,he gave his only begotten son that whosoever believeth in him should not perish but have everlastin
belen,1,1,been | Helen | Belen,likely misspelling / mishearing,salon-077,"g Amazon River fish. And I was doing this in Belen, which is the northern mouth of the Amazon, "
belem,1,1,Belem | belle | Belen,likely misspelling / mishearing,salon-038,live animals. So this was done in Brazil and Belem in the Amazon. It's a live bird. We actually
beland,1,1,Leland | blend | bland,likely misspelling / mishearing,salon-077,her warehouse by the head of the aquarium in Beland. So the boundaries and all this is something
belam,1,1,Elam | beam | bedlam,likely misspelling / mishearing,salon-077," ray. They said no way. While I was there in Belam one died in captivity, so they brought it to"
beit,1,1,best | beat | bit,"check: unusual word, term or non-English",interview-002,really excited to have you on the show. It's beit in the book. So I'm really excited to have y
beingaccess,1,1,being access | being-access,likely misspelling / mishearing,presentation-003,and where art and science are colliding that beingaccess is actually where kind of the mystery it's s
bei,1,1,be | bet | bee,likely misspelling / mishearing,salon-100,d being Franc Mama That came up as well with bei Wilpert Ke planes ad��inha Lee Rel Lebenssch
behrin,1,1,Bahrain | Bahraini | Behring,"check: unusual word, term or non-English",salon-058,"lateral, CACA Museum, Kensey Institute, USA, Behrin Museum, National Gallery of Modern Art, Noda"
behaviour,1,1,behavior,likely misspelling / mishearing,salon-080,"tates, and it's really unfortunate. But such behaviour is not sustainable. Prolonged inequality and"
beezle,1,1,beetle | bezel,likely misspelling / mishearing,salon-022, to the moon what's up you're next move over beezle oh my goodness all right we do actually have
beeple's,1,1,beetles | beetle's,likely misspelling / mishearing,salon-095,And I thought Beeple's thing was pretty brilliant. I thought that w
beek,1,1,been | week | beer,"check: unusual word, term or non-English",salon-104,"e at Bell Labs, because they had Stan Vander Beek there, and Namjoon Pike, who was mentioned i"
bedworm,1,1,bedroom | bed worm | budworm,"check: unusual word, term or non-English",salon-109,nd out what they were but they were actually bedworm us which I picked up in thrift shops and ant
beddington,1,1,bedding ton | bedding-ton,likely misspelling / mishearing,salon-077,"seventh, 2023, and I'm zooming in from North Beddington, Vermont. The topic of today's salon is scul"
beckmann,1,1,Beckmann | Beckman | beckman,likely misspelling / mishearing,roundtable-001, styles ultimately. You have anyone from Max Beckmann and Paul Klee to Francis Bacon and Giacomett
beckett,1,1,Beckett | bucket | beckets,likely misspelling / mishearing,interview-010,"t I talk with my students a lot about Samuel Beckett has a quote that is ever tried, ever failed,"
becker,1,1,backer | bicker | decker,likely misspelling / mishearing,salon-102,"y, produced another museum exhibition at the Becker Museum of Art. And so, I am looking forward "
beaucoupe,1,1,beaucoup | beau coupe | beau-coupe,likely misspelling / mishearing,salon-092,k French very often where I'm from. So Merci beaucoupe presentation commentaires politiques say on 
bearden,1,1,bearded | bear den | bear-den,likely misspelling / mishearing,interview-025,"ny one particular person. I can't say Romare Bearden influenced me, although I admired his work. "
beale,1,1,Beale | belle | bale,likely misspelling / mishearing,salon-102,"oving Image, the Vanderbilt Planetarium, the Beale Center for Art and Technology, and Bruges Tr"
bdc,1,1,idc | b/c | bcc,"check: unusual word, term or non-English",salon-102,"ce at the MoMA Titus theater, as part of the BDC Summit, last summer, as a kind of live readi"
baywatch,1,1,Baywatch | bay watch | bay-watch,likely misspelling / mishearing,roundtable-002,"r. Just turn on your TV and watch, you know, Baywatch. I never watched that. But you know what? I "
baybrook,1,1,bay brook | bay-brook,likely misspelling / mishearing,salon-090,udio in digo Imperium C nah wave fleando Bay Baybrook nit wa Ken Watkins theater TV studio near Br
bauchner,1,1,Buchner | bauchneq,likely misspelling / mishearing,interview-012,d Elizabeth Murray and a little bit with Mel Bauchner and Judy Fath. But I'd say... I'd say that E
batshek,1,1,batches | batter | baths,"check: unusual word, term or non-English",salon-018, Cooper Gallery in New York. And the current Batshek projects are all based loosely on the book I
batavia,1,1,Batavia | Batavian,likely misspelling / mishearing,salon-052," experiences because, you know, I've been at Batavia in the Chicago area. And so there is somethi"
bassett's,1,1,bassets | basset's | bassets's,likely misspelling / mishearing,salon-029,ad no more inkling of people like Kiefer and Bassett's decades.  Kandinsky had no more idea about P
basquiat's,1,1,,"check: unusual word, term or non-English",salon-027,and this is I more or less the equivalent of Basquiat's crown it's my eye of truth and it always tak
baskville,1,1,,"check: unusual word, term or non-English",salon-078,"xample.  Unless they unless it's native that Baskville has been on, how you would stylize basket. A"
bashar,1,1,Bashar | basher | bashaw,likely misspelling / mishearing,interview-006,post-internet art that was curated by Shumon Bashar and Hans Ulrich Obrist for God's sakes. You 
baruch,1,1,Baruch | Brach | branch,likely misspelling / mishearing,salon-080, did a presentation to Gail Levin's class at Baruch and it was to her art marketing class. It wa
bartlett,1,1,Bartlett,likely misspelling / mishearing,interview-019,know my teeth is full of design and Jennifer bartlett there's a design and a beauty. Kalimba Shari
bartholomew,1,1,Bartholomew,likely misspelling / mishearing,salon-031,l. also if you guys have never heard of this bartholomew traubach guy he does the tree rings like whe
barrick,1,1,barrack | Garrick | Darrick,likely misspelling / mishearing,interview-018,"gas, the Las Vegas Art Museum at the Marjory Barrick Museum of Art, University of Nevada, Las Veg"
barotype,1,1,barytone,"check: unusual word, term or non-English",salon-104,interested in anything I made in 1962 with A barotype or a headliner. That's what it was called. N
barkley,1,1,Barkley | Barclay | barley,likely misspelling / mishearing,salon-080,"he woman who lived around the block, Natalie Barkley Jones, was the curator for 18 t's corporate "
bari,1,1,Bari | Barry | bare,likely misspelling / mishearing,salon-088,w the next group who are presenting is Riyan Bari and Anaya Shah.  This is Riyanne Burri's wor
bargue,1,1,argue | barge | barque,likely misspelling / mishearing,salon-106,he famous academic drawing course by Charles Bargue. It is precisely on this foundation that I p
barbados,1,1,Barbados | barbapdos,likely misspelling / mishearing,salon-085,"orld after a year, like we were playing with Barbados.  And so some impossible happens suddenly. A"
baraka,1,1,bark | barker | baroque,likely misspelling / mishearing,interview-016,"ouac. And of course, above all for me, Amiri Baraka, who I had the pleasure and honor to meet ye"
banton,1,1,Barton | Anton | Benton,likely misspelling / mishearing,salon-022,"well. You know, because I mean, artists like Banton Bowinkle and things like that, you know, and"
banpo,1,1,banjo,likely misspelling / mishearing,interview-008,ce of Neolithic pottery it's happens to be a Banpo M4 from 4000 BC. And this is the startup cod
bangor,1,1,Bangor | banger,likely misspelling / mishearing,salon-089,ge spread of an image from my work called In Bangor. And this work talks about two sisters. I ma
bangert,1,1,bangers | banger | Bangor,likely misspelling / mishearing,salon-090,ball Ruth and Jay Levitt Colette and Charles Bangert and my husband Gene who was in the mid 1980s
bangalore,1,1,Bangalore | Mangalore | bungler,likely misspelling / mishearing,salon-088,ust now and Dhruv is from Sala Villa Academy Bangalore. Am I right? Correct.
banash,1,1,banish | ban ash | ban-ash,likely misspelling / mishearing,salon-037," And the little bird, purple swallow, marten banash, squeezes softly and burrows into sleep, wai"
banasch,1,1,banish,"check: unusual word, term or non-English",salon-040," And the little bird, purple swallow, Martin Banasch, squeezes softly and burrows into sleep, wai"
baluchi,1,1,Baluchi | Baluch | blanch,likely misspelling / mishearing,salon-047,"yles like, Bakhtiari with Isfahani and, and, Baluchi and that sort of thing and seeing what we go"
balkrishna,1,1,,"check: unusual word, term or non-English",salon-022,"t.  Well it was also based off an architect, Balkrishna Dasheed. He was an Indian architect who desi"
balbe,1,1,babe | bale | blab,likely misspelling / mishearing,salon-106,"So I, I started here my PhD with Jean-Pierre Balbe. And I was lucky to meet some colleagues, Ma"
bakish,1,1,banish | rakish,likely misspelling / mishearing,salon-107,her figures or silver linings just dreamlike bakish restrictions right now it was bad enough so 
bakersfield,1,1,Bakersfield,likely misspelling / mishearing,salon-078," child came he sold his car to a man over in Bakersfield, and then we settled down and held on to eac"
bain,1,1,pain | main | Bain,"check: unusual word, term or non-English",salon-014," And I took a class from a woman named Susan Bain, B-E-I-N. She's in Portland. And it did that"
bahia,1,1,Bahia | bah | Bahai,likely misspelling / mishearing,salon-110," Klein-Samsom. Right now, I'm in Salvador de Bahia, Brazil, but I'm based in Patagonia, Argenti"
badil,1,1,basil | Bali | bail,likely misspelling / mishearing,interview-007, is. So. Oh yeah. This is this is the famous Badil broad steps. Set this is one I mean I think 
badi,1,1,bad | bade | bai,likely misspelling / mishearing,salon-046,"ple from the, we have Marjan, Ghazaleh, Seda Badi, Azra, Azra is that, I think I saw you out i"
bader,1,1,Nader | Bauer | baker,likely misspelling / mishearing,salon-020,st Hampton on a windmill the night that Ruth Bader Ginsburg died. I put together a projection s
bachelet,1,1,Bachelet | bachelor,likely misspelling / mishearing,salon-029,"nt Greeks, as he said, as much as Pollock or Bachelet sought to live like Kandinsky, Minter, or Ki"
bach's,1,1,backs | back's | bacc's,"check: unusual word, term or non-English",salon-052,"th music. And he was a big fan of stuff like Bach's Goldberg Variations and so on. Now, another "
azerbaijanis,1,1,Azerbaijan's | Azerbaijanis | Azerbaijani's,likely misspelling / mishearing,salon-087,"tearing each other apart, like Armenians and Azerbaijanis, Arabs, and the Ukrainians and Russians. So "
azerbaijan,1,1,Azerbaijan | Azerbaijani,likely misspelling / mishearing,salon-030,"t I mean, it's like, you know, like Baku and Azerbaijan, Yerevan and Armenia and Turkey, you know, m"
azadi,1,1,aside,"check: unusual word, term or non-English",salon-061, zan which means woman and then zendagi life azadi freedom so it's woman life freedom and the m
ayia,1,1,aye | alia | aria,"check: unusual word, term or non-English",salon-050,"or in September. To see those three.  Here's Ayia, Colin's daughter holding the card that was "
aygul,1,1,,"check: unusual word, term or non-English",presentation-003,"l Sea.  Seven artists, including 20-year-old Aygul Sarsen, who grew up in a town in the former "
axadras,1,1,exedras,"check: unusual word, term or non-English",salon-037, that sort of thing you know on one of these axadras like Colin has and the thing is that about a
avons,1,1,Avon's | anons | aeons,likely misspelling / mishearing,salon-076," Lee can demonstrate that. Bien sûr. Si nous avons parlé en français, fait-il en anglais? Wow. "
avedon,1,1,,"check: unusual word, term or non-English",roundtable-001,"d I'll just show you one example by La Turbo Avedon, which was this overlaid mirror onto the web"
avec,1,1,ave | aves | aver,likely misspelling / mishearing,salon-106,"La part de chance dans ton travail avec Léa. Yeah, okay."
autopoiesis,1,1,,"check: unusual word, term or non-English",interview-012,layers of realities. Feedback recursivity on autopoiesis diagram.
automaticorno,1,1,,"check: unusual word, term or non-English",salon-101,"astructure rapid calculation AI Supported AI Automaticorno horizontal Free hacker Cop incred Yeah, that"
autocad,1,1,auto cad | auto-cad,likely misspelling / mishearing,salon-053,"y, the computers came up. And then I learned AutoCAD. Then I learned Vim. And then other software"
autista,1,1,Bautista | autistic | autism,likely misspelling / mishearing,salon-060,erywhere.  Because it's under my own art web autista. Right. But can you give us an example? Do y
aussie,1,1,Aussie | assume | assure,likely misspelling / mishearing,salon-013,finitely is local and then there's one other Aussie in there. Oh yeah. I looked up that guy on I
augustine,1,1,Augustine | augustines | augustness,likely misspelling / mishearing,salon-078,"on into Spanish of the City of God. By Saint Augustine, and the artist's name was Kano de Oranda.  "
audubon,1,1,Audubon,likely misspelling / mishearing,salon-087,e beautiful Willamette Valley. So Pajaro the Audubon began in a late night in some of the at comm
audre,1,1,Andre | Audrey | Audi,likely misspelling / mishearing,salon-043,try while in undergrad and I was mentored by Audre Lorde. My M.D. Degree was obtained in 1978 f
aubin,1,1,Rubin | auburn | auxin,likely misspelling / mishearing,salon-106,"my slide. Okay. It's that my, I was, Sylvain Aubin was a cousin of mine in 70, in 82. I worked "
aubert,1,1,Albert | Aubrey | Aubert,likely misspelling / mishearing,salon-106,is one of the first piece I did with Olivier Aubert and Thierry Fournier. And it was for a museu
attlee,1,1,Attlee | attire | att.,likely misspelling / mishearing,salon-084,. But there's there was a huge collaborative attlee like structure. And you know it's not a sell
atta,1,1,at | ate | Etta,"check: unusual word, term or non-English",salon-021," the lives of the people who were there? And Atta, when he did the research for this, went to "
ation,1,1,action | nation | ration,likely misspelling / mishearing,salon-106,We call today Paris-Rite as Université de Création. So it's a creation-oriented university. So 
atassabian,1,1,,"check: unusual word, term or non-English",salon-087,so much. This is Forbidden Flowers. By Nedin Atassabian Likhti. I'm not sure. I'm not sure if they'r
atariana,1,1,oration,"check: unusual word, term or non-English",salon-096, in touch with his work through the projects Atariana that we did here about a year ago with to ex
astroengineers,1,1,,"check: unusual word, term or non-English",salon-102,", bioresearchers and, to astrophysicists and astroengineers and a robot named Shimon. And in 2020, I was"
astor,1,1,Astor | actor | Aston,likely misspelling / mishearing,interview-029,"it was on Lafayette Street, and approx… near Astor Place."
aspara,1,1,aspire | Asmara | aspera,"check: unusual word, term or non-English",roundtable-004,ul star image I just want to have this title aspara astra which is latin from seneca it means ro
aslo,1,1,also | Oslo | asl,"check: unusual word, term or non-English",presentation-003,e Oceanographic Institution. So that was the ASLO conference in Glasgow and Susanne Menden-Deu
asiad,1,1,Asian | Asia | Assad,likely misspelling / mishearing,salon-093,"versity in places like USAide and Boston and AsiaD Auto stores and Awesome. Thank you, Steve. S"
ascott,1,1,Scott | Alcott | ascot,likely misspelling / mishearing,interview-004,g for my PhD recently.  Up in Wales with Roy Ascott at CAIA. And it seemed to be a very rich and
asador,1,1,assessor | assertor | assayer,"check: unusual word, term or non-English",salon-100,o this just the communication back and forth asador at the u.s embassy really pushed us to be cu
arturnal,1,1,arterial,"check: unusual word, term or non-English",salon-011,"our own Web site, maybe Help for the Planet, Arturnal and your Instagram? OK, I'll start typing th"
artspace,1,1,art space | art-space | arts pace,likely misspelling / mishearing,salon-102,"OVID pandemic. And in August of 2020, Biobat Artspace at the Brooklyn Army Terminal presented time"
artsmack,1,1,art smack | art-smack,likely misspelling / mishearing,salon-062,sued by a group of artists. That's what this ArtSmack podcast was about today with Jerry Gagosian.
artscow,1,1,arts cow | art scow | arts-cow,likely misspelling / mishearing,salon-015,"ould find the website. I think it was, gosh, artscow.com, A-R-T-S-C-O-W might be the website. It "
artronic,1,1,,"check: unusual word, term or non-English",presentation-004," She was working in the mid to late 80s with Artronic, creating some of the first computer imaging"
artrage,1,1,art rage | art-rage,likely misspelling / mishearing,salon-028,hose use those bottom ones use procreate and artrage and these the icons and the adjusted cells u
artote,1,1,airtight,"check: unusual word, term or non-English",interview-006, fan of but you know of people like antonine artote who are you know people who are really you k
artnews,1,1,art news | art-news | artiness,likely misspelling / mishearing,interview-030,"as also been featured in The New York Times, ARTnews, El País, and the Los Angeles Times. So, aga"
artmine,1,1,airtime | atropine | art mine,"check: unusual word, term or non-English",salon-037,with Playform in which you can go out called ArtMine. And you can go out and pick any one of thes
artmark,1,1,artwork | Aramark | art mark,"check: unusual word, term or non-English",salon-009,"30 years. I've been part of collectives like Artmark, the Yes Men, Pocha Nostra, Second Front, Ma"
artlupa,1,1,,"check: unusual word, term or non-English",salon-036, I think Michael Price uses something called ArtLupa. Is that it? I think that sounds right. And 
artland,1,1,Cartland | art land | art-land,likely misspelling / mishearing,salon-045,"erport capture. But if you need a contact at Artland, you know, I could pass on my contact who sh"
artivi,1,1,artily,"check: unusual word, term or non-English",salon-084," just wanted to make a quick shout out about Artivi, or Art of Colin has an entire book where I "
artive,1,1,active | arrive | Artie,likely misspelling / mishearing,salon-084," And then there's a companion website called Artive Bridge, which is where you upload your still"
artiv,1,1,Art | art | Artie,"check: unusual word, term or non-English",salon-084,"enter inside it, sort of a different kind of artiv, or whatever that software's call where I pr"
artisthood,1,1,artist hood | artist-hood,likely misspelling / mishearing,salon-109, is communities and dialogue and dialogue on artisthood and prose if we could just explain what real
artistease,1,1,artistes | artist ease | artist-ease,likely misspelling / mishearing,salon-014,me people are saying are problematic with an artistease they've already kind of been issues within t
artify,1,1,ratify | artily,likely misspelling / mishearing,salon-087, on the book's pages when viewed through the Artify mobile application. The piece was selected f
artics,1,1,attics | antics | attic's,likely misspelling / mishearing,salon-090,"he forefront of developing acrylic paint for artics, and it was wonderful to use. I wasn't going"
artford,1,1,Hartford | dartford | art ford,likely misspelling / mishearing,roundtable-005," into the door of the University of Hartford Artford Art School, and I wasn't in there 3 min. And"
artes,1,1,rates | Aries | arts,likely misspelling / mishearing,presentation-008,"or Photography, the Museo Nacional de Bellas Artes in Argentina, if I didn’t mispronounce that "
artennships,1,1,,"check: unusual word, term or non-English",salon-101,"s Gwangju Almenies for its Daddy anniversary artennships.  Educational initiatives, and cultural exch"
artefacts,1,1,artifacts | artifact's,likely misspelling / mishearing,salon-051,presup ala can communicate through shapes of artefacts and adjusted props and animations to obtain 
arte,1,1,are | rate | arts,likely misspelling / mishearing,salon-052,"wrote a book called The Art of Noise. Again, arte di rumore. But his concerts would be people "
artblocks,1,2,art blocks | art-blocks,likely misspelling / mishearing,salon-010,"hat was really interesting, too. Absolutely. Artblocks. Artblocks actually runs code and you buy an"
artaud,1,1,atrium | Artaud,"check: unusual word, term or non-English",interview-024," mean, the mission might have been okay with Artaud, but I don't think in the present tense it a"
arshaad,1,1,arcade | arched,"check: unusual word, term or non-English",salon-022,o was teaching me about Wasile Kandinsky and Arshaad Gorski and all these other abstract expressi
arroba,1,1,Arbor | arbor,"check: unusual word, term or non-English",salon-097,"s my contact information. My email, my kobe, arroba, my kobe at gmail. My handle, Garabatos PR. "
arqua,1,1,aqua | arc,likely misspelling / mishearing,salon-089,ean.  The second moving image that I did was Arqua turbulentum and that was based on Lucas Tanz
arpod,1,1,April | apron | EarPod,"check: unusual word, term or non-English",salon-008,ew York. I'm an artist curator. Also I found ARPOD. ARPOD is a mobile app you can download to s
arosert,1,1,arrest,"check: unusual word, term or non-English",presentation-004,de and the city sponsored it the city called Arosert. I thought they made up that name tech but t
armenians,1,1,Armenians | Armenia's | Armenian's,likely misspelling / mishearing,salon-087,"ogether, like tearing each other apart, like Armenians and Azerbaijanis, Arabs, and the Ukrainians "
armenia,1,1,Armenia | Armenian,likely misspelling / mishearing,salon-030," know, like Baku and Azerbaijan, Yerevan and Armenia and Turkey, you know, most of the eastern ci"
arles-sur-tec,1,1,,"check: unusual word, term or non-English",salon-053,is idea to when I had an artist residency in Arles-sur-Tec.  Where I really just wanted to get away. An
arkady,1,1,Arkady | arcade | arcady,likely misspelling / mishearing,salon-015,"ol, learned platinum palladium printing from Arkady Lvov, who's kind of a master printer and ope"
aries,1,1,Aries | cries | tries,likely misspelling / mishearing,salon-110,erience the loop family reunion I don't know aries if you wanna say something like you wanna ad
arias-mondi,1,1,arias-mondo | arias-tondi | arias-modi,likely misspelling / mishearing,salon-042,Guillermo Arias-Mondi from the Canary Islands. The title is 100921
argullosa,1,1,,"check: unusual word, term or non-English",salon-071,ted this on monday and it has a spanish name argullosa which means pride or proud actually so I tri
arcjets,1,1,arc jets | arc-jets,likely misspelling / mishearing,salon-098,"matically based image where I incorporated., arcjets crisis two in two ways. It look like it was "
archo,1,1,arch | archon | ancho,likely misspelling / mishearing,salon-090,"ell and Jen Serleman, Directors, The Sigriff Archo Archives. Thank you very much. Okay, awesome"
archimedean,1,1,Archimedean,likely misspelling / mishearing,interview-021,"hip between these non-cubical polyhedra, the Archimedean solid of the Eicosahedron, they're clustered"
archie,1,1,Archie | archive | archil,likely misspelling / mishearing,salon-096,d I'm also a member of a group called Mother Archie visited which is a group of artists that are
arcan,1,1,arcane | arctan | arc-an,likely misspelling / mishearing,salon-051, go on to show you what I have done with the ARCAN. So I will begin with AI engines. First is N
arbus,1,1,Argus | Arbus | airbus,likely misspelling / mishearing,interview-023, That characterized the photographs of Diane Arbus as Rorschach images of her subjects. So thos
aralel,1,1,arable,likely misspelling / mishearing,salon-090," a camera with a person outside the gallery, Aralel, interviewing each other. Interviewing each "
aral,1,1,oral | arak | aural,"check: unusual word, term or non-English",presentation-003," Its exhibition is entirely dedicated to the Aral Sea.  Seven artists, including 20-year-old A"
arad,1,1,Brad | grad | rad,"check: unusual word, term or non-English",interview-010,", I'm really inspired by two artists, Philip Arad, who is a really fantastic digital collage m"
approx,1,1,approx.,likely misspelling / mishearing,interview-029,"Yeah, it was on Lafayette Street, and approx… near Astor Place."
appro,1,1,apron,likely misspelling / mishearing,interview-027,ade the case for dropping the word style and appro and replacing it with the word approach whic
applum,1,1,aplomb,"check: unusual word, term or non-English",salon-082,"ghed heartily at this cockshore bravado. His applum was reassuring. Encouraging. Our gloomy, unc"
appleton,1,1,Appleton,likely misspelling / mishearing,interview-007,"as back in Wisconsin, which I love. I was in Appleton, Wisconsin. Because they East coast. That Ea"
apocalyptimist,1,1,,"check: unusual word, term or non-English",interview-030,"ere's a subtitle, like, the… How I Became an Apocalyptimist. So, like, the first group was, like, all pe"
aoi,1,1,air | moi | ani,"check: unusual word, term or non-English",salon-098,"h he sold it. And then it became part of the AOI collection back in, shortly thereafter.  So "
ao,1,1,so | ago | ado,"check: unusual word, term or non-English",salon-101,r So my advantage was it actually lift up my ao paint and actually opened up my eigentlich p
anyushka,1,1,,"check: unusual word, term or non-English",salon-080,"th Techspressionism partis salon. I'm Renati Anyushka, and I'm coming to you today from the villag"
anwar,1,1,Anwar | aware | anar,likely misspelling / mishearing,salon-050,ears using digital art as the basis. This is Anwar Pandith. He was from Kashmir province in Ind
anushevska,1,1,,"check: unusual word, term or non-English",salon-104,"pressionism, among other things. I'm Renadia Anushevska, and I'm coming to you from Lion's Head in O"
anubis,1,1,Anubis,likely misspelling / mishearing,salon-102,"So a lot of the stories are also incorporate Anubis, who is the Jekyll god, and I wanted to kind"
antonine,1,1,Antonine | Antoine | antenna,likely misspelling / mishearing,interview-006,ke a huge fan of but you know of people like antonine artote who are you know people who are reall
antone,1,1,anyone | Antony | Anton,likely misspelling / mishearing,salon-050,"lso, I urge people to go look at Felipe. And Antone, what he's been doing with tile murals becau"
antoinette,1,1,Antoinette | Antionette,likely misspelling / mishearing,interview-026,"e, I'm going to read this. A friend of mine, Antoinette Lafarge, posted an experiment she'd done wit"
antipas,1,1,Antilles | antipasto | antipasti,"check: unusual word, term or non-English",salon-019,"ns called Barristers run by a guy named Andy Antipas, who unfortunately is probably not going to "
anti-dei,1,1,anti-die | anti-dee | anti-desi,likely misspelling / mishearing,salon-099,"those countries, to have them sign on to the anti-DEI policies and postures of the, current admini"
anthony,1,1,Anthony | Antony,likely misspelling / mishearing,salon-091,ok on Polyhedra Polyhedra Visual Approach by Anthony Pugh is a brilliant book.  He's part he was 
antalya,1,1,Antalya | Anatolia | Natalya,likely misspelling / mishearing,salon-062,"expensive building came up here. Its name is Antalya. And the reason of... Taking that was that, "
ansel,1,1,Ansel | angel | Hansel,likely misspelling / mishearing,salon-083,"eally photography, and obviously people like Ansel Adams.  Dean Belcher, who works quite a lot "
anos,1,1,anon | ants | anis,"check: unusual word, term or non-English",salon-090,reball collected over embankments over piano anos Thanksgiving pool noch study Thank you.  Oka
anonymme,1,1,anomy,"check: unusual word, term or non-English",salon-092,Anonymous anonymme special de compound.
anographique,1,1,,"check: unusual word, term or non-English",salon-106,"very complex project I did for the Museum Océanographique de Monaco. It's a 20 meter by 9 meter, 9 met"
annashewska,1,1,,"check: unusual word, term or non-English",interview-028,"ly cool. There's another artist who's Renati Annashewska, who is our Instagram curator. And we were t"
ankashiman,1,1,,"check: unusual word, term or non-English",salon-099,"ee Ada Loveless and, Lucy Mering.  Lucy's by Ankashiman and Ada Loveless by Joan Goh. And then, like"
anishovska,1,1,,"check: unusual word, term or non-English",salon-079,Hello and welcome. I'm Renati Anishovska. And I'm speaking to you from the village of
anishefska,1,1,,"check: unusual word, term or non-English",salon-091,"rnet, actually our Instagram curator, Ranani Anishefska, will see those posts.  With hashtag Techspr"
anish,1,1,Amish | anise | banish,likely misspelling / mishearing,salon-061,e you guys talking about the bean sculpture? Anish Kapoor? Yeah. The bean. Yeah. Yeah. Yeah. Th
anglais,1,1,Angeles | angles | Anglos,"check: unusual word, term or non-English",salon-076," Si nous avons parlé en français, fait-il en anglais? Wow. It's trying to figure out what languag"
angie,1,1,Angie | Annie | angle,likely misspelling / mishearing,salon-049,"I remember Angie saying to me when I said, my work is about t"
andzenia,1,1,,"check: unusual word, term or non-English",salon-098,eight minute assimilation video by Ai Weiwei andzenia deix EsMP range still showing our wedding ex
andyou,1,1,and you | Andy | and-you,likely misspelling / mishearing,presentation-003,hought emerges. You're matching in frequency andyou make a circle and when one person is more di
anduzbekistan,1,1,,"check: unusual word, term or non-English",presentation-008,"n the US, the UK, Europe, Canada, Australia, andUzbekistan. And she's got work permanently in San Diego"
andtechspressionist,1,1,,"check: unusual word, term or non-English",presentation-008,"d now I am a full-time artist, technologist, andTechspressionist.  I thought I'd start with this very short 1"
andersen,1,1,Andersen | Anderson,likely misspelling / mishearing,salon-089,tory of the Little Mermaid by Hans Christian Andersen. And it's a truly cruel and terrifying story
andalusian,1,1,Andalusian | Andalusia,likely misspelling / mishearing,salon-058,"Shannon Alderloo, which obviously, you know, Andalusian dog, which was made, you know, in conjunctio"
ancestros,1,1,ancestors | ancestry's | ancestor's,likely misspelling / mishearing,salon-106,"game, a video game. The name is Au Futur des Ancestros, in which you will have the different enviro"
anc,1,1,and | any | an,"check: unusual word, term or non-English",salon-093,in public events and laws and traditions and anc Western beauty gives us really amazing insig
anaszewska,1,1,,"check: unusual word, term or non-English",interview-027,"I can identify, you know.  A piece by Renati Anaszewska or Tommy Mintz. Even if I've never seen it b"
anastasia,1,1,Anastasia,likely misspelling / mishearing,interview-005,hat some of the things that I was doing. The Anastasia like I'm
anandol's,1,1,Annabel's,"check: unusual word, term or non-English",salon-067," I'd love to see... You know, I was at Rafiq Anandol's installation at the Museum of Modern Art. An"
analogization,1,1,,"check: unusual word, term or non-English",salon-103,"ype of melanated face. To perform prefrontal analogization of either oppositeκ African American, Africa"
anaheim,1,1,Anaheim | anajeim,likely misspelling / mishearing,salon-054,. The. Dome. Festival dome film festival. In Anaheim. At the coast. Coast college planetarium. Wh
anadol's,1,1,Annabel's | anode's | anodal's,"check: unusual word, term or non-English",salon-095,"Well, like MoMA's acquisition of Rafiq Anadol's work that was exhibited there, the AI piece,"
anacronym,1,1,an acronym | an-acronym,likely misspelling / mishearing,salon-033,n in the universe and it's that it's also an anacronym that needs something else and again it's a i
amtrak,1,1,Amtrak,likely misspelling / mishearing,salon-109,t the Duchamp show.  I'm actually taking the Amtrak down to the city tomorrow. So that's on my l
amokian,1,1,,"check: unusual word, term or non-English",salon-020,"lso a collaboration with Chris Holland, Igor Amokian, which is his stage name. And it's called Or"
amo,1,1,ma | emo | aro,"check: unusual word, term or non-English",salon-087,rtment building or office space in some ways.amo Here we are.
amiri,1,1,Amir | Amari | Amira,likely misspelling / mishearing,interview-016,"ck Kerouac. And of course, above all for me, Amiri Baraka, who I had the pleasure and honor to "
amina,1,1,Amina | Mina | main,likely misspelling / mishearing,salon-012, to show a few of these. So... That's before Amina Farah. So... Okay. So I'm fast forwarding ag
americk,1,1,America | amerce,likely misspelling / mishearing,salon-043,"nd, an undergrad student working with Pierre Americk, postdoc. And what I'm doing. And when I com"
americana's,1,1,Americana's | American's | Americano's,likely misspelling / mishearing,salon-032,of the specific building and the kind of the Americana's are really good in that way. So I'm going to
amenpour,1,1,amen pour | amen-pour,likely misspelling / mishearing,salon-065,"'re saying. This morning, I was listening to Amenpour and company.  And, in fact, I listened to he"
amel,1,1,amen | Amelia | camel,"check: unusual word, term or non-English",salon-072,e Moritz Albrecht from Frankfurt and we have Amel Avika from India and of course Sahar from Ir
ambika,1,1,amebic,"check: unusual word, term or non-English",salon-046,"And this is the exhibition at Ambika P3 with my other work, with Akselo Scholder,"
ambassery,1,1,,"check: unusual word, term or non-English",salon-013,"r voices, it's not the war here. It's Church Ambassery Festival because we celebrate the last Tuesd"
alvy's,1,1,ally's | Alva's | levy's,likely misspelling / mishearing,salon-090,"hted to use and explore the functionality of Alvy's paint system. By then, I had been painting l"
alvin,1,1,Alvin | Calvin | Alain,likely misspelling / mishearing,salon-010,ms. And I got involved because I come across Alvin Ray Smith's paper on the Color Cube. I was j
alvie,1,1,alive | Alvin | Allie,likely misspelling / mishearing,presentation-004,"inting? I think well, here's a definition by Alvie Ray Smith, an early computer digital artist."
alvaro,1,1,Alvaro | altar | Alfaro,likely misspelling / mishearing,salon-099,"ese are migration boats that a collaborator, Alvaro from Colombia, did for us. So the audience w"
alvarez,1,1,Alvarez,likely misspelling / mishearing,salon-086,was the site of a performance by Wamuu. Juan Alvarez has a musical that he's putting together usi
altria,1,1,Altria | atria,likely misspelling / mishearing,salon-059,"ing that, you know, it's like meta or was it Altria having to do with, you know, like the Philip"
alterating,1,1,alternating | altercating | alliterating,likely misspelling / mishearing,salon-063,"Snapseed. And also in StoryZ, I'm doing some alterating.  And I just, I think it wouldn't be complet"
altcoins,1,1,alt coins | alt-coins,likely misspelling / mishearing,salon-017,", especially ones that offer lazy minting or altcoins that aren't as exorbitant. I did a mint toda"
alphaway,1,1,alphabet | alpha way | alpha-way,"check: unusual word, term or non-English",salon-105,"h a friend of his.  We brought it, he had an Alphaway machine, and I said, wow, wouldn't it be gre"
alper's,1,1,alters | Alpert's | alders,"check: unusual word, term or non-English",salon-029,end part of my life. And I was reading Annie Alper's texts a few years ago. And that's where the 
almenies,1,1,lameness,"check: unusual word, term or non-English",salon-101,ee. But GMA has always been known as Gwangju Almenies for its Daddy anniversary artennships.  Educ
alman,1,1,Alan | Allan | Alma,likely misspelling / mishearing,presentation-002,"ly you would say it's a meme generator.  Sam Alman, the CEO of OpenAI, is trying to compete wit"
alluminium,1,1,aluminum,likely misspelling / mishearing,salon-013,hese ones the mirrored ones I'm getting some alluminium frames powder coated to like red green like 
allan,1,1,Allan | Alan | Allen,likely misspelling / mishearing,interview-025,"u know, people, traditional poets like Edgar Allan Poe and James Weldon Johnson.  And I started"
alimentan,1,1,alimental | aliment an | aliment-an,likely misspelling / mishearing,salon-057,enza world en medio de toda esta pandemia se alimentan muchas preocupaciones sobre Santa madre What
alicia's,1,1,Alicia's | Alycia's | Alecia's,likely misspelling / mishearing,salon-088, and thank you for helping in explaining the Alicia's Aisha's work. Also.
alicia,1,1,Alicia | Alecia | Galicia,likely misspelling / mishearing,salon-088,"was the 1st stage the artwork is given to by Alicia, to her."
alibaba,1,1,Alibaba | Alabama,likely misspelling / mishearing,salon-013,". That online place, Ali Ali. Ali express or Alibaba. That's it. Yes. So I've been buying stuff o"
algorithmists,1,1,,"check: unusual word, term or non-English",presentation-009, He's actually part of a movement called the algorithmists who use algorithms to create abstraction. An
algorithmics,1,1,algorithmic,likely misspelling / mishearing,salon-018,or of the term of algorithmic portraiture or algorithmics.  But he said that he thought it was very us
algorists,1,1,allegorists,likely misspelling / mishearing,salon-045, and I respect that you know I feel like the algorists really were the first organized computer art
algorist,1,1,allegorist,likely misspelling / mishearing,salon-045,x and he said well actually I identify as an algorist but I appreciate what you guys are doing and
algorand,1,1,,"check: unusual word, term or non-English",salon-017," still with Ethereum, but I own Tezos, I own Algorand, I have all these other coins.  I'm just wai"
algenal's,1,1,Allan's,"check: unusual word, term or non-English",salon-051,a lot of work in Playform. So I knew of Mr.  Algenal's work in Generator of Vengeance. So I gave hi
algarist,1,1,allegorist,"check: unusual word, term or non-English",salon-045,"ime as, you know, but Vera Molnar is also an Algarist, you know. So, I mean, it's. You know so tha"
algaris,1,1,Algiers,"check: unusual word, term or non-English",salon-037,Virosko. Who's part of this group called the Algaris. Who has kind of adopted me in a way. But wh
algamal,1,1,agleam,"check: unusual word, term or non-English",salon-059,y got into this thing with a guy named Ahmed Algamal with Playform and me and Anne and Carla. And
alfaro,1,1,Alfaro | Alfa | Alvaro,likely misspelling / mishearing,roundtable-001," a workshop run by a Mexican muralist, David Alfaro Siqueiros. And Siqueiros came to New York in"
aleya,1,1,Alexa | Alena | alley,likely misspelling / mishearing,salon-072," off, let me share some notes from work with Aleya Godman and synthetics responsecleaning about"
alexa,1,1,Alexa | Alex | Alexia,likely misspelling / mishearing,salon-052,"er you're looking at everything from Siri to Alexa, on over to the voice command modules on alm"
aldryn,1,1,aldrin,likely misspelling / mishearing,salon-021,"glowing.  I see. Hold on. Let's not do that, Aldryn. Okay. I had problems with gallerists, thoug"
aldous,1,1,Aldo's | alders,likely misspelling / mishearing,salon-048," Is. Kind of what happened back in 1990 when Aldous Pagemaker came out and basically, you know, "
aldofino,1,1,,"check: unusual word, term or non-English",salon-042,"Next we have Aldofino Corino. And this is titled RIMM, R-I-M-M, Oi"
aldo,1,1,also | Aldo | alto,"check: unusual word, term or non-English",salon-019," Street School and, you know, like, and, and Aldo Tambolini's space, that sort of thing. And j"
alderloo,1,1,alder | alders,"check: unusual word, term or non-English",salon-058,"got the feeling of, of, of that film Shannon Alderloo, which obviously, you know, Andalusian dog, "
albury,1,1,Albury | Asbury | asbury,likely misspelling / mishearing,salon-090,"tute of Technology, and I was invited to use Albury Ray Smith's 24-bit paint system, the only fu"
albu's,1,1,albums | album's | alba's,likely misspelling / mishearing,salon-033,t on my video this is a slide from Christina Albu's discussion of invisible entanglements art di
albu,1,1,Abu | album | alba,likely misspelling / mishearing,interview-026,"h brainwave drawings. And to quote Christina Albu, Just as Sobel's video performances involve "
alberto,1,1,Alberto | Albert | Alberta,likely misspelling / mishearing,presentation-004," spaces and we have AS220 that was begun by, Alberto Crenca that has been a tremendous maker spac"
alamy,1,1,Alamo | alma,likely misspelling / mishearing,interview-003,"icture that I got off of, of Shutterstock or Alamy or wherever, because, you know, you'd watch "
ala,1,1,all | alt | la,"check: unusual word, term or non-English",salon-051,ve AI artists use shapes of keinia or presup ala can communicate through shapes of artefacts 
al-zerba,1,1,al-zebra,likely misspelling / mishearing,salon-018,"n't pronounce his name. So Al-Quraymi became Al-Zerba. And you know, and so on and so on. But his "
al-quraymi,1,1,,"check: unusual word, term or non-English",salon-018,"he Europeans couldn't pronounce his name. So Al-Quraymi became Al-Zerba. And you know, and so on and"
al-khwadizati,1,1,,"check: unusual word, term or non-English",interview-016," the fun part about this is, Archimedes and, Al-Khwadizati, who's to me, musingly and strangely enough,"
akselo,1,1,asked | askew,"check: unusual word, term or non-English",salon-046,"bition at Ambika P3 with my other work, with Akselo Scholder, and this is where the brainy eye w"
akisoma,1,1,,"check: unusual word, term or non-English",interview-006,"centers, et cetera, you know, say like, like Akisoma and, and Nimi and things like that, that are"
akg,1,1,aka | arg | aug,"check: unusual word, term or non-English",roundtable-006,"led the Albright-Knox Museum, now called the AKG, and they had an incredible collection of ab"
akers,1,1,Lakers | Akers | lakers,likely misspelling / mishearing,salon-087,"k about Wave-O-Later?  Yeah, sure. I'm Larry Akers. Speaking from Austin, where we're still enj"
akens,1,1,Akers | Akins | amens,likely misspelling / mishearing,salon-057,"abeth Aiken, Santa Gatti. Oh, I know all the Akens. Yeah. So I just want to say thank you again"
ajitha,1,1,,"check: unusual word, term or non-English",salon-088,"o Yes. Good. Good evening, everybody. So I'm Ajitha Purkhai from Future campus school in Junarpu"
ajax,1,1,Ajax | ajar | amax,likely misspelling / mishearing,interview-003, view of all of our wonderful artifacts from Ajax to Coca-Cola. And I sent out this invitation
aix-en-provence,1,1,Aix-en-Provence,likely misspelling / mishearing,salon-088," weeks of my life was when I found myself in Aix-en-provence in between conferences and things, and I cal"
ait,1,1,it | at | hit,likely misspelling / mishearing,salon-032,or instance here again with my friend Marvin Ait back in 2017 and it's actually not intended 
aisthete,1,1,aesthete,likely misspelling / mishearing,salon-021,"re of, it has a veneration of beauty. I'm an Aisthete and the French value beauty, not just in the"
airnow,1,1,air now | air-now,likely misspelling / mishearing,salon-071,"e in purple right now. If anybody's going to airnow.gov to check out the purple, I'm going to ch"
airdock,1,1,airlock | air dock | air-dock,likely misspelling / mishearing,salon-037,n in 1962. And this is the Goodyear Zeppelin AirDock. And so this is the USS Macon. And it was an
aircast,1,1,air cast | airiest | air-cast,likely misspelling / mishearing,salon-054,ly to my pc it is an app called I think it's aircast I think it's not the airplay cast it is a pa
ain's,1,1,Ian's | win's | in's,likely misspelling / mishearing,salon-102,"erative nature has, has come, to fruition in AIN's development.  So I'm just very briefly gonna"
aiken,1,1,Aiken | Aiden | Aileen,likely misspelling / mishearing,salon-057," I think. Oh yeah. Who's your mom? Elizabeth Aiken, Santa Gatti. Oh, I know all the Akens. Yeah"
aidan,1,1,Aidan | Aiden | aid,likely misspelling / mishearing,interview-006,e's another colleague of mine by the name of Aidan Medern at Oxford who has the IDA drawing rob
ahmedabad,1,1,Ahmedabad | Ahmadabad | ahmadabad,likely misspelling / mishearing,salon-088,sha from Jaida School for excellence. Gudavi Ahmedabad. It's a privilege it's such a pleasure and p
agnieska,1,1,,"check: unusual word, term or non-English",salon-102,"a Takaki, and a computational mathematician, Agnieska Midlar. And because we couldn't do the tradi"
agi,1,1,age | ago | ani,"check: unusual word, term or non-English",salon-095,"ifferent applications of AI and then there's AGI and all of these things. And so, you know, I"
aganis,1,1,agains | agonies,likely misspelling / mishearing,salon-037,"ot with a platform that... Spaulder and Carl Aganis introduced me to, and I'd already heard abou"
african-americans,1,1,,"check: unusual word, term or non-English",salon-103,"g images that were fed into it that included African-Americans, Africans, Asians, et cetera. Also, some art"
afrane,1,1,France,likely misspelling / mishearing,salon-106," I would. And I'm talking about artists like Afrane Makoff, who is working on that subject."
aesthetical,1,1,aesthetically,likely misspelling / mishearing,interview-019,"ty. Srimoyee Mitra, Yes, it is having lot of aesthetical value Lord of emotions.  Srimoyee Mitra, And"
aera,1,1,are | area | aers,"check: unusual word, term or non-English",salon-056,project on I'm going to have a little bit of aera of this. A little bit of a story and I'm goi
aegon's,1,1,aeon's | argon's | Aegean's,likely misspelling / mishearing,salon-096,"her those individuals.  But then, looking at Aegon's work with the ocean is. We have 4 billion ye"
aed,1,1,and | add | aer,"check: unusual word, term or non-English",salon-091,d Evans Sutherland PS 300 workstation and an AED 767 frame buffer. And this was the sort of t
adrabida,1,1,,"check: unusual word, term or non-English",salon-077,"Tyson, as some of you know, and so I put the Adrabida. I thought it was a perfect idea for Surfing"
adirondacks,1,1,Adirondacks | Adirondack's,likely misspelling / mishearing,salon-061,. I'm a 40 plus year ago transplant from the Adirondacks in upstate New York. So a lot of my early ph
adhd,1,1,add,likely misspelling / mishearing,salon-027,he house. He had a learning disability.  And ADHD. Not kind of position somebody like that sho
adelphi,1,1,Adelphi | Delphi,likely misspelling / mishearing,salon-104,"ng in modern American art, with degrees from Adelphi University and Case Western Reserve Universi"
ade,1,1,are | add | ada,"check: unusual word, term or non-English",salon-073,One of the groups I followed was. King Sonny Ade and his African beats and like a 20 piece ba
additioned,1,1,additional | addition | additions,likely misspelling / mishearing,interview-002,"'s already been created before or, you know, additioned? Or is it all basically created for the plat"
adalah,1,1,Aladdin,"check: unusual word, term or non-English",salon-093,"Thank you. genetics buena tan adalah Summit Management Toolkit Hoy All right, so "
actionscript,1,1,action script | action-script,likely misspelling / mishearing,salon-058,"ece, I saw you mention that it was done with ActionScript. So was that put together in Flash?  Yeah, i"
acm,1,1,act | ace | cam,"check: unusual word, term or non-English",salon-100,"Gallery. She has also served as chair of the ACM SIGGRAPH Digital Arts Community, and as chai"
acker,1,1,acquire | asker | hacker,"check: unusual word, term or non-English",interview-026,"museum. And then making 40 recipients of the Acker Award. And after I did that, I just kept on "
achive,1,1,active | achieve | archive,likely misspelling / mishearing,salon-066,who witness it. I remember the book. Chiniwa Achive wrote called things fall apart. The African 
acconci,1,1,iconic | oceanic,"check: unusual word, term or non-English",interview-008,"t of work. I mean, people like, I think Vito Acconci died penniless, you know, same with, oh my G"
accenture,1,1,Accenture | assentor | assenter,likely misspelling / mishearing,salon-037,n did screenwriting. And then did design for Accenture and McKenzie.  In their educational group fo
academ,1,1,academy | academe,likely misspelling / mishearing,salon-104," birth, and this is her piece from the Royal Academ… the, Royal College of Art degree show in 19"
abtax,1,1,abate,"check: unusual word, term or non-English",salon-083,"r face pictures, but the heart back to those abtax expressionists and graffiti mark making. And"
abt,1,1,alt | art | act,"check: unusual word, term or non-English",salon-009,n our own if it need be okay what's this one abt your all so this is it's this is yammer we'r
abramovich,1,1,,"check: unusual word, term or non-English",interview-010,"r Johns, people of that. I really love Maria Abramovich and Yoko Ono and their participatory and per"
abinet,1,1,cabinet | ambient | Binet,likely misspelling / mishearing,interview-001,And in abinet like in my midicle. And I would say I would 
abe,1,1,are | Abe | be,"check: unusual word, term or non-English",salon-105,"ow, joined baby castles, and met folks like, Abe, and Phoenix Perry, and everyone was making,"
abdul,1,1,Abdul,likely misspelling / mishearing,salon-088,"Yes, so hello, Abdul! I'm Kedarsha from Jaida School for excellen"
abbax,1,1,abba | Ababa,likely misspelling / mishearing,interview-028,"rry you're making me realize, like you know, Abbax is obviously like such a well known movement"
aan,1,1,can | man | ran,"check: unusual word, term or non-English",salon-102,"hen. And here's a quick clip from that.  So, AAN has gone on to perform at a lot of different"
